#('timer', 'discharge-state', 'gpib-controller', 'wire-detector', 'chamber-pressure', 'discharge-pressure', 'hydrogen-flow', 'Keithley-199_address-26', 'optical-emission-spectroscopy')
#((('unix-time',), ()), (('rf-was-on', 'plasma-was-on'), ()), ((), ()), (('wire-detector-difference_ohms', 'front-wire_ohms', 'back-wire_ohms'), ('wire-detector-combined_plcs', 'front-wire_plcs', 'back-wire_plcs')), (('chamber-pressure_mbar',), ('chamber-pressure_number-measurements',)), (('discharge-pressure_mbar',), ('discharge-pressure_number-measurements',)), (('hydrogen-flow-mln_min', 'flowmeter-temperature_celsius'), ('hydrogen-flow_number-measurements', 'flowmeter-temperature_number-measurements')), (('rf-input_dbm', 'rf-reflected_dbm', 'nozzle-temperature_kelvin', 'discharge-temperature_kelvin'), ('rf-input_plcs', 'rf-output_plcs', 'nozzle-temperature_plcs', 'discharge-temperature_plcs')), (('fulcher_average-exposure_ms', 'spectrum-full_average-exposure_ms', 'spectrum-wo-alpha-beta_average-exposure_ms', 'background_average-exposure_ms', 'wavelength-calibration_average-exposure_ms', 'spectrum-full-intensity_counts-ms', 'gamma-intensity_counts-ms', 'fulcher-maximum-intensity_counts', 'fulcher-band-intensity_counts-ms', 'gamma-intensity_volts', 'degree-of-dissociation', 'calibration-factor'), ('exposure-fulcher_ms', 'exposure-full-spectrum_ms', 'exposure-without-alpha-beta_ms', 'exposure-background-update_ms', 'exposure-wavelength-calibration-update_ms', 'exposure-full-spectrum_duplicate_ms', 'exposure-without-alpha-beta_duplicate_ms')))
#((('Unix Time [s]',), ()), (('RF was switched on (0 = True)', 'Plasma was on (0 = True)'), ()), ((), ()), (('Difference in resistance [Ω]', 'Resistance front wire [Ω]', 'Resistance back wire [Ω]'), ('Combined exposure [#PLCs]', '#PLCs front wire', '#PLCs back wire')), (('Background pressure [mBar]',), ('#Measurements',)), (('Pressure discharge tube [mBar]',), ('#Measurements',)), (('Hydrogen flow [mln/min]', 'Flowmeter ambient temperature [°C]'), ('#Measurements flow', '#Measurements ambient flowmeter temperature')), (('RF power in [dBm]', 'RF power reflected [dBm]', 'Nozzle temperature [K]', 'Discharge tube temperature [K]'), ('#PLCs', '#PLCs', '#PLCs', '#PLCs')), (('Average exposure time Fulcher band [ms]', 'Average exposure time full spectrum [ms]', 'Average exposure time without α and β [ms]', 'Average exposure time for background spectrum [ms]', 'Average exposure time for wavelength calibration [ms]', 'Intensity of the full spectrum [counts/ms]', 'Intensity of the gamma line [counts/ms]', 'Maximum intensity in the fulcher band [counts]', 'Integrated intensity of the fulcher band [counts/ms]', 'PMT intensity of the Balmer-γ line [Volts]', 'Degree of dissociation', 'Calibration between Spectrometer and PMT [Volts/counts/ms]'), ('Exposure for Fulcher band [ms]', 'Exposure for full spectrum [ms]', 'Exposure for spectrum without α and β lines [ms]', 'Exposure used to update the background [ms]', 'Exposure used to update the wavelength calibration [ms]', 'Exposure for full spectrum [ms]', 'Exposure for spectrum without α and β lines [ms]')))
 1.7878527680000E+09;                 NAN; 0.0000000000000E+00;                 NAN;                 NAN;                 NAN; 0.0000000000000E+00; 0.0000000000000E+00; 0.0000000000000E+00; 1.1295333333333E-03; 1.5000000000000E+02; 5.6000000000000E+00; 9.0000000000000E+00; 5.5455369291827E-01;                 NAN; 3.2000000000000E+01; 0.0000000000000E+00;                 NAN;-9.4916717582003E+00;                 NAN;                 NAN; 0.0000000000000E+00; 1.0000000000000E+00; 0.0000000000000E+00; 0.0000000000000E+00; 1.0000000000000E+02; 1.0000000000000E-02; 5.0000000000000E-01;                 NAN;                 NAN; 7.3640921103951E+05; 4.1342906519163E+01; 4.3524207777332E+01; 7.3567104404968E-01;                 NAN;                 NAN;                 NAN; 1.0000000000000E+02; 1.0000000000000E-01; 5.0000000000000E+00; 0.0000000000000E+00; 0.0000000000000E+00; 1.0000000000000E-01; 5.0000000000000E+00
 1.7878527700000E+09; 1.0000000000000E+00; 1.0000000000000E+00; 8.9307860000000E+00; 1.8776586000000E+02; 1.7883507400000E+02; 1.0000000000000E+02; 5.0000000000000E+01; 5.0000000000000E+01; 1.1410000000000E-03; 2.0000000000000E+01; 5.6000000000000E+00; 3.8000000000000E+01; 5.5458988446688E-01; 1.0866992920637E-01; 1.3800000000000E+02; 1.0000000000000E+00;-4.5753595763182E+00;-8.9394229514581E+00; 2.7020300000000E+02; 2.5083900000000E+02; 2.0000000000000E+00; 2.0000000000000E+00; 2.0000000000000E+00; 2.0000000000000E+00; 1.0000000000000E+02; 4.8000000000000E-01; 1.0000000000000E+01;                 NAN;                 NAN;-3.3336348382998E+01;-2.2696324584589E+00; 5.6383632802453E+01; 5.2228072137806E-01; 2.8571428571429E-06;                 NAN;                 NAN; 1.1000000000000E+03; 4.8000000000000E+00; 1.0000000000000E+01; 0.0000000000000E+00; 0.0000000000000E+00; 4.8000000000000E+00; 1.0000000000000E+01
 1.7878527720000E+09; 1.0000000000000E+00; 1.0000000000000E+00; 1.1007015000000E+01; 1.9481480750000E+02; 1.8380779250000E+02; 8.0000000000000E+01; 4.0000000000000E+01; 4.0000000000000E+01; 1.1475000000000E-03; 2.0000000000000E+01; 5.6000000000000E+00; 4.0000000000000E+01; 5.5583409533984E-01; 1.2137556076050E-01; 1.3800000000000E+02; 1.0000000000000E+00;-5.2570855574439E+00;-7.4560221698180E+00; 2.7020000000000E+02; 2.5072350000000E+02; 2.0000000000000E+00; 1.0000000000000E+00; 2.0000000000000E+00; 2.0000000000000E+00; 1.0000000000000E+02; 1.0000000000000E+01; 1.0000000000000E+01;                 NAN;                 NAN;-3.1454494623901E+02;-1.1350792286730E+00; 5.3836739212576E+01; 1.3425089002899E+00; 3.1428571428571E-06;                 NAN;                 NAN; 1.3000000000000E+03; 1.0000000000000E+01; 1.0000000000000E+01; 0.0000000000000E+00; 0.0000000000000E+00; 1.0000000000000E+01; 1.0000000000000E+01
 1.7878527740000E+09; 1.0000000000000E+00; 1.0000000000000E+00; 1.1550605000000E+01; 1.9649998000000E+02; 1.8494937500000E+02; 8.0000000000000E+01; 4.0000000000000E+01; 4.0000000000000E+01; 1.1500000000000E-03; 2.1000000000000E+01; 5.6000000000000E+00; 3.9000000000000E+01; 5.5629149626563E-01; 9.2312380671501E-02; 1.3800000000000E+02; 1.0000000000000E+00;-5.1155549911096E+00;-7.2570832420240E+00; 2.7020200000000E+02; 2.5060650000000E+02; 2.0000000000000E+00; 2.0000000000000E+00; 2.0000000000000E+00; 2.0000000000000E+00; 1.0000000000000E+02; 1.0000000000000E+01; 1.0000000000000E+01;                 NAN;                 NAN;-7.6232866342937E+01;-2.2648194076376E+00; 6.6717831860559E+01; 2.0143910049062E+00; 4.0000000000000E-06;                 NAN;                 NAN; 1.3000000000000E+03; 1.0000000000000E+01; 1.0000000000000E+01; 0.0000000000000E+00; 0.0000000000000E+00; 1.0000000000000E+01; 1.0000000000000E+01
 1.7878527760000E+09; 1.0000000000000E+00; 1.0000000000000E+00; 1.1720172500000E+01; 1.9698363250000E+02; 1.8526346000000E+02; 9.0000000000000E+01; 4.0000000000000E+01; 5.0000000000000E+01; 1.1510000000000E-03; 2.0000000000000E+01; 5.6000000000000E+00; 4.0000000000000E+01; 5.5677422990402E-01; 5.7061221450567E-02; 1.3800000000000E+02; 1.0000000000000E+00;-5.0263254177027E+00;-8.3133617259817E+00; 2.7019950000000E+02; 2.5047750000000E+02; 1.0000000000000E+00; 2.0000000000000E+00; 2.0000000000000E+00; 2.0000000000000E+00; 1.0000000000000E+02; 1.0000000000000E+01; 1.0000000000000E+01;                 NAN;                 NAN; 2.1039079298065E+02; 3.2201651891992E+00; 5.1916687626849E+01; 6.3301126680161E-01; 3.1428571428571E-06;                 NAN;                 NAN; 1.4000000000000E+03; 1.0000000000000E+01; 1.0000000000000E+01; 0.0000000000000E+00; 0.0000000000000E+00; 1.0000000000000E+01; 1.0000000000000E+01
 1.7878527780000E+09; 1.0000000000000E+00; 1.0000000000000E+00; 1.1777500000000E+01; 1.9711403000000E+02; 1.8533653000000E+02; 9.0000000000000E+01; 5.0000000000000E+01; 4.0000000000000E+01; 1.1550000000000E-03; 2.0000000000000E+01; 5.6000000000000E+00; 3.9000000000000E+01; 5.5608167328423E-01; 2.9722556471825E-02; 1.3900000000000E+02; 1.0000000000000E+00;-3.6294356707265E+00;-9.4898302885755E+00; 2.7019900000000E+02; 2.5035900000000E+02; 2.0000000000000E+00; 2.0000000000000E+00; 2.0000000000000E+00; 2.0000000000000E+00; 1.0000000000000E+02; 1.0000000000000E+01; 1.0000000000000E+01;                 NAN;                 NAN; 5.9104165902958E+02; 1.7401227939956E+00; 6.2083338798137E+01; 1.4749314666280E+00; 3.0000000000000E-06;                 NAN;                 NAN; 1.3000000000000E+03; 1.0000000000000E+01; 1.0000000000000E+01; 0.0000000000000E+00; 0.0000000000000E+00; 1.0000000000000E+01; 1.0000000000000E+01
 1.7878527800000E+09; 1.0000000000000E+00; 1.0000000000000E+00; 1.1792296500000E+01; 1.9714367250000E+02; 1.8535137600000E+02; 9.0000000000000E+01; 4.0000000000000E+01; 5.0000000000000E+01; 1.1600000000000E-03; 2.1000000000000E+01; 5.6000000000000E+00; 4.0000000000000E+01; 5.5471305595360E-01; 6.8397387862206E-02; 1.3800000000000E+02; 1.0000000000000E+00;-5.2767145960601E+00;-8.2070742930032E+00; 2.7019850000000E+02; 2.5026900000000E+02; 2.0000000000000E+00; 2.0000000000000E+00; 2.0000000000000E+00; 1.0000000000000E+00; 1.0000000000000E+02; 1.0000000000000E+01; 1.0000000000000E+01;                 NAN;                 NAN;-2.0508330828893E+02;-4.5303364254399E-01; 6.3253115143651E+01; 2.0847537781107E+00; 4.0000000000000E-06;                 NAN;                 NAN; 1.3000000000000E+03; 1.0000000000000E+01; 1.0000000000000E+01; 0.0000000000000E+00; 0.0000000000000E+00; 1.0000000000000E+01; 1.0000000000000E+01
 1.7878527820000E+09; 1.0000000000000E+00; 1.0000000000000E+00; 1.1794570000000E+01; 1.9714732750000E+02; 1.8535275750000E+02; 8.0000000000000E+01; 4.0000000000000E+01; 4.0000000000000E+01; 1.1600000000000E-03; 2.0000000000000E+01; 5.6000000000000E+00; 3.9000000000000E+01; 5.5583748498838E-01; 9.0232811868191E-02; 1.3900000000000E+02; 1.0000000000000E+00;-5.3825898688094E+00;-6.6190065851788E+00; 2.7019800000000E+02; 2.5019600000000E+02; 2.0000000000000E+00; 2.0000000000000E+00; 2.0000000000000E+00; 2.0000000000000E+00; 1.0000000000000E+02; 1.0000000000000E+01; 1.0000000000000E+01; 1.0000000000000E+01;                 NAN;-2.8725962625406E+02;-5.8616699860275E+00; 7.0397280732514E+01;-2.7395297950918E+00; 4.4285714285714E-06;                 NAN;                 NAN; 1.3000000000000E+03; 1.0000000000000E+01; 1.0000000000000E+01; 1.0000000000000E+01; 0.0000000000000E+00; 1.0000000000000E+01; 1.0000000000000E+01
 1.7878527840000E+09; 1.0000000000000E+00; 1.0000000000000E+00; 1.1793923500000E+01; 1.9714585600000E+02; 1.8535193250000E+02; 9.0000000000000E+01; 5.0000000000000E+01; 4.0000000000000E+01; 1.1640000000000E-03; 2.0000000000000E+01; 5.6000000000000E+00; 4.0000000000000E+01; 5.5522491974675E-01; 7.3570936918259E-02; 1.3800000000000E+02; 1.0000000000000E+00;-5.3881281602657E+00;-8.1936074471949E+00; 2.7019800000000E+02; 2.5010350000000E+02; 2.0000000000000E+00; 2.0000000000000E+00; 1.0000000000000E+00; 2.0000000000000E+00; 1.0000000000000E+02; 1.0000000000000E+01; 1.0000000000000E+01; 1.0000000000000E+01;                 NAN; 7.8042317566215E+01; 1.2820191976539E-01; 6.6080702011306E+01;-4.2376294789077E+00; 4.4285714285714E-06;                 NAN;                 NAN; 1.4000000000000E+03; 1.0000000000000E+01; 1.0000000000000E+01; 1.0000000000000E+01; 0.0000000000000E+00; 1.0000000000000E+01; 1.0000000000000E+01
 1.7878527860000E+09; 1.0000000000000E+00; 1.0000000000000E+00; 1.1791532000000E+01; 1.9714235000000E+02; 1.8535081800000E+02; 9.0000000000000E+01; 4.0000000000000E+01; 5.0000000000000E+01; 1.1700000000000E-03; 2.0000000000000E+01; 5.6000000000000E+00; 3.9000000000000E+01; 5.5567714629413E-01; 1.2119803577662E-01; 1.3900000000000E+02; 1.0000000000000E+00;-2.8650153029907E+00;-9.4846954319152E+00; 2.7019900000000E+02; 2.5001650000000E+02; 2.0000000000000E+00; 2.0000000000000E+00; 2.0000000000000E+00; 2.0000000000000E+00; 1.0000000000000E+02; 1.0000000000000E+01; 1.0000000000000E+01; 1.0000000000000E+01;                 NAN; 1.9957126734324E+01; 8.2332400533436E-01; 5.5217911888622E+01;-6.5630070285189E+00; 4.4285714285714E-06;                 NAN;                 NAN; 1.3000000000000E+03; 1.0000000000000E+01; 1.0000000000000E+01; 1.0000000000000E+01; 0.0000000000000E+00; 1.0000000000000E+01; 1.0000000000000E+01
 1.7878527880000E+09; 1.0000000000000E+00; 1.0000000000000E+00; 1.1789782500000E+01; 1.9713851500000E+02; 1.8534873250000E+02; 8.0000000000000E+01; 4.0000000000000E+01; 4.0000000000000E+01; 1.1700000000000E-03; 2.1000000000000E+01; 5.6000000000000E+00; 4.0000000000000E+01; 5.5652765485256E-01; 1.4483405649662E-01; 1.3800000000000E+02; 1.0000000000000E+00;-5.3830630720685E+00;-9.3595032736768E+00; 2.7019500000000E+02; 2.4993100000000E+02; 2.0000000000000E+00; 2.0000000000000E+00; 2.0000000000000E+00; 2.0000000000000E+00; 1.0000000000000E+02; 1.0000000000000E+01; 1.0000000000000E+01; 1.0000000000000E+01;                 NAN; 1.7695491133993E+02;-1.0347393812101E+00; 6.0340378964028E+01;-4.0480902783029E+00; 4.1666666666667E-06;                 NAN;                 NAN; 1.3000000000000E+03; 1.0000000000000E+01; 1.0000000000000E+01; 1.0000000000000E+01; 0.0000000000000E+00; 1.0000000000000E+01; 1.0000000000000E+01
 1.7878527900000E+09; 1.0000000000000E+00; 1.0000000000000E+00; 1.1786760000000E+01; 1.9713242500000E+02; 1.8534566500000E+02; 8.0000000000000E+01; 4.0000000000000E+01; 4.0000000000000E+01; 1.1785000000000E-03; 2.0000000000000E+01; 5.6000000000000E+00; 3.9000000000000E+01; 5.5594315712401E-01; 1.6915482282639E-01; 1.3900000000000E+02; 1.0000000000000E+00;-5.2326649691407E+00;-9.4427508329060E+00; 2.7019600000000E+02; 2.4984050000000E+02; 2.0000000000000E+00; 2.0000000000000E+00; 2.0000000000000E+00; 2.0000000000000E+00; 1.0000000000000E+02; 1.0000000000000E+01; 1.0000000000000E+01; 1.0000000000000E+01;                 NAN;-2.1790568094206E+02;-5.2528725952674E+00; 6.8861187751995E+01;-9.9953931051074E-01; 4.0000000000000E-06;                 NAN;                 NAN; 1.3000000000000E+03; 1.0000000000000E+01; 1.0000000000000E+01; 1.0000000000000E+01; 0.0000000000000E+00; 1.0000000000000E+01; 1.0000000000000E+01
 1.7878527920000E+09; 1.0000000000000E+00; 1.0000000000000E+00; 1.1773229500000E+01; 1.9711632750000E+02; 1.8534309800000E+02; 9.0000000000000E+01; 4.0000000000000E+01; 5.0000000000000E+01; 1.1800000000000E-03; 2.0000000000000E+01; 5.6000000000000E+00; 4.0000000000000E+01; 5.5487276891153E-01; 1.3063216209412E-01; 1.3900000000000E+02; 1.0000000000000E+00;-3.8733714562633E+00;-9.4864252191117E+00; 2.7019600000000E+02; 2.4974250000000E+02; 2.0000000000000E+00; 1.0000000000000E+00; 2.0000000000000E+00; 2.0000000000000E+00; 1.0000000000000E+02; 1.0000000000000E+01; 1.0000000000000E+01; 1.0000000000000E+01;                 NAN; 3.1809248428326E+02;-4.1637490790939E+00; 5.2596030970969E+01;-4.4573093589024E+00; 4.0000000000000E-06;                 NAN;                 NAN; 1.4000000000000E+03; 1.0000000000000E+01; 1.0000000000000E+01; 1.0000000000000E+01; 0.0000000000000E+00; 1.0000000000000E+01; 1.0000000000000E+01
 1.7878527940000E+09; 1.0000000000000E+00; 1.0000000000000E+00; 1.1760805500000E+01; 1.9710187800000E+02; 1.8534107250000E+02; 9.0000000000000E+01; 5.0000000000000E+01; 4.0000000000000E+01; 1.1828571428571E-03; 2.1000000000000E+01; 5.6000000000000E+00; 3.9000000000000E+01; 5.5542628698212E-01; 9.1754443943501E-02; 1.3900000000000E+02; 1.0000000000000E+00;-5.1801226899508E+00;-9.2241562270700E+00; 2.7019450000000E+02; 2.4966000000000E+02; 2.0000000000000E+00; 2.0000000000000E+00; 2.0000000000000E+00; 2.0000000000000E+00; 1.0000000000000E+02; 1.0000000000000E+01; 1.0000000000000E+01; 1.0000000000000E+01;                 NAN; 1.2649592895064E+02;-2.4640059505642E+00; 5.2872106931142E+01;-3.6311249682457E+00; 4.0000000000000E-06;                 NAN;                 NAN; 1.3000000000000E+03; 1.0000000000000E+01; 1.0000000000000E+01; 1.0000000000000E+01; 0.0000000000000E+00; 1.0000000000000E+01; 1.0000000000000E+01
 1.7878527960000E+09; 1.0000000000000E+00; 1.0000000000000E+00; 1.1754642500000E+01; 1.9709303000000E+02; 1.8533838750000E+02; 8.0000000000000E+01; 4.0000000000000E+01; 4.0000000000000E+01; 1.1900000000000E-03; 2.0000000000000E+01; 5.6000000000000E+00; 4.0000000000000E+01; 5.5520827775808E-01; 1.6027863323689E-01; 1.3900000000000E+02; 1.0000000000000E+00;-2.0385401307120E+00;-9.4485456737697E+00; 2.7019550000000E+02; 2.4958950000000E+02; 1.0000000000000E+00; 2.0000000000000E+00; 2.0000000000000E+00; 2.0000000000000E+00; 1.0000000000000E+02; 1.0000000000000E+01; 1.0000000000000E+01; 1.0000000000000E+01;                 NAN;-4.5473044304011E+02; 9.4923724448203E-01; 5.2590346889840E+01;-3.5171191199011E+00; 4.0000000000000E-06;                 NAN;                 NAN; 1.3000000000000E+03; 1.0000000000000E+01; 1.0000000000000E+01; 1.0000000000000E+01; 0.0000000000000E+00; 1.0000000000000E+01; 1.0000000000000E+01
 1.7878527980000E+09; 1.0000000000000E+00; 1.0000000000000E+00; 1.1752337000000E+01; 1.9708701500000E+02; 1.8533467800000E+02; 9.0000000000000E+01; 4.0000000000000E+01; 5.0000000000000E+01; 1.1905000000000E-03; 2.0000000000000E+01; 5.6000000000000E+00; 4.0000000000000E+01; 5.5633434164867E-01; 1.2558540701866E-01; 1.3900000000000E+02; 1.0000000000000E+00;-2.5858863014502E+00;-9.3032626033671E+00; 2.7019300000000E+02; 2.4952000000000E+02; 2.0000000000000E+00; 2.0000000000000E+00; 2.0000000000000E+00; 2.0000000000000E+00; 1.0000000000000E+02; 1.0000000000000E+01; 1.0000000000000E+01; 1.0000000000000E+01;                 NAN; 8.1673558867019E+01; 3.4051983404269E+00; 5.3872620815299E+01;-1.5041070448543E+00; 3.2857142857143E-06;                 NAN;                 NAN; 1.3000000000000E+03; 1.0000000000000E+01; 1.0000000000000E+01; 1.0000000000000E+01; 0.0000000000000E+00; 1.0000000000000E+01; 1.0000000000000E+01
 1.7878528000000E+09; 1.0000000000000E+00; 1.0000000000000E+00; 1.1750287500000E+01; 1.9708253500000E+02; 1.8533224750000E+02; 8.0000000000000E+01; 4.0000000000000E+01; 4.0000000000000E+01; 1.1970000000000E-03; 2.0000000000000E+01; 5.6000000000000E+00; 3.9000000000000E+01; 5.5473615033471E-01; 1.3273708522320E-01; 1.3800000000000E+02; 1.0000000000000E+00;-5.1812230038528E+00;-9.2199180451251E+00; 2.7019350000000E+02; 2.4944700000000E+02; 2.0000000000000E+00; 2.0000000000000E+00; 2.0000000000000E+00; 2.0000000000000E+00; 1.0000000000000E+02; 1.0000000000000E+01; 1.0000000000000E+01; 1.0000000000000E+01;                 NAN; 1.0947974690137E+02; 4.9435468046217E+00; 5.5512862742687E+01;-1.1273429752292E+00; 3.0000000000000E-06;                 NAN;                 NAN; 1.4000000000000E+03; 1.0000000000000E+01; 1.0000000000000E+01; 1.0000000000000E+01; 0.0000000000000E+00; 1.0000000000000E+01; 1.0000000000000E+01
 1.7878528020000E+09; 1.0000000000000E+00; 1.0000000000000E+00; 1.1748928500000E+01; 1.9707805600000E+02; 1.8532912750000E+02; 9.0000000000000E+01; 5.0000000000000E+01; 4.0000000000000E+01; 1.2000000000000E-03; 2.1000000000000E+01; 5.6000000000000E+00; 3.9000000000000E+01; 5.5962536151827E-01; 1.5279726684093E-01; 1.3700000000000E+02; 1.0000000000000E+00;-4.5672155934643E+00;-9.4696633963450E+00; 2.7019250000000E+02; 2.4939300000000E+02; 2.0000000000000E+00; 2.0000000000000E+00; 2.0000000000000E+00; 1.0000000000000E+00; 1.0000000000000E+02; 1.0000000000000E+01; 1.0000000000000E+01; 1.0000000000000E+01;                 NAN; 1.9758492908855E+02; 4.3477583586193E-01; 5.2643153143109E+01;-3.4901524175208E+00; 2.8571428571429E-06;                 NAN;                 NAN; 1.3000000000000E+03; 1.0000000000000E+01; 1.0000000000000E+01; 1.0000000000000E+01; 0.0000000000000E+00; 1.0000000000000E+01; 1.0000000000000E+01
 1.7878528040000E+09; 1.0000000000000E+00; 1.0000000000000E+00; 1.1746840000000E+01; 1.9707400750000E+02; 1.8532716750000E+02; 8.0000000000000E+01; 4.0000000000000E+01; 4.0000000000000E+01; 1.2005000000000E-03; 2.0000000000000E+01; 5.6000000000000E+00; 3.9000000000000E+01; 5.5550713088015E-01; 3.2867770195007E+00; 1.3900000000000E+02; 1.0000000000000E+00;-4.9615111510367E+00;-9.4327484509402E+00; 2.7019200000000E+02; 2.4933500000000E+02; 2.0000000000000E+00; 2.0000000000000E+00; 2.0000000000000E+00; 2.0000000000000E+00; 1.0000000000000E+02; 1.0000000000000E+01; 1.0000000000000E+01; 1.0000000000000E+01;                 NAN; 5.2271527055920E+01;-3.2155433829657E+00; 6.6058919820375E+01; 2.4805662518302E+00; 2.0000000000000E-06;                 NAN;                 NAN; 1.3000000000000E+03; 1.0000000000000E+01; 1.0000000000000E+01; 1.0000000000000E+01; 0.0000000000000E+00; 1.0000000000000E+01; 1.0000000000000E+01
 1.7878528060000E+09; 1.0000000000000E+00; 1.0000000000000E+00; 1.1744713500000E+01; 1.9707068750000E+02; 1.8532597400000E+02; 9.0000000000000E+01; 4.0000000000000E+01; 5.0000000000000E+01; 1.2075000000000E-03; 2.0000000000000E+01; 5.6000000000000E+00; 4.0000000000000E+01; 5.5630384787701E-01; 1.3190019130707E-01; 1.3800000000000E+02; 1.0000000000000E+00;-4.1523932615902E+00;-9.4762990262533E+00; 2.7019300000000E+02; 2.4924200000000E+02; 2.0000000000000E+00; 2.0000000000000E+00; 1.0000000000000E+00; 2.0000000000000E+00; 1.0000000000000E+02; 1.0000000000000E+01; 1.0000000000000E+01; 1.0000000000000E+01;                 NAN; 1.3713846368704E+01; 6.7221607266527E+00; 5.6368204130870E+01; 2.7959709465288E-01; 2.1250000000000E-06;                 NAN;                 NAN; 1.3000000000000E+03; 1.0000000000000E+01; 1.0000000000000E+01; 1.0000000000000E+01; 0.0000000000000E+00; 1.0000000000000E+01; 1.0000000000000E+01
 1.7878528080000E+09; 1.0000000000000E+00; 1.0000000000000E+00; 1.1742060000000E+01; 1.9706698250000E+02; 1.8532492250000E+02; 8.0000000000000E+01; 4.0000000000000E+01; 4.0000000000000E+01; 1.2100000000000E-03; 2.0000000000000E+01; 5.6000000000000E+00; 4.0000000000000E+01; 5.5595846325802E-01; 6.2361575663090E-02; 1.3900000000000E+02; 1.0000000000000E+00;-5.0320630109752E+00;-9.4379889845795E+00; 2.7019250000000E+02; 2.4914450000000E+02; 2.0000000000000E+00; 1.0000000000000E+00; 2.0000000000000E+00; 2.0000000000000E+00; 1.0000000000000E+02; 1.0000000000000E+01; 1.0000000000000E+01; 1.0000000000000E+01;                 NAN;-6.7662450497729E+01;-1.9512736945823E+00; 6.2707230557829E+01;-1.1125319849376E+00; 2.0000000000000E-06;                 NAN;                 NAN; 1.3000000000000E+03; 1.0000000000000E+01; 1.0000000000000E+01; 1.0000000000000E+01; 0.0000000000000E+00; 1.0000000000000E+01; 1.0000000000000E+01
 1.7878528100000E+09; 1.0000000000000E+00; 1.0000000000000E+00; 1.1743694000000E+01; 1.9706366400000E+02; 1.8531997000000E+02; 9.0000000000000E+01; 5.0000000000000E+01; 4.0000000000000E+01; 1.2104761904762E-03; 2.1000000000000E+01; 5.6000000000000E+00; 3.9000000000000E+01; 5.5707131508036E-01; 1.6631443798542E-01; 1.3800000000000E+02; 1.0000000000000E+00;-4.8282241105411E+00;-9.4464332054490E+00; 2.7019150000000E+02; 2.4907300000000E+02; 2.0000000000000E+00; 2.0000000000000E+00; 2.0000000000000E+00; 2.0000000000000E+00; 1.0000000000000E+02; 1.0000000000000E+01; 1.0000000000000E+01; 1.0000000000000E+01;                 NAN; 3.5260260411973E+00;-2.2487190003840E+00; 4.7225151289378E+01;-2.7717751301581E+00; 2.0000000000000E-06;                 NAN;                 NAN; 1.4000000000000E+03; 1.0000000000000E+01; 1.0000000000000E+01; 1.0000000000000E+01; 0.0000000000000E+00; 1.0000000000000E+01; 1.0000000000000E+01
 1.7878528120000E+09; 1.0000000000000E+00; 1.0000000000000E+00; 1.1742135500000E+01; 1.9706073750000E+02; 1.8531860200000E+02; 9.0000000000000E+01; 4.0000000000000E+01; 5.0000000000000E+01; 1.2145000000000E-03; 2.0000000000000E+01; 5.6000000000000E+00; 4.0000000000000E+01; 5.5610469463489E-01; 1.0050383210182E-01; 1.3900000000000E+02; 1.0000000000000E+00;-5.3825341695985E+00;-9.4436528340787E+00; 2.7019300000000E+02; 2.4900550000000E+02; 1.0000000000000E+00; 2.0000000000000E+00; 2.0000000000000E+00; 2.0000000000000E+00; 1.0000000000000E+02; 1.0000000000000E+01; 1.0000000000000E+01; 1.0000000000000E+01;                 NAN;-2.4228363243385E+01;-2.6428706113053E+00; 7.3293784184776E+01;-1.4338618722597E+00; 2.7142857142857E-06;                 NAN;                 NAN; 1.3000000000000E+03; 1.0000000000000E+01; 1.0000000000000E+01; 1.0000000000000E+01; 0.0000000000000E+00; 1.0000000000000E+01; 1.0000000000000E+01
 1.7878528140000E+09; 1.0000000000000E+00; 1.0000000000000E+00; 1.1740030000000E+01; 1.9705773000000E+02; 1.8531770000000E+02; 8.0000000000000E+01; 4.0000000000000E+01; 4.0000000000000E+01; 1.2200000000000E-03; 2.0000000000000E+01; 5.6000000000000E+00; 3.9000000000000E+01; 5.5553995324982E-01; 9.2287018895149E-02; 1.3900000000000E+02; 1.0000000000000E+00;-5.1455502163463E+00;-6.9936680975516E+00; 2.7018900000000E+02; 2.4894450000000E+02; 2.0000000000000E+00; 2.0000000000000E+00; 2.0000000000000E+00; 2.0000000000000E+00; 1.0000000000000E+02; 1.0000000000000E+01; 1.0000000000000E+01; 1.0000000000000E+01;                 NAN; 1.1267899281092E+02;-4.6367802822274E+00; 5.4738295667665E+01;-3.5706322508979E+00; 3.1428571428571E-06;                 NAN;                 NAN; 1.3000000000000E+03; 1.0000000000000E+01; 1.0000000000000E+01; 1.0000000000000E+01; 0.0000000000000E+00; 1.0000000000000E+01; 1.0000000000000E+01
 1.7878528160000E+09; 1.0000000000000E+00; 1.0000000000000E+00; 1.1740349500000E+01; 1.9705508200000E+02; 1.8531473250000E+02; 9.0000000000000E+01; 5.0000000000000E+01; 4.0000000000000E+01; 1.2204761904762E-03; 2.1000000000000E+01; 5.6000000000000E+00; 4.0000000000000E+01; 5.5524053964494E-01; 4.3620135635138E-02; 1.3800000000000E+02; 1.0000000000000E+00;-3.9664349522961E+00;-9.4052769221957E+00; 2.7018950000000E+02; 2.4889100000000E+02; 2.0000000000000E+00; 2.0000000000000E+00; 2.0000000000000E+00; 1.0000000000000E+00; 1.0000000000000E+02; 1.0000000000000E+01; 1.0000000000000E+01; 1.0000000000000E+01;                 NAN; 2.6010504674183E+02;-1.1948165534507E+00; 5.9351192423634E+01;-3.2971649275954E+00; 3.2857142857143E-06;                 NAN;                 NAN; 1.4000000000000E+03; 1.0000000000000E+01; 1.0000000000000E+01; 1.0000000000000E+01; 0.0000000000000E+00; 1.0000000000000E+01; 1.0000000000000E+01
 1.7878528180000E+09; 1.0000000000000E+00; 1.0000000000000E+00; 1.1738723000000E+01; 1.9705179500000E+02; 1.8531307200000E+02; 9.0000000000000E+01; 4.0000000000000E+01; 5.0000000000000E+01; 1.2235000000000E-03; 2.0000000000000E+01; 5.6000000000000E+00; 3.9000000000000E+01; 5.5592945518682E-01; 1.2647302448750E-01; 1.3900000000000E+02; 1.0000000000000E+00;-5.1850268578767E+00;-8.0949447146514E+00; 2.7019100000000E+02; 2.4884100000000E+02; 2.0000000000000E+00; 2.0000000000000E+00; 2.0000000000000E+00; 2.0000000000000E+00; 1.0000000000000E+02; 1.0000000000000E+01; 1.0000000000000E+01; 1.0000000000000E+01;                 NAN; 7.5011946083958E+01;-3.4379378817718E+00; 5.4772369321887E+01;-2.8842970983918E+00; 3.0000000000000E-06;                 NAN;                 NAN; 1.3000000000000E+03; 1.0000000000000E+01; 1.0000000000000E+01; 1.0000000000000E+01; 0.0000000000000E+00; 1.0000000000000E+01; 1.0000000000000E+01
 1.7878528200000E+09; 1.0000000000000E+00; 1.0000000000000E+00; 1.1737357500000E+01; 1.9704907250000E+02; 1.8531171500000E+02; 8.0000000000000E+01; 4.0000000000000E+01; 4.0000000000000E+01; 1.2295000000000E-03; 2.0000000000000E+01; 5.6000000000000E+00; 4.0000000000000E+01; 5.5598903481480E-01; 6.6571429371834E-02; 1.3900000000000E+02; 1.0000000000000E+00;-5.3324958145662E+00;-6.6783335885396E+00; 2.7019100000000E+02; 2.4878650000000E+02; 2.0000000000000E+00; 2.0000000000000E+00; 1.0000000000000E+00; 2.0000000000000E+00; 1.0000000000000E+02; 1.0000000000000E+01; 1.0000000000000E+01; 1.0000000000000E+01;                 NAN; 9.1369283940286E+00; 1.9083001618819E+00; 7.4198581092270E+01; 7.0452051798869E-01; 3.4285714285714E-06;                 NAN;                 NAN; 1.3000000000000E+03; 1.0000000000000E+01; 1.0000000000000E+01; 1.0000000000000E+01; 0.0000000000000E+00; 1.0000000000000E+01; 1.0000000000000E+01
 1.7878528220000E+09; 1.0000000000000E+00; 1.0000000000000E+00; 1.1736902500000E+01; 1.9704619500000E+02; 1.8530929250000E+02; 8.0000000000000E+01; 4.0000000000000E+01; 4.0000000000000E+01; 1.2300000000000E-03; 2.0000000000000E+01; 5.6000000000000E+00; 3.9000000000000E+01; 5.5668826670955E-01; 1.6469137370586E-01; 1.3900000000000E+02; 1.0000000000000E+00;-5.3077121771237E+00;-8.2044901527604E+00; 2.7018950000000E+02; 2.4872950000000E+02; 2.0000000000000E+00; 2.0000000000000E+00; 2.0000000000000E+00; 2.0000000000000E+00; 1.0000000000000E+02; 1.0000000000000E+01; 1.0000000000000E+01; 1.0000000000000E+01;                 NAN;-1.0055968688954E+00;-4.5168467910099E+00; 6.0045867416466E+01;-3.2671284873097E-01; 3.0000000000000E-06;                 NAN;                 NAN; 1.3000000000000E+03; 1.0000000000000E+01; 1.0000000000000E+01; 1.0000000000000E+01; 0.0000000000000E+00; 1.0000000000000E+01; 1.0000000000000E+01
 1.7878528240000E+09; 1.0000000000000E+00; 1.0000000000000E+00; 1.1736766500000E+01; 1.9704311250000E+02; 1.8530634600000E+02; 9.0000000000000E+01; 4.0000000000000E+01; 5.0000000000000E+01; 1.2309523809524E-03; 2.1000000000000E+01; 5.6000000000000E+00; 4.0000000000000E+01; 5.5496586429987E-01; 8.7012022733688E-02; 1.3900000000000E+02; 1.0000000000000E+00;-5.3841760292925E+00;-9.4445385777086E+00; 2.7018750000000E+02; 2.4866300000000E+02; 2.0000000000000E+00; 2.0000000000000E+00; 2.0000000000000E+00; 2.0000000000000E+00; 1.0000000000000E+02; 1.0000000000000E+01; 1.0000000000000E+01; 1.0000000000000E+01;                 NAN;-1.2747925838249E+02;-1.3377489768588E+00; 6.5846841019232E+01;-3.3668436609699E+00; 3.1428571428571E-06;                 NAN;                 NAN; 1.4000000000000E+03; 1.0000000000000E+01; 1.0000000000000E+01; 1.0000000000000E+01; 0.0000000000000E+00; 1.0000000000000E+01; 1.0000000000000E+01
 1.7878528260000E+09; 1.0000000000000E+00; 1.0000000000000E+00; 1.1734240500000E+01; 1.9703973800000E+02; 1.8530549750000E+02; 9.0000000000000E+01; 5.0000000000000E+01; 4.0000000000000E+01; 1.2370000000000E-03; 2.0000000000000E+01; 5.6000000000000E+00; 3.9000000000000E+01; 5.5540346095888E-01; 8.7265625596046E-02; 1.3900000000000E+02; 1.0000000000000E+00;-3.8046180698587E+00;-9.4555883224000E+00; 2.7018900000000E+02; 2.4861000000000E+02; 2.0000000000000E+00; 1.0000000000000E+00; 2.0000000000000E+00; 2.0000000000000E+00; 1.0000000000000E+02; 1.0000000000000E+01; 1.0000000000000E+01; 1.0000000000000E+01;                 NAN;-2.8101083289786E+02; 1.4860177092216E+00; 6.6825861872788E+01;-2.3832121838461E+00; 4.1428571428571E-06;                 NAN;                 NAN; 1.3000000000000E+03; 1.0000000000000E+01; 1.0000000000000E+01; 1.0000000000000E+01; 0.0000000000000E+00; 1.0000000000000E+01; 1.0000000000000E+01
 1.7878528280000E+09; 1.0000000000000E+00; 1.0000000000000E+00; 1.1731810000000E+01; 1.9703746250000E+02; 1.8530565250000E+02; 8.0000000000000E+01; 4.0000000000000E+01; 4.0000000000000E+01; 1.2400000000000E-03; 2.0000000000000E+01; 5.6000000000000E+00; 3.9000000000000E+01; 5.5504003626459E-01; 1.1320946365595E-01; 1.3600000000000E+02; 1.0000000000000E+00;-5.0355502478967E+00;-9.1657361293839E+00; 2.7019150000000E+02; 2.4856000000000E+02; 2.0000000000000E+00; 2.0000000000000E+00; 2.0000000000000E+00; 2.0000000000000E+00; 1.0000000000000E+02; 1.0000000000000E+01; 1.0000000000000E+01; 1.0000000000000E+01;                 NAN; 1.9097090725335E+02;-1.9918485709214E-02; 5.9803634405361E+01;-4.9003162453587E+00; 4.0000000000000E-06;                 NAN;                 NAN; 1.3000000000000E+03; 1.0000000000000E+01; 1.0000000000000E+01; 1.0000000000000E+01; 0.0000000000000E+00; 1.0000000000000E+01; 1.0000000000000E+01
 1.7878528300000E+09; 1.0000000000000E+00; 1.0000000000000E+00; 1.1731514500000E+01; 1.9703313250000E+02; 1.8530161800000E+02; 9.0000000000000E+01; 4.0000000000000E+01; 5.0000000000000E+01; 1.2428571428571E-03; 2.1000000000000E+01; 5.6000000000000E+00; 4.0000000000000E+01; 5.5498126744795E-01; 9.0435698628426E-02; 1.3900000000000E+02; 1.0000000000000E+00;-4.6677897286756E+00;-9.2916991776936E+00; 2.7018800000000E+02; 2.4851100000000E+02; 1.0000000000000E+00; 2.0000000000000E+00; 2.0000000000000E+00; 2.0000000000000E+00; 1.0000000000000E+02; 1.0000000000000E+01; 1.0000000000000E+01; 1.0000000000000E+01;                 NAN; 2.3270572650054E+01; 2.1288746547239E+00; 6.3453088162765E+01;-2.0149684764514E+00; 3.6250000000000E-06;                 NAN;                 NAN; 1.3000000000000E+03; 1.0000000000000E+01; 1.0000000000000E+01; 1.0000000000000E+01; 0.0000000000000E+00; 1.0000000000000E+01; 1.0000000000000E+01
 1.7878528320000E+09; 1.0000000000000E+00; 1.0000000000000E+00; 1.1730995000000E+01; 1.9702896000000E+02; 1.8529796500000E+02; 8.0000000000000E+01; 4.0000000000000E+01; 4.0000000000000E+01; 1.2495000000000E-03; 2.0000000000000E+01; 5.6000000000000E+00; 3.9000000000000E+01; 5.5509347110123E-01; 8.8914066553116E-02; 1.3800000000000E+02; 1.0000000000000E+00;-3.6805738517320E+00;-9.4497667037580E+00; 2.7018850000000E+02; 2.4847400000000E+02; 2.0000000000000E+00; 2.0000000000000E+00; 2.0000000000000E+00; 1.0000000000000E+00; 1.0000000000000E+02; 1.0000000000000E+01; 1.0000000000000E+01; 1.0000000000000E+01;                 NAN;-2.6338314414671E+01;-6.9352736376283E-01; 5.8008665578920E+01;-1.3788575036761E+00; 3.0000000000000E-06;                 NAN;                 NAN; 1.3000000000000E+03; 1.0000000000000E+01; 1.0000000000000E+01; 1.0000000000000E+01; 0.0000000000000E+00; 1.0000000000000E+01; 1.0000000000000E+01
 1.7878528340000E+09; 1.0000000000000E+00; 1.0000000000000E+00; 1.1728101000000E+01; 1.9702410600000E+02; 1.8529600500000E+02; 9.0000000000000E+01; 5.0000000000000E+01; 4.0000000000000E+01; 1.2500000000000E-03; 2.0000000000000E+01; 5.6000000000000E+00; 4.0000000000000E+01; 5.5398997601416E-01; 1.3829104602337E-01; 1.3900000000000E+02; 1.0000000000000E+00;-2.5993401729905E+00;-9.1573439380168E+00; 2.7018900000000E+02; 2.4843500000000E+02; 2.0000000000000E+00; 2.0000000000000E+00; 2.0000000000000E+00; 2.0000000000000E+00; 1.0000000000000E+02; 1.0000000000000E+01; 1.0000000000000E+01; 1.0000000000000E+01;                 NAN; 4.3296336282166E+02; 1.4758296172282E-01; 7.0184922129076E+01; 4.6617149310444E+00; 3.0000000000000E-06;                 NAN;                 NAN; 1.4000000000000E+03; 1.0000000000000E+01; 1.0000000000000E+01; 1.0000000000000E+01; 0.0000000000000E+00; 1.0000000000000E+01; 1.0000000000000E+01
 1.7878528360000E+09; 1.0000000000000E+00; 1.0000000000000E+00; 1.1727795000000E+01; 1.9701973500000E+02; 1.8529194000000E+02; 9.0000000000000E+01; 4.0000000000000E+01; 5.0000000000000E+01; 1.2570000000000E-03; 2.0000000000000E+01; 5.6000000000000E+00; 3.9000000000000E+01; 5.5596872725933E-01; 8.7265625596046E-02; 1.3900000000000E+02; 1.0000000000000E+00;-5.0672855110185E+00;-8.5954127162330E+00; 2.7018800000000E+02; 2.4839000000000E+02; 2.0000000000000E+00; 2.0000000000000E+00; 2.0000000000000E+00; 2.0000000000000E+00; 1.0000000000000E+02; 1.0000000000000E+01; 1.0000000000000E+01; 1.0000000000000E+01;                 NAN; 4.8715579046313E+02; 3.8100450705451E+00; 6.7340776019124E+01; 1.3951329875648E+00; 3.2857142857143E-06;                 NAN;                 NAN; 1.3000000000000E+03; 1.0000000000000E+01; 1.0000000000000E+01; 1.0000000000000E+01; 0.0000000000000E+00; 1.0000000000000E+01; 1.0000000000000E+01
 1.7878528380000E+09; 1.0000000000000E+00; 1.0000000000000E+00; 1.1725955000000E+01; 1.9701615750000E+02; 1.8529020250000E+02; 8.0000000000000E+01; 4.0000000000000E+01; 4.0000000000000E+01; 1.2600000000000E-03; 2.1000000000000E+01; 5.6000000000000E+00; 4.0000000000000E+01; 5.5569909441730E-01; 1.7902007699013E-01; 1.3800000000000E+02; 1.0000000000000E+00;-5.1372572711032E+00;-8.3432474255597E+00; 2.7018800000000E+02; 2.4835150000000E+02; 2.0000000000000E+00; 2.0000000000000E+00; 1.0000000000000E+00; 2.0000000000000E+00; 1.0000000000000E+02; 1.0000000000000E+01; 1.0000000000000E+01; 1.0000000000000E+01;                 NAN; 1.4642548493115E+02;-4.0431150995400E-01; 6.2376799341693E+01; 7.6272750214457E-01; 3.0000000000000E-06;                 NAN;                 NAN; 1.3000000000000E+03; 1.0000000000000E+01; 1.0000000000000E+01; 1.0000000000000E+01; 0.0000000000000E+00; 1.0000000000000E+01; 1.0000000000000E+01
 1.7878528400000E+09; 1.0000000000000E+00; 1.0000000000000E+00; 1.1725812500000E+01; 1.9701250500000E+02; 1.8528669250000E+02; 8.0000000000000E+01; 4.0000000000000E+01; 4.0000000000000E+01; 1.2600000000000E-03; 2.0000000000000E+01; 5.6000000000000E+00; 3.9000000000000E+01; 5.5599990472090E-01; 1.7711803317070E-01; 1.3900000000000E+02; 1.0000000000000E+00;-5.3766357728444E+00;-7.1433263142861E+00; 2.7018650000000E+02; 2.4831800000000E+02; 2.0000000000000E+00; 2.0000000000000E+00; 2.0000000000000E+00; 2.0000000000000E+00; 1.0000000000000E+02; 1.0000000000000E+01; 1.0000000000000E+01; 1.0000000000000E+01;                 NAN; 2.5238104941472E+02;-3.5453613601075E+00; 4.9366785539313E+01; 1.6713363291317E+00; 3.0000000000000E-06;                 NAN;                 NAN; 1.3000000000000E+03; 1.0000000000000E+01; 1.0000000000000E+01; 1.0000000000000E+01; 0.0000000000000E+00; 1.0000000000000E+01; 1.0000000000000E+01
 1.7878528420000E+09; 1.0000000000000E+00; 1.0000000000000E+00; 1.1724294500000E+01; 1.9700874200000E+02; 1.8528444750000E+02; 9.0000000000000E+01; 5.0000000000000E+01; 4.0000000000000E+01; 1.2675000000000E-03; 2.0000000000000E+01; 5.6000000000000E+00; 4.0000000000000E+01; 5.5713960774940E-01; 1.5355809032917E-01; 1.3900000000000E+02; 1.0000000000000E+00;-5.2859479720496E+00;-7.8219190341938E+00; 2.7018750000000E+02; 2.4826850000000E+02; 2.0000000000000E+00; 2.0000000000000E+00; 2.0000000000000E+00; 2.0000000000000E+00; 1.0000000000000E+02; 1.0000000000000E+01; 1.0000000000000E+01; 1.0000000000000E+01;                 NAN;-3.5373217356765E+02; 7.8569517802335E-01; 5.8538379166968E+01;-2.3184487857920E+00; 3.2857142857143E-06;                 NAN;                 NAN; 1.4000000000000E+03; 1.0000000000000E+01; 1.0000000000000E+01; 1.0000000000000E+01; 0.0000000000000E+00; 1.0000000000000E+01; 1.0000000000000E+01
 1.7878528440000E+09; 1.0000000000000E+00; 1.0000000000000E+00; 1.1724249000000E+01; 1.9700537500000E+02; 1.8528112600000E+02; 9.0000000000000E+01; 4.0000000000000E+01; 5.0000000000000E+01; 1.2700000000000E-03; 2.1000000000000E+01; 5.6000000000000E+00; 3.9000000000000E+01; 5.5625466235250E-01; 9.5609247684479E-02; 1.3900000000000E+02; 1.0000000000000E+00;-4.3014936880338E+00;-9.4413850950329E+00; 2.7018300000000E+02; 2.4821800000000E+02; 2.0000000000000E+00; 1.0000000000000E+00; 2.0000000000000E+00; 2.0000000000000E+00; 1.0000000000000E+02; 1.0000000000000E+01; 1.0000000000000E+01; 1.0000000000000E+01;                 NAN;-1.5087330119562E+02;-3.4148381045665E+00; 5.8038648553163E+01;-3.0960764621804E+00; 3.0000000000000E-06;                 NAN;                 NAN; 1.3000000000000E+03; 1.0000000000000E+01; 1.0000000000000E+01; 1.0000000000000E+01; 0.0000000000000E+00; 1.0000000000000E+01; 1.0000000000000E+01
 1.7878528460000E+09; 1.0000000000000E+00; 1.0000000000000E+00; 1.1722232500000E+01; 1.9700234500000E+02; 1.8528011250000E+02; 8.0000000000000E+01; 4.0000000000000E+01; 4.0000000000000E+01; 1.2710000000000E-03; 2.0000000000000E+01; 5.5975000000000E+00; 4.0000000000000E+01; 5.5461029817229E-01; 1.4460581541061E-01; 1.3800000000000E+02; 1.0000000000000E+00;-4.4791726969734E+00;-9.4369895834591E+00; 2.7018450000000E+02; 2.4817150000000E+02; 2.0000000000000E+00; 2.0000000000000E+00; 2.0000000000000E+00; 2.0000000000000E+00; 1.0000000000000E+02; 1.0000000000000E+01; 1.0000000000000E+01; 1.0000000000000E+01;                 NAN; 4.2474989575383E+02; 2.3837681571694E+00; 5.9545558993305E+01;-4.3004367806770E+00; 3.0000000000000E-06;                 NAN;                 NAN; 1.3000000000000E+03; 1.0000000000000E+01; 1.0000000000000E+01; 1.0000000000000E+01; 0.0000000000000E+00; 1.0000000000000E+01; 1.0000000000000E+01
 1.7878528480000E+09; 1.0000000000000E+00; 1.0000000000000E+00; 1.1721002500000E+01; 1.9699918250000E+02; 1.8527818000000E+02; 8.0000000000000E+01; 4.0000000000000E+01; 4.0000000000000E+01; 1.2790000000000E-03; 2.0000000000000E+01; 5.5925000000000E+00; 4.0000000000000E+01; 5.5458082024571E-01; 7.6284512877464E-02; 1.3900000000000E+02; 1.0000000000000E+00;-3.7075476361587E+00;-9.2919244526569E+00; 2.7018450000000E+02; 2.4810950000000E+02; 1.0000000000000E+00; 2.0000000000000E+00; 2.0000000000000E+00; 2.0000000000000E+00; 1.0000000000000E+02; 1.0000000000000E+01; 1.0000000000000E+01; 1.0000000000000E+01;                 NAN;-3.5195348779581E+02;-4.0085651227285E-01; 6.1811414795539E+01;-5.9967310984518E+00; 2.5000000000000E-06;                 NAN;                 NAN; 1.3000000000000E+03; 1.0000000000000E+01; 1.0000000000000E+01; 1.0000000000000E+01; 0.0000000000000E+00; 1.0000000000000E+01; 1.0000000000000E+01
 1.7878528500000E+09; 1.0000000000000E+00; 1.0000000000000E+00; 1.1719546000000E+01; 1.9699545000000E+02; 1.8527590400000E+02; 9.0000000000000E+01; 4.0000000000000E+01; 5.0000000000000E+01; 1.2785000000000E-03; 2.0000000000000E+01; 5.6333333333333E+00; 3.9000000000000E+01; 5.5609201091228E-01; 5.6224323809147E-02; 1.3900000000000E+02; 1.0000000000000E+00;-5.2231261410324E+00;-9.4248872658003E+00; 2.7018300000000E+02; 2.4805400000000E+02; 2.0000000000000E+00; 2.0000000000000E+00; 2.0000000000000E+00; 2.0000000000000E+00; 1.0000000000000E+02; 1.0000000000000E+01; 1.0000000000000E+01; 1.0000000000000E+01;                 NAN; 4.7463599522564E+02; 5.8879591231353E+00; 2.1253973090505E+03; 1.0397700782820E+02; 1.3497714285714E-02;                 NAN;                 NAN; 1.4000000000000E+03; 1.0000000000000E+01; 1.0000000000000E+01; 1.0000000000000E+01; 0.0000000000000E+00; 1.0000000000000E+01; 1.0000000000000E+01
 1.7878528520000E+09; 0.0000000000000E+00; 0.0000000000000E+00; 1.1532936500000E+01; 1.9753889400000E+02; 1.8600595750000E+02; 9.0000000000000E+01; 5.0000000000000E+01; 4.0000000000000E+01; 1.1752380952381E-03; 2.1000000000000E+01; 8.0461538461538E+00; 3.9000000000000E+01; 5.5590306866083E-01; 2.1036571264267E-01; 1.3900000000000E+02; 1.0000000000000E+00; 4.9045800186026E+01; 3.5262805711645E+01; 2.7015850000000E+02; 2.4810900000000E+02; 2.0000000000000E+00; 2.0000000000000E+00; 2.0000000000000E+00; 2.0000000000000E+00; 1.0000000000000E+02; 3.0000000000000E-02; 1.0000000000000E+00; 3.0000000000000E-02;                 NAN; 2.9503305218481E+05; 5.6033786448239E+03; 1.5640972458406E+04; 5.7739007186837E+02; 1.6239500000000E-01;                 NAN;                 NAN; 3.0000000000000E+02; 3.0000000000000E-01; 1.0000000000000E+01; 3.0000000000000E-01; 0.0000000000000E+00; 3.0000000000000E-01; 1.0000000000000E+01
 1.7878528540000E+09; 0.0000000000000E+00; 0.0000000000000E+00; 1.1415587000000E+01; 1.9820596500000E+02; 1.8679037800000E+02; 9.0000000000000E+01; 4.0000000000000E+01; 5.0000000000000E+01; 1.1675000000000E-03; 2.0000000000000E+01; 1.0087500000000E+01; 4.0000000000000E+01; 5.5591153087823E-01; 8.4298446774483E-02; 1.3800000000000E+02; 1.0000000000000E+00; 4.9111392926883E+01; 3.4884688923401E+01; 2.7016550000000E+02; 2.4949000000000E+02; 2.0000000000000E+00; 2.0000000000000E+00; 2.0000000000000E+00; 1.0000000000000E+00; 1.0000000000000E+02; 3.0000000000000E-02; 9.9000000000000E-01; 3.0000000000000E-02;                 NAN; 3.6866663870943E+05; 5.6177489122204E+03; 1.5731875489180E+04; 5.6370014336170E+02; 1.6226233333333E-01;                 NAN;                 NAN; 1.2000000000000E+03; 3.0000000000000E-01; 9.9000000000000E+00; 3.0000000000000E-01; 0.0000000000000E+00; 3.0000000000000E-01; 9.9000000000000E+00
 1.7878528560000E+09; 0.0000000000000E+00; 0.0000000000000E+00; 1.1441422500000E+01; 1.9843144500000E+02; 1.8699002250000E+02; 8.0000000000000E+01; 4.0000000000000E+01; 4.0000000000000E+01; 1.1765000000000E-03; 2.0000000000000E+01; 1.3512820512821E+01; 3.9000000000000E+01; 5.5588914714271E-01; 1.0638748109341E-01; 1.3900000000000E+02; 1.0000000000000E+00; 4.9079200135789E+01; 3.4706277813449E+01; 2.7015950000000E+02; 2.5117200000000E+02; 2.0000000000000E+00; 2.0000000000000E+00; 2.0000000000000E+00; 2.0000000000000E+00; 1.0000000000000E+02; 3.0000000000000E-02; 9.8000000000000E-01;                 NAN;                 NAN; 4.0430419639275E+05; 5.6951049577767E+03; 1.5854601185982E+04; 5.6453457675817E+02; 1.6382471428571E-01;                 NAN;                 NAN; 1.1000000000000E+03; 3.0000000000000E-01; 9.8000000000000E+00; 0.0000000000000E+00; 0.0000000000000E+00; 3.0000000000000E-01; 9.8000000000000E+00
 1.7878528580000E+09; 0.0000000000000E+00; 0.0000000000000E+00; 1.1532387500000E+01; 1.9824963500000E+02; 1.8671724750000E+02; 8.0000000000000E+01; 4.0000000000000E+01; 4.0000000000000E+01; 1.1928571428571E-03; 2.1000000000000E+01; 1.8615384615385E+01; 3.9000000000000E+01; 5.5617992774188E-01; 4.8768322914839E-02; 1.3900000000000E+02; 1.0000000000000E+00; 4.9014708550904E+01; 3.4310708987166E+01; 2.7016400000000E+02; 2.5365400000000E+02; 2.0000000000000E+00; 2.0000000000000E+00; 1.0000000000000E+00; 2.0000000000000E+00; 1.0000000000000E+02; 4.0000000000000E-02; 9.7000000000000E-01;                 NAN;                 NAN; 3.4929847971910E+05; 5.7625613593376E+03; 1.5876090292563E+04; 5.7175935888335E+02; 1.6602412500000E-01;                 NAN;                 NAN; 1.1000000000000E+03; 4.0000000000000E-01; 9.7000000000000E+00; 0.0000000000000E+00; 0.0000000000000E+00; 4.0000000000000E-01; 9.7000000000000E+00
 1.7878528600000E+09; 0.0000000000000E+00; 0.0000000000000E+00; 1.1461466000000E+01; 1.9802243600000E+02; 1.8656097000000E+02; 9.0000000000000E+01; 5.0000000000000E+01; 4.0000000000000E+01; 1.2110000000000E-03; 2.0000000000000E+01; 2.3500000000000E+01; 4.0000000000000E+01; 5.5644135292485E-01; 5.1076132804155E-02; 1.3900000000000E+02; 1.0000000000000E+00; 4.9020922669279E+01; 3.3792640970619E+01; 2.7015850000000E+02; 2.5594700000000E+02; 2.0000000000000E+00; 2.0000000000000E+00; 2.0000000000000E+00; 2.0000000000000E+00; 1.0000000000000E+02; 4.0000000000000E-02; 9.6000000000000E-01;                 NAN;                 NAN; 3.6419268038676E+05; 5.7996330548789E+03; 1.5739746755166E+04; 5.8407326675911E+02; 1.6791342857143E-01;                 NAN;                 NAN; 1.2000000000000E+03; 4.0000000000000E-01; 9.6000000000000E+00; 0.0000000000000E+00; 0.0000000000000E+00; 4.0000000000000E-01; 9.6000000000000E+00
 1.7878528620000E+09; 0.0000000000000E+00; 0.0000000000000E+00; 1.1506540500000E+01; 1.9802122250000E+02; 1.8651468200000E+02; 9.0000000000000E+01; 4.0000000000000E+01; 5.0000000000000E+01; 1.2280000000000E-03; 2.0000000000000E+01; 3.2410256410256E+01; 3.9000000000000E+01; 5.5576841027840E-01; 1.2809610366821E-01; 1.3800000000000E+02; 1.0000000000000E+00; 4.9050518152627E+01; 3.3378558589110E+01; 2.7015000000000E+02; 2.5800700000000E+02; 2.0000000000000E+00; 2.0000000000000E+00; 2.0000000000000E+00; 2.0000000000000E+00; 1.0000000000000E+02; 4.0000000000000E-02; 9.4000000000000E-01;                 NAN;                 NAN; 4.0115454846394E+05; 5.8508019659689E+03; 1.5657500282183E+04; 5.9169759918054E+02; 1.6940250000000E-01; 7.9020636367318E-01; 2.8883870722730E-05; 1.1000000000000E+03; 4.0000000000000E-01; 9.4000000000000E+00; 0.0000000000000E+00; 0.0000000000000E+00; 4.0000000000000E-01; 9.4000000000000E+00
 1.7878528640000E+09; 0.0000000000000E+00; 0.0000000000000E+00; 1.1355997500000E+01; 1.9798107500000E+02; 1.8662507750000E+02; 8.0000000000000E+01; 4.0000000000000E+01; 4.0000000000000E+01; 1.2440000000000E-03; 2.0000000000000E+01; 4.1000000000000E+01; 3.9000000000000E+01; 5.5685457339753E-01; 1.4508767426014E-01; 1.3800000000000E+02; 1.0000000000000E+00; 4.9016918852254E+01; 3.3361555198639E+01; 2.7015100000000E+02; 2.5994450000000E+02; 2.0000000000000E+00; 1.0000000000000E+00; 2.0000000000000E+00; 2.0000000000000E+00; 1.0000000000000E+02; 3.0000000000000E-02; 9.3000000000000E-01;                 NAN; 3.0000000000000E-02; 4.1630211775446E+05; 5.9029789084895E+03; 1.5546355804705E+04; 6.0016159533340E+02; 1.7097462500000E-01; 7.8950510181144E-01; 2.8862482903279E-05; 1.1000000000000E+03; 3.0000000000000E-01; 9.3000000000000E+00; 0.0000000000000E+00; 3.0000000000000E-01; 3.0000000000000E-01; 9.3000000000000E+00
 1.7878528660000E+09; 0.0000000000000E+00; 0.0000000000000E+00; 1.1278252500000E+01; 1.9788914250000E+02; 1.8661089000000E+02; 8.0000000000000E+01; 4.0000000000000E+01; 4.0000000000000E+01; 1.2557142857143E-03; 2.1000000000000E+01; 5.4157894736842E+01; 3.8000000000000E+01; 5.5676521575279E-01; 9.9134363234043E-02; 1.3900000000000E+02; 1.0000000000000E+00; 4.8984962012579E+01; 3.2878888311749E+01; 2.7016100000000E+02; 2.6169450000000E+02; 2.0000000000000E+00; 2.0000000000000E+00; 2.0000000000000E+00; 2.0000000000000E+00; 1.0000000000000E+02; 4.0000000000000E-02; 9.3000000000000E-01;                 NAN; 4.0000000000000E-02; 3.6459453177669E+05; 5.9233856722581E+03; 1.5331817019337E+04; 6.0735490157319E+02; 1.7241350000000E-01; 7.8897125663887E-01; 2.8853118225926E-05; 1.1000000000000E+03; 4.0000000000000E-01; 9.3000000000000E+00; 0.0000000000000E+00; 4.0000000000000E-01; 4.0000000000000E-01; 9.3000000000000E+00
 1.7878528680000E+09; 0.0000000000000E+00; 0.0000000000000E+00; 1.1422401500000E+01; 1.9782442750000E+02; 1.8640202600000E+02; 9.0000000000000E+01; 4.0000000000000E+01; 5.0000000000000E+01; 1.2660000000000E-03; 2.0000000000000E+01; 7.5358974358974E+01; 3.9000000000000E+01; 5.4987810854463E-01; 1.2363264709711E-01; 1.3800000000000E+02; 1.0000000000000E+00; 4.8984514876353E+01; 3.2945583412632E+01; 2.7013050000000E+02; 2.6322400000000E+02; 2.0000000000000E+00; 2.0000000000000E+00; 2.0000000000000E+00; 2.0000000000000E+00; 1.0000000000000E+02; 4.0000000000000E-02; 9.2000000000000E-01;                 NAN; 4.0000000000000E-02; 4.5396923898463E+05; 6.0286149313102E+03; 1.5196871594919E+04; 6.1529391918719E+02; 1.7348100000000E-01; 7.8773019502937E-01; 2.8871119100090E-05; 1.2000000000000E+03; 4.0000000000000E-01; 9.2000000000000E+00; 0.0000000000000E+00; 4.0000000000000E-01; 4.0000000000000E-01; 9.2000000000000E+00
 1.7878528700000E+09; 0.0000000000000E+00; 0.0000000000000E+00; 1.1506689000000E+01; 1.9764988400000E+02; 1.8614319500000E+02; 9.0000000000000E+01; 5.0000000000000E+01; 4.0000000000000E+01; 1.2780000000000E-03; 2.0000000000000E+01; 9.5948717948718E+01; 3.9000000000000E+01; 5.5588514791118E-01; 8.2041360437870E-02; 1.3900000000000E+02; 1.0000000000000E+00; 4.8913033146496E+01; 3.2465925616047E+01; 2.7014750000000E+02; 2.6464750000000E+02; 1.0000000000000E+00; 2.0000000000000E+00; 2.0000000000000E+00; 2.0000000000000E+00; 1.0000000000000E+02; 3.0000000000000E-02; 9.1000000000000E-01;                 NAN; 3.0000000000000E-02; 3.8575334008794E+05; 6.0115594113541E+03; 1.5107722627148E+04; 6.2351803370648E+02; 1.7460642857143E-01; 7.8650199482793E-01; 2.8886092663843E-05; 1.1000000000000E+03; 3.0000000000000E-01; 9.1000000000000E+00; 0.0000000000000E+00; 3.0000000000000E-01; 3.0000000000000E-01; 9.1000000000000E+00
 1.7878528720000E+09; 0.0000000000000E+00; 0.0000000000000E+00; 1.1649977500000E+01; 1.9768320250000E+02; 1.8603322500000E+02; 8.0000000000000E+01; 4.0000000000000E+01; 4.0000000000000E+01; 1.2850000000000E-03; 2.0000000000000E+01; 1.1150000000000E+02; 4.0000000000000E+01; 5.5670126919266E-01; 5.7771317660809E-02; 1.3900000000000E+02; 1.0000000000000E+00; 4.8876308741761E+01; 3.2044982313441E+01; 2.7015600000000E+02; 2.6583150000000E+02; 2.0000000000000E+00; 2.0000000000000E+00; 2.0000000000000E+00; 2.0000000000000E+00; 1.0000000000000E+02; 4.0000000000000E-02; 9.0000000000000E-01;                 NAN; 4.0000000000000E-02; 4.0039666397671E+05; 6.0665076996850E+03; 1.4952895375638E+04; 6.2760074602281E+02; 1.7558071428571E-01; 7.8625812903088E-01; 2.8900237711583E-05; 1.1000000000000E+03; 4.0000000000000E-01; 9.0000000000000E+00; 0.0000000000000E+00; 4.0000000000000E-01; 4.0000000000000E-01; 9.0000000000000E+00
 1.7878528740000E+09; 0.0000000000000E+00; 0.0000000000000E+00; 1.1582196000000E+01; 1.9760055000000E+02; 1.8601835400000E+02; 9.0000000000000E+01; 4.0000000000000E+01; 5.0000000000000E+01; 1.2942857142857E-03; 2.1000000000000E+01; 1.5102564102564E+02; 3.9000000000000E+01; 5.5705391791227E-01; 1.5546013414860E-01; 1.3900000000000E+02; 1.0000000000000E+00; 4.8841818129919E+01; 3.1797818821114E+01; 2.7014700000000E+02; 2.6702400000000E+02; 2.0000000000000E+00; 2.0000000000000E+00; 2.0000000000000E+00; 2.0000000000000E+00; 1.0000000000000E+02; 4.0000000000000E-02; 9.0000000000000E-01;                 NAN; 4.0000000000000E-02; 4.2794656006827E+05; 6.0633416099802E+03; 1.4879114641877E+04; 6.3593704405737E+02; 1.7664014285714E-01; 7.8483001514317E-01; 2.8937763664452E-05; 1.2000000000000E+03; 4.0000000000000E-01; 9.0000000000000E+00; 0.0000000000000E+00; 4.0000000000000E-01; 4.0000000000000E-01; 9.0000000000000E+00
 1.7878528760000E+09; 0.0000000000000E+00; 0.0000000000000E+00; 1.1450427000000E+01; 1.9765749200000E+02; 1.8620706500000E+02; 9.0000000000000E+01; 5.0000000000000E+01; 4.0000000000000E+01; 1.3000000000000E-03; 2.0000000000000E+01; 1.8846153846154E+02; 3.9000000000000E+01; 5.5588272135759E-01; 1.0666644573212E-01; 1.3800000000000E+02; 1.0000000000000E+00; 4.8847397667048E+01; 3.1389587391442E+01; 2.7015400000000E+02; 2.6783900000000E+02; 2.0000000000000E+00; 2.0000000000000E+00; 2.0000000000000E+00; 1.0000000000000E+00; 1.0000000000000E+02; 3.0000000000000E-02; 8.9000000000000E-01;                 NAN; 3.0000000000000E-02; 4.0845299130524E+05; 6.0999466422715E+03; 1.4797803913802E+04; 6.4010461333491E+02; 1.7764428571429E-01; 7.8485512744719E-01; 2.8908488296357E-05; 1.1000000000000E+03; 3.0000000000000E-01; 8.9000000000000E+00; 0.0000000000000E+00; 3.0000000000000E-01; 3.0000000000000E-01; 8.9000000000000E+00
 1.7878528780000E+09; 0.0000000000000E+00; 0.0000000000000E+00; 1.1525800000000E+01; 1.9762395250000E+02; 1.8609815250000E+02; 8.0000000000000E+01; 4.0000000000000E+01; 4.0000000000000E+01; 1.3020000000000E-03; 2.0000000000000E+01; 2.1948717948718E+02; 3.9000000000000E+01; 5.5686998994246E-01; 6.8498827517033E-02; 1.3700000000000E+02; 1.0000000000000E+00; 4.8829661784816E+01; 3.1444372436084E+01; 2.7014800000000E+02; 2.6857250000000E+02; 2.0000000000000E+00; 2.0000000000000E+00; 2.0000000000000E+00; 2.0000000000000E+00; 1.0000000000000E+02; 4.0000000000000E-02; 8.9000000000000E-01;                 NAN; 4.0000000000000E-02; 4.7643419596941E+05; 6.1523442230753E+03; 1.4729593614430E+04; 6.4831426067326E+02; 1.7843128571429E-01; 7.8330098759634E-01; 2.8933254339316E-05; 1.1000000000000E+03; 4.0000000000000E-01; 8.9000000000000E+00; 0.0000000000000E+00; 4.0000000000000E-01; 4.0000000000000E-01; 8.9000000000000E+00
 1.7878528800000E+09; 0.0000000000000E+00; 0.0000000000000E+00; 1.1597821500000E+01; 1.9757574750000E+02; 1.8597792600000E+02; 9.0000000000000E+01; 4.0000000000000E+01; 5.0000000000000E+01; 1.3100000000000E-03; 2.1000000000000E+01; 2.6700000000000E+02; 4.0000000000000E+01; 5.5515754026904E-01; 2.6121359318495E-02; 1.3900000000000E+02; 1.0000000000000E+00; 4.8837838969052E+01; 3.1236902571804E+01; 2.7014450000000E+02; 2.6950300000000E+02; 2.0000000000000E+00; 2.0000000000000E+00; 2.0000000000000E+00; 2.0000000000000E+00; 1.0000000000000E+02; 3.0000000000000E-02; 8.8000000000000E-01;                 NAN; 3.0000000000000E-02; 3.0291334262434E+05; 6.1744980929298E+03; 1.4665390505016E+04; 6.5304278584367E+02; 1.7918700000000E-01; 7.8277441735936E-01; 2.8934954651339E-05; 1.1000000000000E+03; 3.0000000000000E-01; 8.8000000000000E+00; 0.0000000000000E+00; 3.0000000000000E-01; 3.0000000000000E-01; 8.8000000000000E+00
 1.7878528820000E+09; 0.0000000000000E+00; 0.0000000000000E+00; 1.1608200000000E+01; 1.9757517750000E+02; 1.8596697750000E+02; 8.0000000000000E+01; 4.0000000000000E+01; 4.0000000000000E+01; 1.3150000000000E-03; 2.0000000000000E+01; 3.0871794871795E+02; 3.9000000000000E+01; 5.5577059408029E-01; 1.1270225048065E-01; 1.3800000000000E+02; 1.0000000000000E+00; 4.8838322937840E+01; 3.1113001402502E+01; 2.7014200000000E+02; 2.7035800000000E+02; 2.0000000000000E+00; 2.0000000000000E+00; 1.0000000000000E+00; 2.0000000000000E+00; 1.0000000000000E+02; 4.0000000000000E-02; 8.8000000000000E-01;                 NAN; 4.0000000000000E-02; 3.8932158141928E+05; 6.2047989164947E+03; 1.4614519008341E+04; 6.5807389380521E+02; 1.8009900000000E-01; 7.8212170262910E-01; 2.8970758866352E-05; 1.2000000000000E+03; 4.0000000000000E-01; 8.8000000000000E+00; 0.0000000000000E+00; 4.0000000000000E-01; 4.0000000000000E-01; 8.8000000000000E+00
 1.7878528840000E+09; 1.0000000000000E+00; 4.0000000000000E+00; 1.1617000000000E+01; 1.9738859000000E+02; 1.8577159000000E+02; 9.0000000000000E+01; 5.0000000000000E+01; 4.0000000000000E+01; 1.4220000000000E-03; 2.0000000000000E+01; 7.4743589743590E+01; 3.9000000000000E+01; 5.5579500798699E-01; 5.1405820995569E-02; 1.3900000000000E+02; 1.0000000000000E+00;-4.6560172382734E+00;-9.0400268528167E+00; 2.7016450000000E+02; 2.7132700000000E+02; 2.0000000000000E+00; 2.0000000000000E+00; 2.0000000000000E+00; 2.0000000000000E+00; 1.0000000000000E+02; 3.0000000000000E-02; 8.8000000000000E-01;                 NAN; 3.0000000000000E-02; 1.8074879513764E+04;-1.4471466583421E+00; 4.8584519789317E+01;-7.3860599235764E+00; 2.6344142857143E-02; 1.0218629723043E+00; 2.8998222955917E-05; 1.1000000000000E+03; 3.0000000000000E-01; 8.8000000000000E+00; 0.0000000000000E+00; 3.0000000000000E-01; 3.0000000000000E-01; 8.8000000000000E+00
 1.7878528860000E+09; 1.0000000000000E+00; 1.0000000000000E+00; 1.1610907500000E+01; 1.9693907750000E+02; 1.8532817000000E+02; 8.0000000000000E+01; 4.0000000000000E+01; 4.0000000000000E+01; 1.4655000000000E-03; 2.0000000000000E+01; 1.7871794871795E+01; 3.9000000000000E+01; 5.5649218966564E-01; 3.5454038530588E-02; 1.3800000000000E+02; 1.0000000000000E+00;-5.1338734468211E+00;-7.3085536301458E+00; 2.7017800000000E+02; 2.7132600000000E+02; 2.0000000000000E+00; 1.0000000000000E+00; 2.0000000000000E+00; 2.0000000000000E+00; 1.0000000000000E+02; 1.9100000000000E+00; 1.0000000000000E+01;                 NAN; 1.9100000000000E+00; 7.1716347955537E+01; 6.4690816707666E-01; 6.2011576385614E+01;-4.9847726597589E+00; 1.0000000000000E-06;-2.6357854533703E-03; 2.8998222955917E-05; 1.2000000000000E+03; 9.5500000000000E+00; 1.0000000000000E+01; 0.0000000000000E+00; 9.5500000000000E+00; 9.5500000000000E+00; 1.0000000000000E+01
 1.7878528880000E+09; 1.0000000000000E+00; 1.0000000000000E+00; 1.1628379500000E+01; 1.9682249750000E+02; 1.8519411800000E+02; 9.0000000000000E+01; 4.0000000000000E+01; 5.0000000000000E+01; 1.4590476190476E-03; 2.1000000000000E+01; 1.1256410256410E+01; 3.9000000000000E+01; 5.5676726777348E-01; 1.1673457920551E-01; 1.3900000000000E+02; 1.0000000000000E+00;-4.7698731693159E+00;-8.4319961946181E+00; 2.7018050000000E+02; 2.7022600000000E+02; 2.0000000000000E+00; 2.0000000000000E+00; 2.0000000000000E+00; 2.0000000000000E+00; 1.0000000000000E+02; 1.0000000000000E+01; 1.0000000000000E+01;                 NAN;                 NAN;-1.7630686683120E+02;-1.3935139368132E+00; 4.9590662302641E+01;-6.1650601617357E+00; 1.0000000000000E-06;-2.1300951210952E-03; 2.8998222955917E-05; 1.3000000000000E+03; 1.0000000000000E+01; 1.0000000000000E+01; 0.0000000000000E+00; 0.0000000000000E+00; 1.0000000000000E+01; 1.0000000000000E+01
 1.7878528900000E+09; 1.0000000000000E+00; 1.0000000000000E+00; 1.1638760500000E+01; 1.9680732800000E+02; 1.8516856750000E+02; 9.0000000000000E+01; 5.0000000000000E+01; 4.0000000000000E+01; 1.4480000000000E-03; 2.0000000000000E+01; 9.8000000000000E+00; 3.9000000000000E+01; 5.5591273445582E-01; 8.5946880280972E-02; 1.3800000000000E+02; 1.0000000000000E+00;-3.1476465207320E+00;-9.2857163138238E+00; 2.7018000000000E+02; 2.6871750000000E+02; 2.0000000000000E+00; 2.0000000000000E+00; 2.0000000000000E+00; 2.0000000000000E+00; 1.0000000000000E+02; 1.0000000000000E+01; 1.0000000000000E+01;                 NAN;                 NAN; 2.5050044015061E+02; 2.6086547247756E+00; 6.3828063184221E+01;-4.6250722207144E+00; 1.0000000000000E-06;-2.8413578231451E-03; 2.8998222955917E-05; 1.3000000000000E+03; 1.0000000000000E+01; 1.0000000000000E+01; 0.0000000000000E+00; 0.0000000000000E+00; 1.0000000000000E+01; 1.0000000000000E+01
 1.7878528920000E+09; 1.0000000000000E+00; 1.0000000000000E+00; 1.1649188500000E+01; 1.9682203250000E+02; 1.8517284400000E+02; 9.0000000000000E+01; 4.0000000000000E+01; 5.0000000000000E+01; 1.4350000000000E-03; 2.0000000000000E+01; 8.8075000000000E+00; 4.0000000000000E+01; 5.5609445315471E-01; 8.1229820847511E-02; 1.3900000000000E+02; 1.0000000000000E+00;-2.8937433145391E+00;-9.1042947659438E+00; 2.7018200000000E+02; 2.6720950000000E+02; 1.0000000000000E+00; 2.0000000000000E+00; 2.0000000000000E+00; 2.0000000000000E+00; 1.0000000000000E+02; 1.0000000000000E+01; 1.0000000000000E+01;                 NAN;                 NAN; 7.3223137056714E+01;-2.1053874066661E+00; 5.5860937041741E+01;-5.3417604854746E+00; 1.0000000000000E-06;-2.4592037268157E-03; 2.8998222955917E-05; 1.4000000000000E+03; 1.0000000000000E+01; 1.0000000000000E+01; 0.0000000000000E+00; 0.0000000000000E+00; 1.0000000000000E+01; 1.0000000000000E+01
 1.7878528940000E+09; 1.0000000000000E+00; 1.0000000000000E+00; 1.1659878500000E+01; 1.9684031600000E+02; 1.8518043750000E+02; 9.0000000000000E+01; 5.0000000000000E+01; 4.0000000000000E+01; 1.4166666666667E-03; 2.1000000000000E+01; 7.9820512820513E+00; 3.9000000000000E+01; 5.5586211486686E-01; 1.8743976950645E-01; 1.3900000000000E+02; 1.0000000000000E+00;-4.0800965580353E+00;-9.1977596255306E+00; 2.7018150000000E+02; 2.6572800000000E+02; 2.0000000000000E+00; 2.0000000000000E+00; 2.0000000000000E+00; 2.0000000000000E+00; 1.0000000000000E+02; 1.0000000000000E+01; 1.0000000000000E+01;                 NAN;                 NAN; 1.0924037266093E+02; 2.4135634047504E+00; 5.7144545525833E+01;-4.8173392232598E+00; 1.0000000000000E-06;-2.7276457847040E-03; 2.8998222955917E-05; 1.3000000000000E+03; 1.0000000000000E+01; 1.0000000000000E+01; 0.0000000000000E+00; 0.0000000000000E+00; 1.0000000000000E+01; 1.0000000000000E+01
 1.7878528960000E+09; 1.0000000000000E+00; 1.0000000000000E+00; 1.1668872500000E+01; 1.9685671250000E+02; 1.8518784000000E+02; 8.0000000000000E+01; 4.0000000000000E+01; 4.0000000000000E+01; 1.4085000000000E-03; 2.0000000000000E+01; 7.3700000000000E+00; 4.0000000000000E+01; 5.5611266138761E-01; 6.8372026085854E-02; 1.3800000000000E+02; 1.0000000000000E+00;-5.1817267885343E+00;-8.0717881604462E+00; 2.7018050000000E+02; 2.6462000000000E+02; 2.0000000000000E+00; 2.0000000000000E+00; 2.0000000000000E+00; 1.0000000000000E+00; 1.0000000000000E+02; 1.0000000000000E+01; 1.0000000000000E+01;                 NAN;                 NAN; 3.4134735311761E+01; 2.0899227319045E-01; 6.9676064742613E+01;-6.2485898545856E+00; 1.1428571428571E-06;-2.4025049040695E-03; 2.8998222955917E-05; 1.3000000000000E+03; 1.0000000000000E+01; 1.0000000000000E+01; 0.0000000000000E+00; 0.0000000000000E+00; 1.0000000000000E+01; 1.0000000000000E+01
 1.7878528980000E+09; 1.0000000000000E+00; 1.0000000000000E+00; 1.1672034000000E+01; 1.9687348000000E+02; 1.8520144600000E+02; 9.0000000000000E+01; 4.0000000000000E+01; 5.0000000000000E+01; 1.4000000000000E-03; 2.0000000000000E+01; 6.9179487179487E+00; 3.9000000000000E+01; 5.5562032050413E-01; 1.3631291687489E-01; 1.3800000000000E+02; 1.0000000000000E+00;-5.2415355558038E+00;-8.7764695429239E+00; 2.7018250000000E+02; 2.6363650000000E+02; 2.0000000000000E+00; 2.0000000000000E+00; 2.0000000000000E+00; 2.0000000000000E+00; 1.0000000000000E+02; 1.0000000000000E+01; 1.0000000000000E+01; 1.0000000000000E+01;                 NAN;-2.3574619437066E+02;-4.4249058652259E+00; 5.7306023977932E+01;-6.5826015113982E+00; 1.8571428571429E-06;-3.7108086480728E-03; 2.8998222955917E-05; 1.3000000000000E+03; 1.0000000000000E+01; 1.0000000000000E+01; 1.0000000000000E+01; 0.0000000000000E+00; 1.0000000000000E+01; 1.0000000000000E+01
 1.7878529000000E+09; 1.0000000000000E+00; 1.0000000000000E+00; 1.1675635000000E+01; 1.9687980500000E+02; 1.8520417000000E+02; 4.0000000000000E+01; 2.0000000000000E+01; 2.0000000000000E+01; 1.3975000000000E-03; 2.4000000000000E+01; 6.6450000000000E+00; 2.0000000000000E+01; 5.5612505700439E-01; 3.0483372509480E-02; 6.4000000000000E+01; 1.0000000000000E+00;-5.2760800944779E+00;-6.8373616626078E+00; 2.7017800000000E+02; 2.6271300000000E+02; 1.0000000000000E+00; 1.0000000000000E+00; 1.0000000000000E+00; 1.0000000000000E+00; 1.0000000000000E+02; 1.0000000000000E+01; 1.0000000000000E+01; 1.0000000000000E+01;                 NAN; 2.1910907578016E+02;-6.2503537999730E-01; 4.4095101712068E+01;-6.5906884676289E+00; 1.0000000000000E-06;-1.9922589873474E-03; 2.8998222955917E-05; 6.0000000000000E+02; 1.0000000000000E+01; 1.0000000000000E+01; 1.0000000000000E+01; 0.0000000000000E+00; 1.0000000000000E+01; 1.0000000000000E+01
 1.7878529020000E+09;                 NAN; 1.0000000000000E+00;                 NAN;                 NAN; 1.8520345000000E+02; 1.0000000000000E+01; 0.0000000000000E+00; 1.0000000000000E+01; 1.3900000000000E-03; 2.0000000000000E+01; 6.3333333333333E+00; 3.0000000000000E+00; 5.5559931308031E-01; 8.1635586917400E-02; 2.0000000000000E+00; 1.0000000000000E+00;                 NAN;                 NAN;                 NAN;                 NAN; 0.0000000000000E+00; 0.0000000000000E+00; 0.0000000000000E+00; 0.0000000000000E+00;                 NAN; 1.0000000000000E+01; 1.0000000000000E+01; 1.0000000000000E+01;                 NAN;-2.4492938600498E+02;-2.4295751868941E-01;                 NAN;                 NAN;                 NAN;                 NAN; 2.8998222955917E-05; 0.0000000000000E+00; 1.0000000000000E+01; 1.0000000000000E+01; 1.0000000000000E+01; 0.0000000000000E+00; 1.0000000000000E+01; 1.0000000000000E+01
 1.7878529040000E+09; 1.0000000000000E+00; 1.0000000000000E+00; 1.1677155000000E+01; 1.9688472500000E+02; 1.8520757000000E+02; 3.0000000000000E+01; 2.0000000000000E+01; 1.0000000000000E+01; 1.3900000000000E-03; 1.7000000000000E+01; 6.1000000000000E+00; 1.4000000000000E+01; 5.5828579902649E-01; 1.5003296732903E-01; 4.3000000000000E+01; 1.0000000000000E+00;-5.2981780650707E+00;-9.0126519571480E+00;                 NAN; 2.6205600000000E+02; 1.0000000000000E+00; 1.0000000000000E+00; 0.0000000000000E+00; 1.0000000000000E+00; 1.0000000000000E+02; 1.0000000000000E+01; 1.0000000000000E+01; 1.0000000000000E+01;                 NAN;-2.2462684213231E+02; 3.1322774528176E+00; 7.4188990529543E+01;-2.8482622502006E+00; 1.6666666666667E-06;-7.7272325527250E-03; 2.8998222955917E-05; 2.0000000000000E+02; 1.0000000000000E+01; 1.0000000000000E+01; 1.0000000000000E+01; 0.0000000000000E+00; 1.0000000000000E+01; 1.0000000000000E+01
 1.7878529060000E+09; 1.0000000000000E+00; 1.0000000000000E+00; 1.1681320000000E+01; 1.9689245500000E+02; 1.8521113500000E+02; 4.0000000000000E+01; 2.0000000000000E+01; 2.0000000000000E+01; 1.3900000000000E-03; 2.0000000000000E+01; 5.9277777777778E+00; 1.8000000000000E+01; 5.5792045792990E-01;-6.0865301638842E-03; 5.7000000000000E+01; 1.0000000000000E+00;-5.2049159317977E+00;                 NAN; 2.7017700000000E+02; 2.5905700000000E+02; 1.0000000000000E+00; 0.0000000000000E+00; 1.0000000000000E+00; 1.0000000000000E+00; 1.0000000000000E+02; 1.0000000000000E+01; 1.0000000000000E+01; 1.0000000000000E+01;                 NAN; 5.5692547785566E+02; 3.4358036901533E+00; 6.5286311665998E+01; 6.1163685169114E-01; 2.0000000000000E-06; 4.1089117238670E-02; 2.8998222955917E-05; 4.0000000000000E+02; 1.0000000000000E+01; 1.0000000000000E+01; 1.0000000000000E+01; 0.0000000000000E+00; 1.0000000000000E+01; 1.0000000000000E+01
 1.7878529080000E+09;                 NAN; 1.0000000000000E+00; 1.1684210000000E+01; 1.9689297000000E+02; 1.8520876000000E+02; 4.0000000000000E+01; 2.0000000000000E+01; 2.0000000000000E+01; 1.3900000000000E-03; 2.1000000000000E+01; 5.8235294117647E+00; 1.7000000000000E+01; 5.5801011761366E-01; 1.6758246719837E-01; 5.9000000000000E+01; 1.0000000000000E+00;                 NAN;-7.5823933215125E+00; 2.7017900000000E+02; 2.5820000000000E+02; 0.0000000000000E+00; 1.0000000000000E+00; 1.0000000000000E+00; 1.0000000000000E+00; 1.0000000000000E+02; 1.0000000000000E+01; 1.0000000000000E+01; 1.0000000000000E+01;                 NAN; 1.0523285160647E+02; 8.9381386708063E-01; 6.2012836081595E+01;-1.6550608174498E+00; 2.0000000000000E-06;-1.6090165020028E-02; 2.8998222955917E-05; 4.0000000000000E+02; 1.0000000000000E+01; 1.0000000000000E+01; 1.0000000000000E+01; 0.0000000000000E+00; 1.0000000000000E+01; 1.0000000000000E+01
 1.7878529100000E+09; 1.0000000000000E+00; 1.0000000000000E+00; 1.1686735000000E+01; 1.9689245000000E+02; 1.8520571500000E+02; 4.0000000000000E+01; 2.0000000000000E+01; 2.0000000000000E+01; 1.3915000000000E-03; 2.0000000000000E+01; 5.8000000000000E+00; 1.8000000000000E+01; 5.5771412573755E-01; 1.9223292171955E-01; 5.6000000000000E+01; 1.0000000000000E+00;-3.3721299319347E+00;-9.1004411578672E+00; 2.7017800000000E+02; 2.5744800000000E+02; 1.0000000000000E+00; 1.0000000000000E+00; 1.0000000000000E+00; 1.0000000000000E+00; 1.0000000000000E+02; 1.0000000000000E+01; 1.0000000000000E+01; 1.0000000000000E+01;                 NAN;-2.6269950935453E+02; 4.3490042332382E+00; 6.6275498206392E+01;-1.0732827708226E-01; 2.0000000000000E-06;-3.2308401605019E-01; 2.8998222955917E-05; 3.0000000000000E+02; 1.0000000000000E+01; 1.0000000000000E+01; 1.0000000000000E+01; 0.0000000000000E+00; 1.0000000000000E+01; 1.0000000000000E+01
 1.7878529120000E+09; 1.0000000000000E+00; 1.0000000000000E+00; 1.1686370000000E+01; 1.9689172500000E+02; 1.8520535500000E+02; 4.0000000000000E+01; 2.0000000000000E+01; 2.0000000000000E+01; 1.3960000000000E-03; 2.0000000000000E+01; 5.7125000000000E+00; 1.6000000000000E+01; 5.5672470591686E-01; 1.2895835936069E-01; 5.4000000000000E+01; 1.0000000000000E+00;-5.2324558467055E+00;-9.1163157935727E+00; 2.7018100000000E+02;                 NAN; 1.0000000000000E+00; 1.0000000000000E+00; 1.0000000000000E+00; 0.0000000000000E+00; 1.0000000000000E+02; 1.0000000000000E+01; 1.0000000000000E+01; 1.0000000000000E+01;                 NAN; 1.2780540568115E+02;-2.0446731228304E+00; 4.5502580858120E+01; 1.4217350128675E+00; 2.6666666666667E-06; 2.3989261649797E-02; 2.8998222955917E-05; 3.0000000000000E+02; 1.0000000000000E+01; 1.0000000000000E+01; 1.0000000000000E+01; 0.0000000000000E+00; 1.0000000000000E+01; 1.0000000000000E+01
 1.7878529140000E+09;                 NAN; 1.0000000000000E+00; 1.1687090000000E+01; 1.9689105000000E+02; 1.8520396000000E+02; 2.0000000000000E+01; 1.0000000000000E+01; 1.0000000000000E+01; 1.4000000000000E-03; 2.0000000000000E+01; 5.7000000000000E+00; 3.0000000000000E+00; 5.5703599254290E-01; 1.0615923255682E-01; 6.0000000000000E+00; 1.0000000000000E+00;                 NAN;                 NAN;                 NAN;                 NAN; 0.0000000000000E+00; 0.0000000000000E+00; 0.0000000000000E+00; 0.0000000000000E+00;                 NAN; 1.0000000000000E+01; 1.0000000000000E+01; 1.0000000000000E+01;                 NAN; 3.3901046545823E+01; 1.2648321116553E+00;                 NAN;                 NAN; 3.0000000000000E-06;                 NAN; 2.8998222955917E-05; 0.0000000000000E+00; 1.0000000000000E+01; 1.0000000000000E+01; 1.0000000000000E+01; 0.0000000000000E+00; 1.0000000000000E+01; 1.0000000000000E+01
 1.7878529160000E+09; 1.0000000000000E+00; 1.0000000000000E+00; 1.1684595000000E+01; 1.9688706000000E+02; 1.8520246500000E+02; 4.0000000000000E+01; 2.0000000000000E+01; 2.0000000000000E+01; 1.4000000000000E-03; 2.1000000000000E+01; 5.7000000000000E+00; 2.2000000000000E+01; 5.5585347503832E-01; 9.0613223612309E-02; 7.3000000000000E+01; 1.0000000000000E+00;-2.4949129596041E+00;-9.3879506874575E+00; 2.7017900000000E+02; 2.5616650000000E+02; 1.0000000000000E+00; 1.0000000000000E+00; 1.0000000000000E+00; 2.0000000000000E+00; 1.0000000000000E+02; 1.0000000000000E+01; 1.0000000000000E+01; 1.0000000000000E+01;                 NAN; 9.1908728221227E+01; 2.8658727966295E-01; 4.3140454294683E+01;-2.8092031815882E+00; 3.6666666666667E-06;-1.7401751874234E-02; 2.8998222955917E-05; 6.0000000000000E+02; 1.0000000000000E+01; 1.0000000000000E+01; 1.0000000000000E+01; 0.0000000000000E+00; 1.0000000000000E+01; 1.0000000000000E+01
 1.7878529180000E+09; 1.0000000000000E+00; 1.0000000000000E+00; 1.1684965000000E+01; 1.9688607500000E+02; 1.8520111000000E+02; 5.0000000000000E+01; 2.0000000000000E+01; 3.0000000000000E+01; 1.4010000000000E-03; 2.0000000000000E+01; 5.7000000000000E+00; 2.1000000000000E+01; 5.5711996018035E-01; 4.9478419125080E-02; 7.0000000000000E+01; 1.0000000000000E+00;-4.9076028254449E+00;-9.0750138487970E+00; 2.7017700000000E+02; 2.5510700000000E+02; 1.0000000000000E+00; 1.0000000000000E+00; 1.0000000000000E+00; 1.0000000000000E+00; 1.0000000000000E+02; 1.0000000000000E+01; 1.0000000000000E+01; 1.0000000000000E+01;                 NAN; 1.3344678335535E+02;-3.1050428944092E+00; 5.9498217187763E+01;-1.0500583617793E+00; 3.0000000000000E-06;-3.8894805478519E-02; 2.8998222955917E-05; 5.0000000000000E+02; 1.0000000000000E+01; 1.0000000000000E+01; 1.0000000000000E+01; 0.0000000000000E+00; 1.0000000000000E+01; 1.0000000000000E+01
 1.7878529200000E+09; 1.0000000000000E+00; 4.0000000000000E+00; 1.1470965000000E+01; 1.9713468000000E+02; 1.8566371500000E+02; 4.0000000000000E+01; 2.0000000000000E+01; 2.0000000000000E+01; 1.3410000000000E-03; 2.0000000000000E+01; 7.7842105263158E+00; 1.9000000000000E+01; 5.5701451481350E-01; 6.4796186983585E-02; 6.2000000000000E+01; 1.0000000000000E+00;-3.5965674506060E+00; 3.4950243049238E+01; 2.7014200000000E+02;                 NAN; 1.0000000000000E+00; 1.0000000000000E+00; 1.0000000000000E+00; 0.0000000000000E+00;                 NAN; 2.0000000000000E-02; 1.0000000000000E+00; 2.0000000000000E-02;                 NAN; 4.5142473408356E+05; 5.7939078335302E+03;                 NAN;                 NAN; 1.1078033333333E-01;                 NAN; 2.8998222955917E-05; 0.0000000000000E+00; 2.0000000000000E-01; 1.0000000000000E+01; 2.0000000000000E-01; 0.0000000000000E+00; 2.0000000000000E-01; 1.0000000000000E+01
 1.7878529220000E+09; 0.0000000000000E+00; 0.0000000000000E+00; 1.1088795000000E+01; 1.9772659000000E+02; 1.8663779500000E+02; 4.0000000000000E+01; 2.0000000000000E+01; 2.0000000000000E+01; 1.2819047619048E-03; 2.1000000000000E+01; 9.3950000000000E+00; 2.0000000000000E+01; 5.5544770041796E-01; 1.7227417230606E-01; 6.5000000000000E+01; 1.0000000000000E+00; 4.9060597629423E+01; 3.4796169172214E+01; 2.7015600000000E+02; 2.5444700000000E+02; 1.0000000000000E+00; 1.0000000000000E+00; 1.0000000000000E+00; 1.0000000000000E+00; 1.0000000000000E+02; 4.0000000000000E-02; 9.7000000000000E-01; 4.0000000000000E-02;                 NAN; 3.2501531283441E+05; 5.7865086112644E+03; 1.5944036381607E+04; 5.5200716365019E+02; 1.6526125000000E-01; 7.9687936352711E-01; 2.8998222955917E-05; 1.0000000000000E+02; 4.0000000000000E-01; 9.7000000000000E+00; 4.0000000000000E-01; 0.0000000000000E+00; 4.0000000000000E-01; 9.7000000000000E+00
 1.7878529240000E+09; 0.0000000000000E+00; 0.0000000000000E+00; 1.1344456666667E+01; 1.9807297000000E+02; 1.8672851333333E+02; 6.0000000000000E+01; 3.0000000000000E+01; 3.0000000000000E+01; 1.2875000000000E-03; 2.0000000000000E+01; 1.3000000000000E+01; 2.0000000000000E+01; 5.5521956092295E-01; 1.6819112002850E-01; 6.8000000000000E+01; 1.0000000000000E+00; 4.9037197685255E+01; 3.4368080951054E+01; 2.7014900000000E+02; 2.5582900000000E+02; 1.0000000000000E+00; 1.0000000000000E+00; 1.0000000000000E+00; 1.0000000000000E+00; 1.0000000000000E+02; 3.0000000000000E-02; 9.6000000000000E-01;                 NAN;                 NAN; 4.4873405328080E+05; 5.8548473786463E+03; 1.6007975280695E+04; 5.6151892068133E+02; 1.6628425000000E-01; 7.9510717919134E-01; 2.8998222955917E-05; 1.0000000000000E+02; 3.0000000000000E-01; 9.6000000000000E+00; 0.0000000000000E+00; 0.0000000000000E+00; 3.0000000000000E-01; 9.6000000000000E+00
 1.7878529260000E+09; 0.0000000000000E+00; 0.0000000000000E+00; 1.1395305000000E+01; 1.9818917000000E+02; 1.8679386500000E+02; 4.0000000000000E+01; 2.0000000000000E+01; 2.0000000000000E+01; 1.3065000000000E-03; 2.0000000000000E+01; 1.8894736842105E+01; 1.9000000000000E+01; 5.5666196291194E-01; 1.2213637679815E-01; 6.6000000000000E+01; 1.0000000000000E+00; 4.9083312430358E+01; 3.4053366806654E+01; 2.7015100000000E+02; 2.5762500000000E+02; 1.0000000000000E+00; 1.0000000000000E+00; 1.0000000000000E+00; 1.0000000000000E+00; 1.0000000000000E+02; 4.0000000000000E-02; 9.4000000000000E-01;                 NAN;                 NAN; 4.3290957522160E+05; 5.8943777140559E+03; 1.5942744686676E+04; 5.7215721844956E+02; 1.6790500000000E-01; 7.9362583185485E-01; 2.8998222955917E-05; 3.0000000000000E+02; 4.0000000000000E-01; 9.4000000000000E+00; 0.0000000000000E+00; 0.0000000000000E+00; 4.0000000000000E-01; 9.4000000000000E+00
 1.7878529280000E+09; 0.0000000000000E+00; 0.0000000000000E+00; 1.1485213333333E+01; 1.9821177000000E+02; 1.8672655666667E+02; 5.0000000000000E+01; 2.0000000000000E+01; 3.0000000000000E+01; 1.3250000000000E-03; 2.0000000000000E+01; 2.4409090909091E+01; 2.2000000000000E+01; 5.5763206322716E-01; 1.3545066118240E-01; 7.3000000000000E+01; 1.0000000000000E+00; 4.9023257731136E+01; 3.3746577766921E+01; 2.7013000000000E+02; 2.5961400000000E+02; 1.0000000000000E+00; 1.0000000000000E+00; 1.0000000000000E+00; 1.0000000000000E+00; 1.0000000000000E+02; 4.0000000000000E-02; 9.3000000000000E-01;                 NAN;                 NAN; 4.0732862054102E+05; 5.9204408895939E+03; 1.5825200447949E+04; 5.8315810808409E+02; 1.6955966666667E-01; 7.9210869221028E-01; 2.8998222955917E-05; 3.0000000000000E+02; 4.0000000000000E-01; 9.3000000000000E+00; 0.0000000000000E+00; 0.0000000000000E+00; 4.0000000000000E-01; 9.3000000000000E+00
 1.7878529300000E+09; 0.0000000000000E+00; 0.0000000000000E+00; 1.1420350000000E+01; 1.9807238500000E+02; 1.8665203500000E+02; 4.0000000000000E+01; 2.0000000000000E+01; 2.0000000000000E+01; 1.3457142857143E-03; 2.1000000000000E+01; 3.4318181818182E+01; 2.2000000000000E+01; 5.5755355628000E-01; 8.8127888739109E-02; 7.2000000000000E+01; 1.0000000000000E+00; 4.8997682397907E+01; 3.3977920330391E+01; 2.7015900000000E+02; 2.6135300000000E+02; 1.0000000000000E+00; 1.0000000000000E+00; 1.0000000000000E+00; 1.0000000000000E+00; 1.0000000000000E+02; 3.0000000000000E-02; 9.2000000000000E-01;                 NAN;                 NAN; 4.2530961491748E+05; 5.9428026564512E+03; 1.5534569088460E+04; 5.8991378739161E+02; 1.7119000000000E-01; 7.9178758155516E-01; 2.8998222955917E-05; 3.0000000000000E+02; 3.0000000000000E-01; 9.2000000000000E+00; 0.0000000000000E+00; 0.0000000000000E+00; 3.0000000000000E-01; 9.2000000000000E+00
 1.7878529320000E+09; 0.0000000000000E+00; 0.0000000000000E+00; 1.1461852500000E+01; 1.9782883250000E+02; 1.8636698000000E+02; 6.0000000000000E+01; 4.0000000000000E+01; 2.0000000000000E+01; 1.3635000000000E-03; 2.0000000000000E+01; 4.6000000000000E+01; 2.2000000000000E+01; 5.5808971073176E-01; 1.5211254358292E-01; 7.4000000000000E+01; 1.0000000000000E+00; 4.8977519001078E+01; 3.3021246778532E+01; 2.7014900000000E+02; 2.6308500000000E+02; 1.0000000000000E+00; 1.0000000000000E+00; 1.0000000000000E+00; 1.0000000000000E+00; 1.0000000000000E+02; 4.0000000000000E-02; 9.1000000000000E-01;                 NAN;                 NAN; 3.4421535089974E+05; 5.9955411227455E+03; 1.5353812529044E+04; 6.0165053791721E+02; 1.7290300000000E-01; 7.9079599383896E-01; 2.8889987389236E-05; 4.0000000000000E+02; 4.0000000000000E-01; 9.1000000000000E+00; 0.0000000000000E+00; 0.0000000000000E+00; 4.0000000000000E-01; 9.1000000000000E+00
 1.7878529340000E+09; 0.0000000000000E+00; 0.0000000000000E+00; 1.1486040000000E+01; 1.9771788000000E+02; 1.8623184000000E+02; 5.0000000000000E+01; 2.0000000000000E+01; 3.0000000000000E+01; 1.3795000000000E-03; 2.0000000000000E+01; 6.4333333333333E+01; 2.1000000000000E+01; 5.5907633443673E-01; 8.1103019416332E-02; 7.2000000000000E+01; 1.0000000000000E+00; 4.9000877169285E+01; 3.2635576450556E+01; 2.7014100000000E+02; 2.6452000000000E+02; 1.0000000000000E+00; 1.0000000000000E+00; 1.0000000000000E+00; 1.0000000000000E+00; 1.0000000000000E+02; 4.0000000000000E-02; 9.1000000000000E-01;                 NAN; 4.0000000000000E-02; 3.8769617184844E+05; 6.0508332000110E+03; 1.5182097834145E+04; 6.1098982822460E+02; 1.7432400000000E-01; 7.9002098607006E-01; 2.8816687903352E-05; 3.0000000000000E+02; 4.0000000000000E-01; 9.1000000000000E+00; 0.0000000000000E+00; 4.0000000000000E-01; 4.0000000000000E-01; 9.1000000000000E+00
 1.7878529360000E+09; 0.0000000000000E+00; 0.0000000000000E+00; 1.1329883333333E+01; 1.9769882333333E+02; 1.8636894000000E+02; 5.0000000000000E+01; 3.0000000000000E+01; 2.0000000000000E+01; 1.3920000000000E-03; 2.0000000000000E+01; 9.2944444444444E+01; 1.8000000000000E+01; 5.5637275778641E-01; 8.3385467529297E-02; 5.9000000000000E+01; 1.0000000000000E+00; 4.8977225131377E+01; 3.2486319832425E+01;                 NAN; 2.6591200000000E+02; 1.0000000000000E+00; 1.0000000000000E+00; 0.0000000000000E+00; 1.0000000000000E+00; 1.0000000000000E+02; 3.0000000000000E-02; 9.0000000000000E-01;                 NAN; 3.0000000000000E-02; 4.3145787203622E+05; 6.0781972673227E+03; 1.4926826623393E+04; 6.1966092959108E+02; 1.7557600000000E-01; 7.8905358371758E-01; 2.8784605920734E-05; 2.0000000000000E+02; 3.0000000000000E-01; 9.0000000000000E+00; 0.0000000000000E+00; 3.0000000000000E-01; 3.0000000000000E-01; 9.0000000000000E+00
 1.7878529380000E+09;                 NAN; 0.0000000000000E+00; 1.1292050000000E+01; 1.9772187000000E+02; 1.8642982000000E+02; 2.0000000000000E+01; 1.0000000000000E+01; 1.0000000000000E+01; 1.4057142857143E-03; 2.1000000000000E+01; 1.0666666666667E+02; 3.0000000000000E+00; 5.5633470666409E-01; 1.3177338242531E-01; 5.0000000000000E+00; 1.0000000000000E+00;                 NAN;                 NAN;                 NAN;                 NAN; 0.0000000000000E+00; 0.0000000000000E+00; 0.0000000000000E+00; 0.0000000000000E+00;                 NAN; 4.0000000000000E-02; 9.0000000000000E-01;                 NAN; 4.0000000000000E-02; 3.9473600970243E+05; 6.1432191497867E+03;                 NAN;                 NAN;                 NAN;                 NAN; 2.8784605920734E-05; 0.0000000000000E+00; 4.0000000000000E-01; 9.0000000000000E+00; 0.0000000000000E+00; 4.0000000000000E-01; 4.0000000000000E-01; 9.0000000000000E+00
 1.7878529400000E+09; 0.0000000000000E+00; 0.0000000000000E+00; 1.1509095000000E+01; 1.9757621500000E+02; 1.8606712000000E+02; 4.0000000000000E+01; 2.0000000000000E+01; 2.0000000000000E+01; 1.4175000000000E-03; 2.0000000000000E+01; 1.5714285714286E+02; 2.1000000000000E+01; 5.5726879906164E-01; 1.7237561941147E-01; 7.3000000000000E+01; 1.0000000000000E+00; 4.9023678706587E+01; 3.1950090380463E+01; 2.7014500000000E+02; 2.6832000000000E+02; 1.0000000000000E+00; 1.0000000000000E+00; 2.0000000000000E+00; 1.0000000000000E+00; 1.0000000000000E+02; 4.0000000000000E-02; 8.8000000000000E-01;                 NAN; 4.0000000000000E-02; 4.0892450551010E+05; 6.1733429152393E+03; 1.4795073740424E+04; 6.3610260966332E+02; 1.7750180000000E-01; 7.8647633211514E-01; 2.8788533626826E-05; 1.0000000000000E+02; 4.0000000000000E-01; 8.8000000000000E+00; 0.0000000000000E+00; 4.0000000000000E-01; 4.0000000000000E-01; 8.8000000000000E+00
 1.7878529420000E+09; 0.0000000000000E+00; 0.0000000000000E+00; 1.1538300000000E+01; 1.9749939500000E+02; 1.8596109500000E+02; 4.0000000000000E+01; 2.0000000000000E+01; 2.0000000000000E+01; 1.4245000000000E-03; 2.0000000000000E+01; 2.1000000000000E+02; 1.8000000000000E+01; 5.5700067881743E-01; 1.6395591199398E-01; 6.0000000000000E+01; 1.0000000000000E+00; 4.8971432753410E+01; 3.2092185555788E+01;                 NAN; 2.6925200000000E+02; 1.0000000000000E+00; 1.0000000000000E+00; 0.0000000000000E+00; 1.0000000000000E+00; 1.0000000000000E+02; 3.0000000000000E-02; 8.8000000000000E-01;                 NAN; 3.0000000000000E-02; 4.8127009668181E+05; 6.2032872218317E+03; 1.4652906567074E+04; 6.4360858138787E+02; 1.7909800000000E-01; 7.8595635029659E-01; 2.8797608751055E-05; 2.0000000000000E+02; 3.0000000000000E-01; 8.8000000000000E+00; 0.0000000000000E+00; 3.0000000000000E-01; 3.0000000000000E-01; 8.8000000000000E+00
 1.7878529440000E+09; 0.0000000000000E+00; 0.0000000000000E+00; 1.1299617500000E+01; 1.9765163750000E+02; 1.8635202000000E+02; 8.0000000000000E+01; 4.0000000000000E+01; 4.0000000000000E+01; 1.4361904761905E-03; 2.1000000000000E+01; 2.6350000000000E+02; 4.0000000000000E+01; 5.5744916490085E-01; 1.5378633141518E-01; 1.3900000000000E+02; 1.0000000000000E+00; 4.8912440372943E+01; 3.1915703911392E+01; 2.7013500000000E+02; 2.7056400000000E+02; 2.0000000000000E+00; 2.0000000000000E+00; 2.0000000000000E+00; 2.0000000000000E+00; 1.0000000000000E+02; 4.0000000000000E-02; 8.8000000000000E-01;                 NAN; 4.0000000000000E-02; 4.0105402377331E+05; 6.2257995895986E+03; 1.4643637188109E+04; 6.4815755169823E+02; 1.7992728571429E-01; 7.8553533153253E-01; 2.8799839789974E-05; 1.1000000000000E+03; 4.0000000000000E-01; 8.8000000000000E+00; 0.0000000000000E+00; 4.0000000000000E-01; 4.0000000000000E-01; 8.8000000000000E+00
 1.7878529460000E+09; 0.0000000000000E+00; 0.0000000000000E+00; 1.1312928500000E+01; 1.9770785250000E+02; 1.8639492400000E+02; 9.0000000000000E+01; 4.0000000000000E+01; 5.0000000000000E+01; 1.4465000000000E-03; 2.0000000000000E+01; 3.2500000000000E+02; 4.0000000000000E+01; 5.5749477883466E-01; 5.0974693149328E-02; 1.3900000000000E+02; 1.0000000000000E+00; 4.8857182239671E+01; 3.1666670040732E+01; 2.7013200000000E+02; 2.7149350000000E+02; 2.0000000000000E+00; 2.0000000000000E+00; 2.0000000000000E+00; 2.0000000000000E+00; 1.0000000000000E+02; 3.0000000000000E-02; 8.7000000000000E-01;                 NAN; 3.0000000000000E-02; 4.1260164921309E+05; 6.2683749901546E+03; 1.4549167317923E+04; 6.5644555394293E+02; 1.8090142857143E-01; 7.8420990562341E-01; 2.8815493586989E-05; 1.2000000000000E+03; 3.0000000000000E-01; 8.7000000000000E+00; 0.0000000000000E+00; 3.0000000000000E-01; 3.0000000000000E-01; 8.7000000000000E+00
 1.7878529480000E+09; 0.0000000000000E+00; 0.0000000000000E+00; 1.1494913000000E+01; 1.9755070800000E+02; 1.8605579500000E+02; 9.0000000000000E+01; 5.0000000000000E+01; 4.0000000000000E+01; 1.4510000000000E-03; 2.0000000000000E+01; 3.8717948717949E+02; 3.9000000000000E+01; 5.5855987739389E-01; 4.9630582332611E-02; 1.3700000000000E+02; 1.0000000000000E+00; 4.8853549707167E+01; 3.1522401111172E+01; 2.7015200000000E+02; 2.7226800000000E+02; 2.0000000000000E+00; 1.0000000000000E+00; 2.0000000000000E+00; 2.0000000000000E+00; 1.0000000000000E+02; 4.0000000000000E-02; 8.7000000000000E-01;                 NAN; 4.0000000000000E-02; 4.3179179687915E+05; 6.2935554986046E+03; 1.4485243097187E+04; 6.6242316705636E+02; 1.8184414285714E-01; 7.8362150504916E-01; 2.8804155765680E-05; 1.1000000000000E+03; 4.0000000000000E-01; 8.7000000000000E+00; 0.0000000000000E+00; 4.0000000000000E-01; 4.0000000000000E-01; 8.7000000000000E+00
 1.7878529500000E+09; 0.0000000000000E+00; 0.0000000000000E+00; 1.1547420000000E+01; 1.9749796750000E+02; 1.8595054750000E+02; 8.0000000000000E+01; 4.0000000000000E+01; 4.0000000000000E+01; 1.4535000000000E-03; 2.0000000000000E+01; 4.2900000000000E+02; 4.0000000000000E+01; 5.5808539005921E-01; 4.8844404518604E-02; 1.3900000000000E+02; 1.0000000000000E+00; 4.8841045205479E+01; 3.1195496555070E+01; 2.7016500000000E+02; 2.7305150000000E+02; 1.0000000000000E+00; 2.0000000000000E+00; 2.0000000000000E+00; 2.0000000000000E+00; 1.0000000000000E+02; 3.0000000000000E-02; 8.6000000000000E-01;                 NAN; 3.0000000000000E-02; 4.3081150649318E+05; 6.3173583533898E+03; 1.4426896650016E+04; 6.6948401027849E+02; 1.8257850000000E-01; 7.8243292494945E-01; 2.8816357154739E-05; 1.1000000000000E+03; 3.0000000000000E-01; 8.6000000000000E+00; 0.0000000000000E+00; 3.0000000000000E-01; 3.0000000000000E-01; 8.6000000000000E+00
 1.7878529520000E+09; 4.0000000000000E+00; 0.0000000000000E+00; 1.1608753500000E+01; 1.9743542750000E+02; 1.8582667400000E+02; 9.0000000000000E+01; 4.0000000000000E+01; 5.0000000000000E+01; 1.5019047619048E-03; 2.1000000000000E+01; 2.4876923076923E+02; 3.9000000000000E+01; 5.5853989872812E-01; 1.3420799374580E-01; 1.3800000000000E+02; 1.0000000000000E+00; 2.2801345121499E+01; 1.1516094263993E+01; 2.7016950000000E+02; 2.7387650000000E+02; 2.0000000000000E+00; 2.0000000000000E+00; 2.0000000000000E+00; 2.0000000000000E+00; 1.0000000000000E+02; 4.0000000000000E-02; 8.6000000000000E-01;                 NAN; 4.0000000000000E-02; 4.2241286256361E+05; 6.3583681251037E+03; 2.0090280830745E+03; 9.0059528441346E+01; 1.1252571428571E-01; 9.4275203761759E-01; 2.8831567874275E-05; 1.2000000000000E+03; 4.0000000000000E-01; 8.6000000000000E+00; 0.0000000000000E+00; 4.0000000000000E-01; 4.0000000000000E-01; 8.6000000000000E+00
 1.7878529540000E+09; 1.0000000000000E+00; 4.0000000000000E+00; 1.1614638500000E+01; 1.9692449600000E+02; 1.8530985750000E+02; 9.0000000000000E+01; 5.0000000000000E+01; 4.0000000000000E+01; 1.5690000000000E-03; 2.0000000000000E+01; 2.3175000000000E+01; 4.0000000000000E+01; 5.5831749447387E-01; 1.5802153944969E-01; 1.3900000000000E+02; 1.0000000000000E+00;-4.4820770099466E+00;-9.0479325012853E+00; 2.7017700000000E+02; 2.7386900000000E+02; 2.0000000000000E+00; 2.0000000000000E+00; 2.0000000000000E+00; 2.0000000000000E+00; 1.0000000000000E+02; 3.0000000000000E-02; 8.6000000000000E-01;                 NAN; 3.0000000000000E-02; 2.6082254031275E+04; 1.9251707281851E+01; 6.3307938585210E+01;-1.0874641453622E+00; 6.0000000000000E-06;-7.8407693396384E-02; 2.8836609726010E-05; 1.1000000000000E+03; 3.0000000000000E-01; 8.6000000000000E+00; 0.0000000000000E+00; 3.0000000000000E-01; 3.0000000000000E-01; 8.6000000000000E+00
 1.7878529560000E+09; 1.0000000000000E+00; 1.0000000000000E+00; 1.1576897500000E+01; 1.9670517000000E+02; 1.8512827250000E+02; 8.0000000000000E+01; 4.0000000000000E+01; 4.0000000000000E+01; 1.5680000000000E-03; 2.0000000000000E+01; 1.3425000000000E+01; 4.0000000000000E+01; 5.5798626464048E-01; 5.5945359170437E-02; 1.3900000000000E+02; 1.0000000000000E+00;-3.6492349397897E+00;-8.7585678570077E+00; 2.7018150000000E+02; 2.7303000000000E+02; 2.0000000000000E+00; 2.0000000000000E+00; 2.0000000000000E+00; 1.0000000000000E+00; 1.0000000000000E+02; 1.8500000000000E+00; 1.0000000000000E+01;                 NAN; 1.8500000000000E+00; 4.0631847465696E+02; 3.9841174715026E+00; 5.3895627085936E+01;-1.0574904390872E+00; 5.5714285714286E-06;-7.4606926623511E-02; 2.8836609726010E-05; 1.2000000000000E+03; 9.2500000000000E+00; 1.0000000000000E+01; 0.0000000000000E+00; 9.2500000000000E+00; 9.2500000000000E+00; 1.0000000000000E+01
 1.7878529580000E+09; 1.0000000000000E+00; 1.0000000000000E+00; 1.1588324500000E+01; 1.9667106250000E+02; 1.8508273800000E+02; 9.0000000000000E+01; 4.0000000000000E+01; 5.0000000000000E+01; 1.5576190476190E-03; 2.1000000000000E+01; 1.0165000000000E+01; 4.0000000000000E+01; 5.5826715197066E-01; 1.8249446153641E-01; 1.3900000000000E+02; 1.0000000000000E+00;-5.0526639720353E+00;-9.2045212431729E+00; 2.7018000000000E+02; 2.7195900000000E+02; 2.0000000000000E+00; 2.0000000000000E+00; 2.0000000000000E+00; 2.0000000000000E+00; 1.0000000000000E+02; 1.0000000000000E+01; 1.0000000000000E+01;                 NAN;                 NAN;-5.8526408832101E+01;-1.2427443119636E+00; 5.9011431728722E+01;-9.8924919338584E-01; 5.5000000000000E-06;-7.9057086024720E-02; 2.8836609726010E-05; 1.3000000000000E+03; 1.0000000000000E+01; 1.0000000000000E+01; 0.0000000000000E+00; 0.0000000000000E+00; 1.0000000000000E+01; 1.0000000000000E+01
 1.7878529600000E+09; 1.0000000000000E+00; 1.0000000000000E+00; 1.1601520500000E+01; 1.9668111800000E+02; 1.8507959750000E+02; 9.0000000000000E+01; 5.0000000000000E+01; 4.0000000000000E+01; 1.5485000000000E-03; 2.0000000000000E+01; 9.2666666666667E+00; 3.9000000000000E+01; 5.5842514543653E-01; 5.0366040319204E-02; 1.3900000000000E+02; 1.0000000000000E+00;-5.2685826219837E+00;-7.8288825570685E+00; 2.7017700000000E+02; 2.7036150000000E+02; 2.0000000000000E+00; 2.0000000000000E+00; 1.0000000000000E+00; 2.0000000000000E+00; 1.0000000000000E+02; 1.0000000000000E+01; 1.0000000000000E+01;                 NAN;                 NAN; 2.5050280659975E+02;-1.3308112697432E+00; 6.8296100751991E+01;-4.9556150571417E-01; 5.2857142857143E-06;-1.6354124507532E-01; 2.8836609726010E-05; 1.3000000000000E+03; 1.0000000000000E+01; 1.0000000000000E+01; 0.0000000000000E+00; 0.0000000000000E+00; 1.0000000000000E+01; 1.0000000000000E+01
 1.7878529620000E+09; 1.0000000000000E+00; 1.0000000000000E+00; 1.1612467500000E+01; 1.9670042750000E+02; 1.8508796000000E+02; 9.0000000000000E+01; 4.0000000000000E+01; 5.0000000000000E+01; 1.5400000000000E-03; 2.0000000000000E+01; 8.3575000000000E+00; 4.0000000000000E+01; 5.5786202600534E-01; 1.1364059150219E-01; 1.3900000000000E+02; 1.0000000000000E+00;-5.2866848194173E+00;-9.0957839780305E+00; 2.7017900000000E+02; 2.6869900000000E+02; 2.0000000000000E+00; 2.0000000000000E+00; 2.0000000000000E+00; 2.0000000000000E+00; 1.0000000000000E+02; 1.0000000000000E+01; 1.0000000000000E+01;                 NAN;                 NAN; 3.7513083788724E+02; 2.7183481312022E+00; 5.8544173617933E+01;-9.3068056736583E-01; 5.4285714285714E-06;-8.3264279862984E-02; 2.8836609726010E-05; 1.4000000000000E+03; 1.0000000000000E+01; 1.0000000000000E+01; 0.0000000000000E+00; 0.0000000000000E+00; 1.0000000000000E+01; 1.0000000000000E+01
 1.7878529640000E+09; 1.0000000000000E+00; 1.0000000000000E+00; 1.1620647500000E+01; 1.9671634250000E+02; 1.8509569500000E+02; 8.0000000000000E+01; 4.0000000000000E+01; 4.0000000000000E+01; 1.5300000000000E-03; 2.0000000000000E+01; 7.6538461538461E+00; 3.9000000000000E+01; 5.5836463767848E-01; 1.3928011059761E-01; 1.3900000000000E+02; 1.0000000000000E+00;-4.0452575428151E+00;-9.2277391455885E+00; 2.7017950000000E+02; 2.6717100000000E+02; 2.0000000000000E+00; 2.0000000000000E+00; 2.0000000000000E+00; 2.0000000000000E+00; 1.0000000000000E+02; 1.0000000000000E+01; 1.0000000000000E+01;                 NAN;                 NAN;-3.4850460717902E+01; 5.2075988455589E-01; 5.4695368795558E+01;-1.2539915365083E+00; 5.5714285714286E-06;-6.2188936832155E-02; 2.8836609726010E-05; 1.3000000000000E+03; 1.0000000000000E+01; 1.0000000000000E+01; 0.0000000000000E+00; 0.0000000000000E+00; 1.0000000000000E+01; 1.0000000000000E+01
 1.7878529660000E+09; 1.0000000000000E+00; 1.0000000000000E+00; 1.1625095000000E+01; 1.9672940250000E+02; 1.8510430750000E+02; 8.0000000000000E+01; 4.0000000000000E+01; 4.0000000000000E+01; 1.5261904761905E-03; 2.1000000000000E+01; 7.1525000000000E+00; 4.0000000000000E+01; 5.5777321544246E-01; 1.0265947878361E-01; 1.3800000000000E+02; 1.0000000000000E+00;-5.1529491721118E+00;-9.3241982112960E+00; 2.7018000000000E+02; 2.6565200000000E+02; 2.0000000000000E+00; 1.0000000000000E+00; 2.0000000000000E+00; 2.0000000000000E+00; 1.0000000000000E+02; 1.0000000000000E+01; 1.0000000000000E+01;                 NAN;                 NAN; 7.9163425019718E+01;-1.8475294262799E+00; 6.6579863295744E+01;-6.7602214212841E-01; 5.8571428571429E-06;-1.2888889272097E-01; 2.8836609726010E-05; 1.3000000000000E+03; 1.0000000000000E+01; 1.0000000000000E+01; 0.0000000000000E+00; 0.0000000000000E+00; 1.0000000000000E+01; 1.0000000000000E+01
 1.7878529680000E+09; 1.0000000000000E+00; 1.0000000000000E+00; 1.1630538000000E+01; 1.9674041800000E+02; 1.8510988000000E+02; 9.0000000000000E+01; 5.0000000000000E+01; 4.0000000000000E+01; 1.5210000000000E-03; 2.0000000000000E+01; 6.7475000000000E+00; 4.0000000000000E+01; 5.5711861416590E-01; 1.2908516824245E-01; 1.3900000000000E+02; 1.0000000000000E+00;-5.3133623326038E+00;-8.8582111288336E+00; 2.7017850000000E+02; 2.6434650000000E+02; 2.0000000000000E+00; 2.0000000000000E+00; 2.0000000000000E+00; 2.0000000000000E+00; 1.0000000000000E+02; 1.0000000000000E+01; 1.0000000000000E+01; 1.0000000000000E+01;                 NAN;-7.8550856807035E+02;-2.9738460094498E+00; 7.1017110875893E+01;-1.9428595691281E+00; 6.0000000000000E-06;-4.2422169575578E-02; 2.8836609726010E-05; 1.3000000000000E+03; 1.0000000000000E+01; 1.0000000000000E+01; 1.0000000000000E+01; 0.0000000000000E+00; 1.0000000000000E+01; 1.0000000000000E+01
 1.7878529700000E+09; 1.0000000000000E+00; 1.0000000000000E+00; 1.1635806000000E+01; 1.9674760000000E+02; 1.8511179400000E+02; 9.0000000000000E+01; 4.0000000000000E+01; 5.0000000000000E+01; 1.5200000000000E-03; 2.0000000000000E+01; 6.4717948717949E+00; 3.9000000000000E+01; 5.5754529371107E-01; 1.6306829452515E-01; 1.3900000000000E+02; 1.0000000000000E+00;-5.2849384430008E+00;-8.1125805428873E+00; 2.7017700000000E+02; 2.6304350000000E+02; 1.0000000000000E+00; 2.0000000000000E+00; 2.0000000000000E+00; 2.0000000000000E+00; 1.0000000000000E+02; 1.0000000000000E+01; 1.0000000000000E+01; 1.0000000000000E+01;                 NAN;-2.3696079469124E+02;-1.2573616832656E+00; 6.5019134799569E+01;-2.6631954590956E+00; 6.1250000000000E-06;-3.1254184536650E-02; 2.8836609726010E-05; 1.4000000000000E+03; 1.0000000000000E+01; 1.0000000000000E+01; 1.0000000000000E+01; 0.0000000000000E+00; 1.0000000000000E+01; 1.0000000000000E+01
 1.7878529720000E+09; 1.0000000000000E+00; 1.0000000000000E+00; 1.1637737500000E+01; 1.9675159000000E+02; 1.8511385250000E+02; 8.0000000000000E+01; 4.0000000000000E+01; 4.0000000000000E+01; 1.5200000000000E-03; 2.1000000000000E+01; 6.2564102564103E+00; 3.9000000000000E+01; 5.5791120197030E-01; 8.6885221302509E-02; 1.3800000000000E+02; 1.0000000000000E+00;-4.0567183475033E+00;-8.0334939156530E+00; 2.7017850000000E+02; 2.6191100000000E+02; 2.0000000000000E+00; 2.0000000000000E+00; 2.0000000000000E+00; 2.0000000000000E+00; 1.0000000000000E+02; 1.0000000000000E+01; 1.0000000000000E+01; 1.0000000000000E+01;                 NAN;-8.6068198758343E+01;-6.2971972620316E+00; 7.0489680454065E+01;-2.1413049604248E+00; 6.0000000000000E-06;-3.8339963363784E-02; 2.8836609726010E-05; 1.3000000000000E+03; 1.0000000000000E+01; 1.0000000000000E+01; 1.0000000000000E+01; 0.0000000000000E+00; 1.0000000000000E+01; 1.0000000000000E+01
 1.7878529740000E+09; 1.0000000000000E+00; 1.0000000000000E+00; 1.1640145000000E+01; 1.9675387000000E+02; 1.8511372500000E+02; 8.0000000000000E+01; 4.0000000000000E+01; 4.0000000000000E+01; 1.5200000000000E-03; 2.0000000000000E+01; 6.0700000000000E+00; 4.0000000000000E+01; 5.5820189052349E-01; 1.5398922562599E-01; 1.3900000000000E+02; 1.0000000000000E+00;-4.8274126077866E+00;-9.4072850183597E+00; 2.7017950000000E+02; 2.6106900000000E+02; 2.0000000000000E+00; 2.0000000000000E+00; 2.0000000000000E+00; 1.0000000000000E+00; 1.0000000000000E+02; 1.0000000000000E+01; 1.0000000000000E+01; 1.0000000000000E+01;                 NAN; 1.3528375000921E+02;-3.8247882902284E+00; 5.7905458249213E+01;-1.9672263236358E+00; 6.0000000000000E-06;-4.1874710407829E-02; 2.8836609726010E-05; 1.3000000000000E+03; 1.0000000000000E+01; 1.0000000000000E+01; 1.0000000000000E+01; 0.0000000000000E+00; 1.0000000000000E+01; 1.0000000000000E+01
 1.7878529760000E+09; 1.0000000000000E+00; 1.0000000000000E+00; 1.1641441500000E+01; 1.9675493400000E+02; 1.8511349250000E+02; 9.0000000000000E+01; 5.0000000000000E+01; 4.0000000000000E+01; 1.5200000000000E-03; 2.0000000000000E+01; 5.9475000000000E+00; 4.0000000000000E+01; 5.5763604206020E-01; 2.8403808828443E-03; 1.3800000000000E+02; 1.0000000000000E+00;-3.3348232319093E+00;-9.4163181130508E+00; 2.7018050000000E+02; 2.6037950000000E+02; 2.0000000000000E+00; 2.0000000000000E+00; 2.0000000000000E+00; 2.0000000000000E+00; 1.0000000000000E+02; 1.0000000000000E+01; 1.0000000000000E+01; 1.0000000000000E+01;                 NAN; 2.2832895863362E+02; 1.9759117657414E+00; 6.5286311665998E+01; 5.8871269002505E+00; 6.4285714285714E-06; 1.4185533067017E-02; 2.8836609726010E-05; 1.3000000000000E+03; 1.0000000000000E+01; 1.0000000000000E+01; 1.0000000000000E+01; 0.0000000000000E+00; 1.0000000000000E+01; 1.0000000000000E+01
 1.7878529780000E+09; 1.0000000000000E+00; 1.0000000000000E+00; 1.1640931000000E+01; 1.9675441500000E+02; 1.8511348400000E+02; 9.0000000000000E+01; 4.0000000000000E+01; 5.0000000000000E+01; 1.5205000000000E-03; 2.0000000000000E+01; 5.8487179487180E+00; 3.9000000000000E+01; 5.5761067209484E-01; 8.5338227450848E-02; 1.3900000000000E+02; 1.0000000000000E+00;-3.1447042561087E+00;-9.4160676168406E+00; 2.7017850000000E+02; 2.5949350000000E+02; 2.0000000000000E+00; 2.0000000000000E+00; 2.0000000000000E+00; 2.0000000000000E+00; 1.0000000000000E+02; 1.0000000000000E+01; 1.0000000000000E+01; 1.0000000000000E+01;                 NAN; 9.4181648520684E+01; 3.2724201232068E+00; 4.8965871231988E+01; 3.1958797432544E+00; 5.5714285714286E-06; 2.2456983118810E-02; 2.8836609726010E-05; 1.4000000000000E+03; 1.0000000000000E+01; 1.0000000000000E+01; 1.0000000000000E+01; 0.0000000000000E+00; 1.0000000000000E+01; 1.0000000000000E+01
 1.7878529800000E+09; 1.0000000000000E+00; 1.0000000000000E+00; 1.1638735000000E+01; 1.9675112000000E+02; 1.8511238500000E+02; 8.0000000000000E+01; 4.0000000000000E+01; 4.0000000000000E+01; 1.5242857142857E-03; 2.1000000000000E+01; 5.7897435897436E+00; 3.9000000000000E+01; 5.5801484836616E-01; 1.9274012884125E-03; 1.3800000000000E+02; 1.0000000000000E+00;-4.9866005386015E+00;-8.1961660115365E+00; 2.7018000000000E+02; 2.5868500000000E+02; 2.0000000000000E+00; 2.0000000000000E+00; 1.0000000000000E+00; 2.0000000000000E+00; 1.0000000000000E+02; 1.0000000000000E+01; 1.0000000000000E+01; 1.0000000000000E+01;                 NAN; 8.9011819154220E+01; 5.3357194978993E+00; 5.1589882645159E+01; 1.8127946747611E+00; 5.0000000000000E-06; 3.5071622913322E-02; 2.8836609726010E-05; 1.3000000000000E+03; 1.0000000000000E+01; 1.0000000000000E+01; 1.0000000000000E+01; 0.0000000000000E+00; 1.0000000000000E+01; 1.0000000000000E+01
 1.7878529820000E+09; 1.0000000000000E+00; 1.0000000000000E+00; 1.1636781500000E+01; 1.9674813400000E+02; 1.8511135250000E+02; 9.0000000000000E+01; 5.0000000000000E+01; 4.0000000000000E+01; 1.5290000000000E-03; 2.0000000000000E+01; 5.7000000000000E+00; 4.0000000000000E+01; 5.5885634349833E-01; 1.1219504475594E-01; 1.3900000000000E+02; 1.0000000000000E+00;-3.6929957137623E+00;-9.4165680790442E+00; 2.7018000000000E+02; 2.5789300000000E+02; 2.0000000000000E+00; 1.0000000000000E+00; 2.0000000000000E+00; 2.0000000000000E+00; 1.0000000000000E+02; 1.0000000000000E+01; 1.0000000000000E+01; 1.0000000000000E+01;                 NAN; 2.8037316911288E+02; 5.4976943604134E+00; 6.2432062145852E+01; 4.1293530077099E+00; 5.0000000000000E-06; 1.5705524250050E-02; 2.8836609726010E-05; 1.3000000000000E+03; 1.0000000000000E+01; 1.0000000000000E+01; 1.0000000000000E+01; 0.0000000000000E+00; 1.0000000000000E+01; 1.0000000000000E+01
 1.7878529840000E+09; 1.0000000000000E+00; 1.0000000000000E+00; 1.1638397500000E+01; 1.9674575750000E+02; 1.8510736000000E+02; 9.0000000000000E+01; 4.0000000000000E+01; 5.0000000000000E+01; 1.5300000000000E-03; 2.0000000000000E+01; 5.7000000000000E+00; 3.9000000000000E+01; 5.5831619950936E-01; 1.0925322026014E-01; 1.3900000000000E+02; 1.0000000000000E+00;-3.5206477242872E+00;-8.2181420903627E+00; 2.7017900000000E+02; 2.5723500000000E+02; 2.0000000000000E+00; 2.0000000000000E+00; 2.0000000000000E+00; 2.0000000000000E+00; 1.0000000000000E+02; 1.0000000000000E+01; 1.0000000000000E+01; 1.0000000000000E+01;                 NAN;-4.6082173809954E+02;-1.4674477612688E+00; 6.1337242752685E+01; 1.6130451322086E+00; 5.0000000000000E-06; 3.9244236194762E-02; 2.8836609726010E-05; 1.3000000000000E+03; 1.0000000000000E+01; 1.0000000000000E+01; 1.0000000000000E+01; 0.0000000000000E+00; 1.0000000000000E+01; 1.0000000000000E+01
 1.7878529860000E+09; 1.0000000000000E+00; 1.0000000000000E+00; 1.1623737500000E+01; 1.9674370750000E+02; 1.8511997000000E+02; 8.0000000000000E+01; 4.0000000000000E+01; 4.0000000000000E+01; 1.5133333333333E-03; 2.1000000000000E+01; 6.1500000000000E+00; 4.0000000000000E+01; 5.5902156440446E-01; 1.4123286306858E-01; 1.3700000000000E+02; 1.0000000000000E+00;-5.3542269149621E+00;-7.7749711688121E+00; 2.7015850000000E+02; 2.5633600000000E+02; 1.0000000000000E+00; 2.0000000000000E+00; 2.0000000000000E+00; 2.0000000000000E+00; 1.0000000000000E+02; 1.0000000000000E+01; 1.0000000000000E+01; 1.0000000000000E+01;                 NAN; 1.0518179979833E+02;-2.0155714899974E+00; 6.7273704588230E+03; 2.4499666147319E+02; 4.8817571428571E-02; 7.2419592626192E-01; 2.8836609726010E-05; 1.4000000000000E+03; 1.0000000000000E+01; 1.0000000000000E+01; 1.0000000000000E+01; 0.0000000000000E+00; 1.0000000000000E+01; 1.0000000000000E+01
 1.7878529880000E+09; 0.0000000000000E+00; 0.0000000000000E+00; 1.1475604500000E+01; 1.9744965200000E+02; 1.8597404750000E+02; 9.0000000000000E+01; 5.0000000000000E+01; 4.0000000000000E+01; 1.4370000000000E-03; 2.0000000000000E+01; 8.9487179487179E+00; 3.9000000000000E+01; 5.5890597788550E-01; 1.3162122666836E-01; 1.3900000000000E+02; 1.0000000000000E+00; 4.9019414557032E+01; 3.4752806486905E+01; 2.7014550000000E+02; 2.5621400000000E+02; 2.0000000000000E+00; 2.0000000000000E+00; 2.0000000000000E+00; 2.0000000000000E+00; 1.0000000000000E+02; 2.0000000000000E-02; 1.0000000000000E+00; 2.0000000000000E-02;                 NAN; 4.4408471114685E+05; 5.8577820137827E+03; 1.5461103939255E+04; 5.4733089495589E+02; 1.6723028571429E-01; 8.0104584747572E-01; 2.8836609726010E-05; 3.0000000000000E+02; 2.0000000000000E-01; 1.0000000000000E+01; 2.0000000000000E-01; 0.0000000000000E+00; 2.0000000000000E-01; 1.0000000000000E+01
 1.7878529900000E+09; 0.0000000000000E+00; 0.0000000000000E+00; 1.1109295000000E+01; 1.9807904500000E+02; 1.8696975000000E+02; 8.0000000000000E+01; 4.0000000000000E+01; 4.0000000000000E+01; 1.4340000000000E-03; 2.0000000000000E+01; 1.0974358974359E+01; 3.9000000000000E+01; 5.5911254508032E-01; 8.9218392968178E-02; 1.3900000000000E+02; 1.0000000000000E+00; 4.8990084418815E+01; 3.4538405441644E+01; 2.7015300000000E+02; 2.5779900000000E+02; 2.0000000000000E+00; 2.0000000000000E+00; 2.0000000000000E+00; 2.0000000000000E+00; 1.0000000000000E+02; 4.0000000000000E-02; 9.7000000000000E-01; 4.0000000000000E-02;                 NAN; 3.6332057111548E+05; 5.8806583079176E+03; 1.5574846484946E+04; 5.5218813912671E+02; 1.6715857142857E-01; 7.9956528015506E-01; 2.8836609726010E-05; 1.1000000000000E+03; 4.0000000000000E-01; 9.7000000000000E+00; 4.0000000000000E-01; 0.0000000000000E+00; 4.0000000000000E-01; 9.7000000000000E+00
 1.7878529920000E+09; 0.0000000000000E+00; 0.0000000000000E+00; 1.1147950000000E+01; 1.9820591000000E+02; 1.8705796000000E+02; 9.0000000000000E+01; 4.0000000000000E+01; 5.0000000000000E+01; 1.4465000000000E-03; 2.0000000000000E+01; 1.6230769230769E+01; 3.9000000000000E+01; 5.5988237763229E-01; 1.0620995610952E-01; 1.3800000000000E+02; 1.0000000000000E+00; 4.9014990597322E+01; 3.4877380063820E+01; 2.7015400000000E+02; 2.5922600000000E+02; 2.0000000000000E+00; 2.0000000000000E+00; 2.0000000000000E+00; 1.0000000000000E+00; 1.0000000000000E+02; 3.0000000000000E-02; 9.4000000000000E-01;                 NAN;                 NAN; 3.9932970151867E+05; 5.8935107930991E+03; 1.5711289101216E+04; 5.6062979316574E+02; 1.6881100000000E-01; 7.9870890567985E-01; 2.8836609726010E-05; 1.2000000000000E+03; 3.0000000000000E-01; 9.4000000000000E+00; 0.0000000000000E+00; 0.0000000000000E+00; 3.0000000000000E-01; 9.4000000000000E+00
 1.7878529940000E+09; 0.0000000000000E+00; 0.0000000000000E+00; 1.1236556000000E+01; 1.9809168600000E+02; 1.8685513000000E+02; 9.0000000000000E+01; 5.0000000000000E+01; 4.0000000000000E+01; 1.4609523809524E-03; 2.1000000000000E+01; 2.1076923076923E+01; 3.9000000000000E+01; 5.5953716200331E-01; 1.7371973022819E-02; 1.3800000000000E+02; 1.0000000000000E+00; 4.8969776890524E+01; 3.4100749555936E+01; 2.7012500000000E+02; 2.6061950000000E+02; 2.0000000000000E+00; 2.0000000000000E+00; 2.0000000000000E+00; 2.0000000000000E+00; 1.0000000000000E+02; 4.0000000000000E-02; 9.3000000000000E-01;                 NAN;                 NAN; 4.0821399833146E+05; 5.9083666590686E+03; 1.5573613503421E+04; 5.7346920981449E+02; 1.7022357142857E-01; 7.9639832443762E-01; 2.8836609726010E-05; 1.1000000000000E+03; 4.0000000000000E-01; 9.3000000000000E+00; 0.0000000000000E+00; 0.0000000000000E+00; 4.0000000000000E-01; 9.3000000000000E+00
 1.7878529960000E+09; 0.0000000000000E+00; 0.0000000000000E+00; 1.1225185000000E+01; 1.9805400750000E+02; 1.8682882250000E+02; 8.0000000000000E+01; 4.0000000000000E+01; 4.0000000000000E+01; 1.4770000000000E-03; 2.0000000000000E+01; 2.9550000000000E+01; 4.0000000000000E+01; 5.5870406693263E-01; 1.6438704729080E-01; 1.3900000000000E+02; 1.0000000000000E+00; 4.9031114497194E+01; 3.3459060101469E+01; 2.7015400000000E+02; 2.6237500000000E+02; 2.0000000000000E+00; 2.0000000000000E+00; 1.0000000000000E+00; 2.0000000000000E+00; 1.0000000000000E+02; 4.0000000000000E-02; 9.2000000000000E-01;                 NAN;                 NAN; 3.4352552507128E+05; 5.9772513615288E+03; 1.5431380277489E+04; 5.8499164374318E+02; 1.7181200000000E-01; 7.9467331256120E-01; 2.8836609726010E-05; 1.1000000000000E+03; 4.0000000000000E-01; 9.2000000000000E+00; 0.0000000000000E+00; 0.0000000000000E+00; 4.0000000000000E-01; 9.2000000000000E+00
 1.7878529980000E+09; 0.0000000000000E+00; 0.0000000000000E+00; 1.1219019000000E+01; 1.9800380500000E+02; 1.8678478600000E+02; 9.0000000000000E+01; 4.0000000000000E+01; 5.0000000000000E+01; 1.4915000000000E-03; 2.0000000000000E+01; 3.9550000000000E+01; 4.0000000000000E+01; 5.6029507591999E-01; 2.7389386668801E-03; 1.3900000000000E+02; 1.0000000000000E+00; 4.9016546707558E+01; 3.3475068692614E+01; 2.7016000000000E+02; 2.6402700000000E+02; 2.0000000000000E+00; 2.0000000000000E+00; 2.0000000000000E+00; 2.0000000000000E+00; 1.0000000000000E+02; 3.0000000000000E-02; 9.2000000000000E-01;                 NAN;                 NAN; 3.6977673451735E+05; 5.9989386822564E+03; 1.5205630901170E+04; 5.9458515972038E+02; 1.7330114285714E-01; 7.9384864467832E-01; 2.8762024020128E-05; 1.2000000000000E+03; 3.0000000000000E-01; 9.2000000000000E+00; 0.0000000000000E+00; 0.0000000000000E+00; 3.0000000000000E-01; 9.2000000000000E+00
 1.7878530000000E+09; 0.0000000000000E+00; 0.0000000000000E+00; 1.1200672000000E+01; 1.9798677200000E+02; 1.8678610000000E+02; 9.0000000000000E+01; 5.0000000000000E+01; 4.0000000000000E+01; 1.5040000000000E-03; 2.0000000000000E+01; 5.4641025641026E+01; 3.9000000000000E+01; 5.5921735106603E-01; 1.2987133860588E-01; 1.3800000000000E+02; 1.0000000000000E+00; 4.8983778122739E+01; 3.3147339065872E+01; 2.7015450000000E+02; 2.6556000000000E+02; 2.0000000000000E+00; 2.0000000000000E+00; 2.0000000000000E+00; 2.0000000000000E+00; 1.0000000000000E+02; 4.0000000000000E-02; 9.1000000000000E-01;                 NAN; 4.0000000000000E-02; 3.6626738787908E+05; 6.0617964151462E+03; 1.5080376858324E+04; 6.0506033609332E+02; 1.7472228571429E-01; 7.9244585924027E-01; 2.8740546137553E-05; 1.1000000000000E+03; 4.0000000000000E-01; 9.1000000000000E+00; 0.0000000000000E+00; 4.0000000000000E-01; 4.0000000000000E-01; 9.1000000000000E+00
 1.7878530020000E+09; 0.0000000000000E+00; 0.0000000000000E+00; 1.1389292500000E+01; 1.9785182500000E+02; 1.8646253250000E+02; 8.0000000000000E+01; 4.0000000000000E+01; 4.0000000000000E+01; 1.5157142857143E-03; 2.1000000000000E+01; 8.0900000000000E+01; 4.0000000000000E+01; 5.5966810694273E-01; 1.9060984253883E-01; 1.3900000000000E+02; 1.0000000000000E+00; 4.8983061784146E+01; 3.2961356523777E+01; 2.7015100000000E+02; 2.6694850000000E+02; 2.0000000000000E+00; 1.0000000000000E+00; 2.0000000000000E+00; 2.0000000000000E+00; 1.0000000000000E+02; 4.0000000000000E-02; 9.0000000000000E-01;                 NAN; 4.0000000000000E-02; 4.1620533221018E+05; 6.0846825796648E+03; 1.4898071732825E+04; 6.1096876953473E+02; 1.7600300000000E-01; 7.9197570587489E-01; 2.8753244225679E-05; 1.1000000000000E+03; 4.0000000000000E-01; 9.0000000000000E+00; 0.0000000000000E+00; 4.0000000000000E-01; 4.0000000000000E-01; 9.0000000000000E+00
 1.7878530040000E+09; 0.0000000000000E+00; 0.0000000000000E+00; 1.1472822500000E+01; 1.9783365250000E+02; 1.8636083000000E+02; 9.0000000000000E+01; 4.0000000000000E+01; 5.0000000000000E+01; 1.5215000000000E-03; 2.0000000000000E+01; 1.0302500000000E+02; 4.0000000000000E+01; 5.6024054492120E-01; 1.4511302113533E-01; 1.3900000000000E+02; 1.0000000000000E+00; 4.8958302393473E+01; 3.2658980861621E+01; 2.7014500000000E+02; 2.6815100000000E+02; 2.0000000000000E+00; 2.0000000000000E+00; 2.0000000000000E+00; 2.0000000000000E+00; 1.0000000000000E+02; 3.0000000000000E-02; 8.9000000000000E-01;                 NAN; 3.0000000000000E-02; 3.9950325582176E+05; 6.1436331065782E+03; 1.4654359723872E+04; 6.2197637794616E+02; 1.7715750000000E-01; 7.9011421217103E-01; 2.8751625753882E-05; 1.2000000000000E+03; 3.0000000000000E-01; 8.9000000000000E+00; 0.0000000000000E+00; 3.0000000000000E-01; 3.0000000000000E-01; 8.9000000000000E+00
 1.7878530060000E+09; 0.0000000000000E+00; 0.0000000000000E+00; 1.1335166000000E+01; 1.9781882600000E+02; 1.8648366000000E+02; 9.0000000000000E+01; 5.0000000000000E+01; 4.0000000000000E+01; 1.5320000000000E-03; 2.0000000000000E+01; 1.4589743589744E+02; 3.9000000000000E+01; 5.6004252106815E-01; 6.2741987407207E-02; 1.3800000000000E+02; 1.0000000000000E+00; 4.8985201013311E+01; 3.2369988850493E+01; 2.7015250000000E+02; 2.6930300000000E+02; 2.0000000000000E+00; 2.0000000000000E+00; 2.0000000000000E+00; 2.0000000000000E+00; 1.0000000000000E+02; 4.0000000000000E-02; 8.8000000000000E-01;                 NAN; 4.0000000000000E-02; 3.8070838566706E+05; 6.1752056254716E+03; 1.4538437442984E+04; 6.2965318410548E+02; 1.7817628571429E-01; 7.8888503967563E-01; 2.8776461101544E-05; 1.1000000000000E+03; 4.0000000000000E-01; 8.8000000000000E+00; 0.0000000000000E+00; 4.0000000000000E-01; 4.0000000000000E-01; 8.8000000000000E+00
 1.7878530080000E+09; 0.0000000000000E+00; 0.0000000000000E+00; 1.1349582500000E+01; 1.9777303500000E+02; 1.8642345250000E+02; 8.0000000000000E+01; 4.0000000000000E+01; 4.0000000000000E+01; 1.5400000000000E-03; 2.1000000000000E+01; 1.9717948717949E+02; 3.9000000000000E+01; 5.6027370727320E-01; 1.1293049901724E-01; 1.3900000000000E+02; 1.0000000000000E+00; 4.8966988446561E+01; 3.2101731794427E+01; 2.7014800000000E+02; 2.7030800000000E+02; 2.0000000000000E+00; 2.0000000000000E+00; 2.0000000000000E+00; 2.0000000000000E+00; 1.0000000000000E+02; 3.0000000000000E-02; 8.8000000000000E-01;                 NAN; 3.0000000000000E-02; 4.1154947081161E+05; 6.2184249367032E+03; 1.4457633118035E+04; 6.3785222355198E+02; 1.7924914285714E-01; 7.8767830717212E-01; 2.8784990700182E-05; 1.1000000000000E+03; 3.0000000000000E-01; 8.8000000000000E+00; 0.0000000000000E+00; 3.0000000000000E-01; 3.0000000000000E-01; 8.8000000000000E+00
 1.7878530100000E+09; 0.0000000000000E+00; 0.0000000000000E+00; 1.1401376500000E+01; 1.9769051250000E+02; 1.8628913600000E+02; 9.0000000000000E+01; 4.0000000000000E+01; 5.0000000000000E+01; 1.5455000000000E-03; 2.0000000000000E+01; 2.5475000000000E+02; 4.0000000000000E+01; 5.6011860170810E-01; 1.1389420181513E-01; 1.3900000000000E+02; 1.0000000000000E+00; 4.9011054073005E+01; 3.2032786575654E+01; 2.7015250000000E+02; 2.7122950000000E+02; 1.0000000000000E+00; 2.0000000000000E+00; 2.0000000000000E+00; 2.0000000000000E+00; 1.0000000000000E+02; 4.0000000000000E-02; 8.8000000000000E-01;                 NAN; 4.0000000000000E-02; 4.1963578960824E+05; 6.2534284808022E+03; 1.4386171563809E+04; 6.4390371218203E+02; 1.8021200000000E-01; 7.8684587863041E-01; 2.8810476029008E-05; 1.2000000000000E+03; 4.0000000000000E-01; 8.8000000000000E+00; 0.0000000000000E+00; 4.0000000000000E-01; 4.0000000000000E-01; 8.8000000000000E+00
 1.7878530120000E+09; 0.0000000000000E+00; 0.0000000000000E+00; 1.1426700000000E+01; 1.9764246000000E+02; 1.8621576000000E+02; 9.0000000000000E+01; 5.0000000000000E+01; 4.0000000000000E+01; 1.5515000000000E-03; 2.0000000000000E+01; 3.2384615384615E+02; 3.9000000000000E+01; 5.5930404355129E-01; 5.5412787944078E-02; 1.3800000000000E+02; 1.0000000000000E+00; 4.8953988649438E+01; 3.1910215809886E+01; 2.7016300000000E+02; 2.7202200000000E+02; 2.0000000000000E+00; 2.0000000000000E+00; 2.0000000000000E+00; 2.0000000000000E+00; 1.0000000000000E+02; 3.0000000000000E-02; 8.7000000000000E-01;                 NAN; 3.0000000000000E-02; 3.7224791045153E+05; 6.2822390607694E+03; 1.4323194096744E+04; 6.5004864961489E+02; 1.8130814285714E-01; 7.8624244363170E-01; 2.8815093762712E-05; 1.1000000000000E+03; 3.0000000000000E-01; 8.7000000000000E+00; 0.0000000000000E+00; 3.0000000000000E-01; 3.0000000000000E-01; 8.7000000000000E+00
 1.7878530140000E+09; 0.0000000000000E+00; 0.0000000000000E+00; 1.1493547500000E+01; 1.9761742250000E+02; 1.8612387500000E+02; 8.0000000000000E+01; 4.0000000000000E+01; 4.0000000000000E+01; 1.5580000000000E-03; 2.0000000000000E+01; 3.8615384615385E+02; 3.9000000000000E+01; 5.5940579304163E-01; 2.4726530537009E-02; 1.3900000000000E+02; 1.0000000000000E+00; 4.8946527297884E+01; 3.1931179473906E+01; 2.7015450000000E+02; 2.7269700000000E+02; 2.0000000000000E+00; 2.0000000000000E+00; 2.0000000000000E+00; 1.0000000000000E+00; 1.0000000000000E+02; 4.0000000000000E-02; 8.7000000000000E-01;                 NAN; 4.0000000000000E-02; 4.6280779032543E+05; 6.2977498474033E+03; 1.4258462566676E+04; 6.5751260755036E+02; 1.8230285714286E-01; 7.8520078659623E-01; 2.8822055344742E-05; 1.1000000000000E+03; 4.0000000000000E-01; 8.7000000000000E+00; 0.0000000000000E+00; 4.0000000000000E-01; 4.0000000000000E-01; 8.7000000000000E+00
 1.7878530160000E+09; 4.0000000000000E+00; 0.0000000000000E+00; 1.1625488000000E+01; 1.9734293000000E+02; 1.8571744200000E+02; 9.0000000000000E+01; 4.0000000000000E+01; 5.0000000000000E+01; 1.6128571428571E-03; 2.1000000000000E+01; 1.0080000000000E+02; 4.0000000000000E+01; 5.5897192709309E-01; 1.7110759019852E-01; 1.3900000000000E+02; 1.0000000000000E+00; 2.1973981557888E+01;-8.9193331063615E+00; 2.7017850000000E+02; 2.7342900000000E+02; 2.0000000000000E+00; 2.0000000000000E+00; 2.0000000000000E+00; 2.0000000000000E+00; 1.0000000000000E+02; 3.0000000000000E-02; 8.6000000000000E-01;                 NAN; 3.0000000000000E-02; 4.3630135844281E+05;-1.3250323358300E+01; 5.8202042501391E+01; 2.6865826076643E+00; 3.0606000000000E-02; 9.9338602722166E-01; 2.8822677855492E-05; 1.2000000000000E+03; 3.0000000000000E-01; 8.6000000000000E+00; 0.0000000000000E+00; 3.0000000000000E-01; 3.0000000000000E-01; 8.6000000000000E+00
 1.7878530180000E+09; 1.0000000000000E+00; 1.0000000000000E+00; 1.1577433000000E+01; 1.9673931800000E+02; 1.8516188500000E+02; 9.0000000000000E+01; 5.0000000000000E+01; 4.0000000000000E+01; 1.6410000000000E-03; 2.0000000000000E+01; 1.8450000000000E+01; 4.0000000000000E+01; 5.5872057539829E-01; 2.1262279152870E-01; 1.3800000000000E+02; 1.0000000000000E+00;-5.1931313848750E+00;-7.7083530246108E+00; 2.7018300000000E+02; 2.7354650000000E+02; 2.0000000000000E+00; 2.0000000000000E+00; 2.0000000000000E+00; 2.0000000000000E+00; 1.0000000000000E+02; 4.0000000000000E-02; 1.0000000000000E+01;                 NAN; 4.0000000000000E-02;-4.9071719051194E+04; 2.7831322888550E+00; 5.5977871841150E+01; 1.2085088619327E+00; 5.0000000000000E-06; 5.1726774058617E-02; 2.8821850138367E-05; 1.2000000000000E+03; 4.0000000000000E-01; 1.0000000000000E+01; 0.0000000000000E+00; 4.0000000000000E-01; 4.0000000000000E-01; 1.0000000000000E+01
 1.7878530200000E+09; 1.0000000000000E+00; 1.0000000000000E+00; 1.1540340000000E+01; 1.9656117000000E+02; 1.8502083000000E+02; 8.0000000000000E+01; 4.0000000000000E+01; 4.0000000000000E+01; 1.6400000000000E-03; 2.0000000000000E+01; 1.1538461538462E+01; 3.9000000000000E+01; 5.5967654543386E-01; 4.8083588480949E-02; 1.3900000000000E+02; 1.0000000000000E+00;-3.0799377251369E+00;-9.3311178961042E+00; 2.7018100000000E+02; 2.7242000000000E+02; 2.0000000000000E+00; 2.0000000000000E+00; 1.0000000000000E+00; 2.0000000000000E+00; 1.0000000000000E+02; 3.8200000000000E+00; 1.0000000000000E+01;                 NAN; 3.8200000000000E+00; 3.2412919056118E+02;-1.7953998462269E+00; 5.9716798431613E+01; 1.1968655220043E+00; 5.0000000000000E-06; 5.2203712818354E-02; 2.8821850138367E-05; 1.2000000000000E+03; 7.6400000000000E+00; 1.0000000000000E+01; 0.0000000000000E+00; 7.6400000000000E+00; 7.6400000000000E+00; 1.0000000000000E+01
 1.7878530220000E+09; 1.0000000000000E+00; 1.0000000000000E+00; 1.1547535000000E+01; 1.9653903500000E+02; 1.8499150000000E+02; 8.0000000000000E+01; 4.0000000000000E+01; 4.0000000000000E+01; 1.6347619047619E-03; 2.1000000000000E+01; 9.8461538461538E+00; 3.9000000000000E+01; 5.5950511205539E-01; 1.1592303961515E-01; 1.3900000000000E+02; 1.0000000000000E+00;-3.6827220165254E+00;-9.3537784835626E+00; 2.7018450000000E+02; 2.7093000000000E+02; 2.0000000000000E+00; 2.0000000000000E+00; 2.0000000000000E+00; 2.0000000000000E+00; 1.0000000000000E+02; 1.0000000000000E+01; 1.0000000000000E+01;                 NAN;                 NAN; 1.4514463328341E+01;-4.2937338687884E+00; 6.1633930593774E+01; 1.0125200080725E+00; 5.2857142857143E-06; 6.4395304865079E-02; 2.8821850138367E-05; 1.3000000000000E+03; 1.0000000000000E+01; 1.0000000000000E+01; 0.0000000000000E+00; 0.0000000000000E+00; 1.0000000000000E+01; 1.0000000000000E+01
 1.7878530240000E+09; 1.0000000000000E+00; 1.0000000000000E+00; 1.1551860500000E+01; 1.9655246250000E+02; 1.8500060200000E+02; 9.0000000000000E+01; 4.0000000000000E+01; 5.0000000000000E+01; 1.6285000000000E-03; 2.0000000000000E+01; 8.8900000000000E+00; 4.0000000000000E+01; 5.6078242606825E-01; 1.3068288564682E-01; 1.3900000000000E+02; 1.0000000000000E+00;-5.3053368675226E+00;-8.8620164091749E+00; 2.7018000000000E+02; 2.6929700000000E+02; 2.0000000000000E+00; 1.0000000000000E+00; 2.0000000000000E+00; 2.0000000000000E+00; 1.0000000000000E+02; 1.0000000000000E+01; 1.0000000000000E+01;                 NAN;                 NAN;-1.6685362217706E+02;-1.4077189133601E+00; 5.7709135320029E+01; 1.2005156593582E+00; 5.4285714285714E-06; 5.6263924916302E-02; 2.8821850138367E-05; 1.3000000000000E+03; 1.0000000000000E+01; 1.0000000000000E+01; 0.0000000000000E+00; 0.0000000000000E+00; 1.0000000000000E+01; 1.0000000000000E+01
 1.7878530260000E+09; 1.0000000000000E+00; 1.0000000000000E+00; 1.1564317500000E+01; 1.9656977500000E+02; 1.8500545750000E+02; 8.0000000000000E+01; 4.0000000000000E+01; 4.0000000000000E+01; 1.6200000000000E-03; 2.0000000000000E+01; 8.0325000000000E+00; 4.0000000000000E+01; 5.5993277646655E-01; 1.4064957201481E-01; 1.3900000000000E+02; 1.0000000000000E+00;-5.1322166142129E+00;-8.5903867215347E+00; 2.7018400000000E+02; 2.6772800000000E+02; 2.0000000000000E+00; 2.0000000000000E+00; 2.0000000000000E+00; 2.0000000000000E+00; 1.0000000000000E+02; 1.0000000000000E+01; 1.0000000000000E+01;                 NAN;                 NAN;-1.2453856945085E+02;-4.3187385744420E-01; 6.8945796987998E+01; 3.0595080293602E+00; 5.7142857142857E-06; 2.4032959049144E-02; 2.8821850138367E-05; 1.3000000000000E+03; 1.0000000000000E+01; 1.0000000000000E+01; 0.0000000000000E+00; 0.0000000000000E+00; 1.0000000000000E+01; 1.0000000000000E+01
 1.7878530280000E+09; 1.0000000000000E+00; 1.0000000000000E+00; 1.1577197000000E+01; 1.9658879200000E+02; 1.8501159500000E+02; 9.0000000000000E+01; 5.0000000000000E+01; 4.0000000000000E+01; 1.6155000000000E-03; 2.0000000000000E+01; 7.4179487179487E+00; 3.9000000000000E+01; 5.6000388474344E-01; 7.9251699149609E-02; 1.3900000000000E+02; 1.0000000000000E+00;-5.3122221316876E+00;-7.9124346840338E+00; 2.7018500000000E+02; 2.6618600000000E+02; 2.0000000000000E+00; 2.0000000000000E+00; 2.0000000000000E+00; 2.0000000000000E+00; 1.0000000000000E+02; 1.0000000000000E+01; 1.0000000000000E+01;                 NAN;                 NAN;-7.1751502054201E+01;-2.6793387859593E+00; 5.5383399482179E+01; 6.8395010253938E-01; 6.0000000000000E-06; 1.0367072879826E-01; 2.8821850138367E-05; 1.4000000000000E+03; 1.0000000000000E+01; 1.0000000000000E+01; 0.0000000000000E+00; 0.0000000000000E+00; 1.0000000000000E+01; 1.0000000000000E+01
 1.7878530300000E+09; 1.0000000000000E+00; 1.0000000000000E+00; 1.1583609000000E+01; 1.9660305500000E+02; 1.8501944600000E+02; 9.0000000000000E+01; 4.0000000000000E+01; 5.0000000000000E+01; 1.6100000000000E-03; 2.1000000000000E+01; 6.9550000000000E+00; 4.0000000000000E+01; 5.6022557871929E-01; 1.2086834758520E-01; 1.3800000000000E+02; 1.0000000000000E+00;-5.3397831709412E+00;-8.2526897596464E+00; 2.7018150000000E+02; 2.6481550000000E+02; 1.0000000000000E+00; 2.0000000000000E+00; 2.0000000000000E+00; 2.0000000000000E+00; 1.0000000000000E+02; 1.0000000000000E+01; 1.0000000000000E+01; 1.0000000000000E+01;                 NAN;-4.0190255521471E+02;-5.4148602085513E-01; 6.6457104797199E+01; 9.7834850932005E-01; 5.8571428571429E-06; 7.3157664559055E-02; 2.8821850138367E-05; 1.3000000000000E+03; 1.0000000000000E+01; 1.0000000000000E+01; 1.0000000000000E+01; 0.0000000000000E+00; 1.0000000000000E+01; 1.0000000000000E+01
 1.7878530320000E+09; 1.0000000000000E+00; 1.0000000000000E+00; 1.1585352500000E+01; 1.9661005250000E+02; 1.8502470000000E+02; 8.0000000000000E+01; 4.0000000000000E+01; 4.0000000000000E+01; 1.6100000000000E-03; 2.0000000000000E+01; 6.6076923076923E+00; 3.9000000000000E+01; 5.6008368833888E-01; 7.8465521335602E-02; 1.3900000000000E+02; 1.0000000000000E+00;-5.1240765055672E+00;-8.1651162058335E+00; 2.7018650000000E+02; 2.6353650000000E+02; 2.0000000000000E+00; 2.0000000000000E+00; 2.0000000000000E+00; 2.0000000000000E+00; 1.0000000000000E+02; 1.0000000000000E+01; 1.0000000000000E+01; 1.0000000000000E+01;                 NAN;-6.5529996771857E+02;-5.6151609754755E+00; 5.6629493999668E+01; 3.0701964603490E+00; 5.2857142857143E-06; 2.2194818236694E-02; 2.8821850138367E-05; 1.3000000000000E+03; 1.0000000000000E+01; 1.0000000000000E+01; 1.0000000000000E+01; 0.0000000000000E+00; 1.0000000000000E+01; 1.0000000000000E+01
 1.7878530340000E+09; 1.0000000000000E+00; 1.0000000000000E+00; 1.1587301000000E+01; 1.9661580500000E+02; 1.8502850400000E+02; 9.0000000000000E+01; 4.0000000000000E+01; 5.0000000000000E+01; 1.6100000000000E-03; 2.0000000000000E+01; 6.3300000000000E+00; 4.0000000000000E+01; 5.6010282436292E-01; 7.1212403476238E-02; 1.3900000000000E+02; 1.0000000000000E+00;-3.7111824292071E+00;-9.3997539572071E+00; 2.7018600000000E+02; 2.6243350000000E+02; 2.0000000000000E+00; 2.0000000000000E+00; 2.0000000000000E+00; 2.0000000000000E+00; 1.0000000000000E+02; 1.0000000000000E+01; 1.0000000000000E+01; 1.0000000000000E+01;                 NAN;-1.7850317489289E+02; 3.1397162283525E+00; 6.7802689849358E+01; 5.1479243316677E+00; 5.1666666666667E-06; 1.3059632096465E-02; 2.8821850138367E-05; 1.4000000000000E+03; 1.0000000000000E+01; 1.0000000000000E+01; 1.0000000000000E+01; 0.0000000000000E+00; 1.0000000000000E+01; 1.0000000000000E+01
 1.7878530360000E+09; 1.0000000000000E+00; 1.0000000000000E+00; 1.1592876000000E+01; 1.9661858600000E+02; 1.8502571000000E+02; 9.0000000000000E+01; 5.0000000000000E+01; 4.0000000000000E+01; 1.6100000000000E-03; 2.1000000000000E+01; 6.1384615384615E+00; 3.9000000000000E+01; 5.6016038878359E-01; 8.3765871822834E-02; 1.3900000000000E+02; 1.0000000000000E+00;-3.7824375824210E+00;-9.3839430807885E+00; 2.7018750000000E+02; 2.6169800000000E+02; 2.0000000000000E+00; 2.0000000000000E+00; 2.0000000000000E+00; 1.0000000000000E+00; 1.0000000000000E+02; 1.0000000000000E+01; 1.0000000000000E+01; 1.0000000000000E+01;                 NAN; 1.2574519767678E+01;-1.9685666275843E-01; 6.8006686495117E+01; 4.8633884840753E+00; 5.0000000000000E-06; 1.3373514498484E-02; 2.8821850138367E-05; 1.3000000000000E+03; 1.0000000000000E+01; 1.0000000000000E+01; 1.0000000000000E+01; 0.0000000000000E+00; 1.0000000000000E+01; 1.0000000000000E+01
 1.7878530380000E+09; 1.0000000000000E+00; 1.0000000000000E+00; 1.1594262500000E+01; 1.9661829500000E+02; 1.8502403250000E+02; 8.0000000000000E+01; 4.0000000000000E+01; 4.0000000000000E+01; 1.6100000000000E-03; 2.0000000000000E+01; 5.9775000000000E+00; 4.0000000000000E+01; 5.5893928532549E-01; 1.0684397071600E-01; 1.3900000000000E+02; 1.0000000000000E+00;-3.4366951684412E+00;-9.4021179668076E+00; 2.7018700000000E+02; 2.6105200000000E+02; 2.0000000000000E+00; 2.0000000000000E+00; 2.0000000000000E+00; 2.0000000000000E+00; 1.0000000000000E+02; 1.0000000000000E+01; 1.0000000000000E+01; 1.0000000000000E+01;                 NAN; 3.8298375701707E+02; 2.1385202560772E+00; 5.7329325586831E+01; 6.2630883276678E+00; 4.8571428571429E-06; 1.0121294531501E-02; 2.8821850138367E-05; 1.3000000000000E+03; 1.0000000000000E+01; 1.0000000000000E+01; 1.0000000000000E+01; 0.0000000000000E+00; 1.0000000000000E+01; 1.0000000000000E+01
 1.7878530400000E+09; 1.0000000000000E+00; 1.0000000000000E+00; 1.1594624000000E+01; 1.9661640000000E+02; 1.8502177600000E+02; 9.0000000000000E+01; 4.0000000000000E+01; 5.0000000000000E+01; 1.6100000000000E-03; 2.0000000000000E+01; 5.8769230769231E+00; 3.9000000000000E+01; 5.6015063973639E-01; 9.6268624067307E-02; 1.3900000000000E+02; 1.0000000000000E+00;-5.3589244756178E+00;-7.0296038818379E+00; 2.7018750000000E+02; 2.6026950000000E+02; 2.0000000000000E+00; 2.0000000000000E+00; 2.0000000000000E+00; 2.0000000000000E+00; 1.0000000000000E+02; 1.0000000000000E+01; 1.0000000000000E+01; 1.0000000000000E+01;                 NAN; 3.7510141122808E+02;-2.4508000373677E+00; 6.8140354128706E+01; 1.0376461484888E+01; 5.0000000000000E-06; 6.3129463489219E-03; 2.8821850138367E-05; 1.3000000000000E+03; 1.0000000000000E+01; 1.0000000000000E+01; 1.0000000000000E+01; 0.0000000000000E+00; 1.0000000000000E+01; 1.0000000000000E+01
 1.7878530420000E+09; 1.0000000000000E+00; 1.0000000000000E+00; 1.1594362000000E+01; 1.9661429200000E+02; 1.8501993000000E+02; 9.0000000000000E+01; 5.0000000000000E+01; 4.0000000000000E+01; 1.6100000000000E-03; 2.0000000000000E+01; 5.8000000000000E+00; 4.0000000000000E+01; 5.5996178452519E-01; 1.0461223870516E-01; 1.3800000000000E+02; 1.0000000000000E+00;-5.3548660330804E+00;-7.2984373121518E+00; 2.7018600000000E+02; 2.5958250000000E+02; 2.0000000000000E+00; 2.0000000000000E+00; 1.0000000000000E+00; 2.0000000000000E+00; 1.0000000000000E+02; 1.0000000000000E+01; 1.0000000000000E+01; 1.0000000000000E+01;                 NAN;-2.1728669445985E+02; 2.3900327837191E+00; 5.5522671721484E+01; 8.6039223858604E+00; 5.3750000000000E-06; 8.1692333466176E-03; 2.8821850138367E-05; 1.4000000000000E+03; 1.0000000000000E+01; 1.0000000000000E+01; 1.0000000000000E+01; 0.0000000000000E+00; 1.0000000000000E+01; 1.0000000000000E+01
 1.7878530440000E+09; 1.0000000000000E+00; 1.0000000000000E+00; 1.1593897500000E+01; 1.9661171000000E+02; 1.8501781250000E+02; 8.0000000000000E+01; 4.0000000000000E+01; 4.0000000000000E+01; 1.6119047619048E-03; 2.1000000000000E+01; 5.7051282051282E+00; 3.9000000000000E+01; 5.6004546523094E-01; 1.2439346313477E-01; 1.3900000000000E+02; 1.0000000000000E+00;-4.7718148004185E+00;-9.0451179136158E+00; 2.7018850000000E+02; 2.5896150000000E+02; 2.0000000000000E+00; 2.0000000000000E+00; 2.0000000000000E+00; 2.0000000000000E+00; 1.0000000000000E+02; 1.0000000000000E+01; 1.0000000000000E+01; 1.0000000000000E+01;                 NAN; 8.8604205826779E+01; 9.2974429526785E-01; 7.3232062617992E+01; 6.4280700341663E+00; 5.2857142857143E-06; 1.0725111366005E-02; 2.8821850138367E-05; 1.3000000000000E+03; 1.0000000000000E+01; 1.0000000000000E+01; 1.0000000000000E+01; 0.0000000000000E+00; 1.0000000000000E+01; 1.0000000000000E+01
 1.7878530460000E+09; 1.0000000000000E+00; 1.0000000000000E+00; 1.1590534000000E+01; 1.9661262000000E+02; 1.8502208600000E+02; 9.0000000000000E+01; 4.0000000000000E+01; 5.0000000000000E+01; 1.6125000000000E-03; 2.0000000000000E+01; 5.7875000000000E+00; 4.0000000000000E+01; 5.6056679455496E-01; 1.4868886768818E-01; 1.3900000000000E+02; 1.0000000000000E+00;-3.9323638439260E+00;-9.4102297540636E+00; 2.7018800000000E+02; 2.5834950000000E+02; 2.0000000000000E+00; 1.0000000000000E+00; 2.0000000000000E+00; 2.0000000000000E+00; 1.0000000000000E+02; 1.0000000000000E+01; 1.0000000000000E+01; 1.0000000000000E+01;                 NAN; 1.5021368321177E+02; 4.0667211445658E+00; 1.8360891075643E+03; 8.1680785330475E+01; 1.1972571428571E-02; 6.5899908795350E-01; 2.8821850138367E-05; 1.3000000000000E+03; 1.0000000000000E+01; 1.0000000000000E+01; 1.0000000000000E+01; 0.0000000000000E+00; 1.0000000000000E+01; 1.0000000000000E+01
 1.7878530480000E+09; 0.0000000000000E+00; 0.0000000000000E+00; 1.1476065000000E+01; 1.9714338750000E+02; 1.8566732250000E+02; 8.0000000000000E+01; 4.0000000000000E+01; 4.0000000000000E+01; 1.5465000000000E-03; 2.0000000000000E+01; 8.4410256410256E+00; 3.9000000000000E+01; 5.6105187570020E-01; 5.1760867238045E-02; 1.3900000000000E+02; 1.0000000000000E+00; 4.9069005254119E+01; 3.5251131223526E+01; 2.7016650000000E+02; 2.5754500000000E+02; 2.0000000000000E+00; 2.0000000000000E+00; 2.0000000000000E+00; 2.0000000000000E+00; 1.0000000000000E+02; 2.0000000000000E-02; 1.0000000000000E+00; 2.0000000000000E-02;                 NAN; 3.6545942559696E+05; 5.8960557745149E+03; 1.5226419116467E+04; 5.4092732957204E+02; 1.6879785714286E-01; 8.0446757074700E-01; 2.8821850138367E-05; 4.0000000000000E+02; 2.0000000000000E-01; 1.0000000000000E+01; 2.0000000000000E-01; 0.0000000000000E+00; 2.0000000000000E-01; 1.0000000000000E+01
 1.7878530500000E+09; 0.0000000000000E+00; 0.0000000000000E+00; 1.1495054000000E+01; 1.9785749400000E+02; 1.8636244000000E+02; 9.0000000000000E+01; 5.0000000000000E+01; 4.0000000000000E+01; 1.5338095238095E-03; 2.1000000000000E+01; 1.0466666666667E+01; 3.9000000000000E+01; 5.5972253962815E-01; 1.1658241599798E-01; 1.3900000000000E+02; 1.0000000000000E+00; 4.9121306739521E+01; 3.4915466436422E+01; 2.7016850000000E+02; 2.5878100000000E+02; 2.0000000000000E+00; 2.0000000000000E+00; 2.0000000000000E+00; 2.0000000000000E+00; 1.0000000000000E+02; 3.0000000000000E-02; 9.6000000000000E-01; 3.0000000000000E-02;                 NAN; 3.9608016564851E+05; 5.9034665701087E+03; 1.5352249284610E+04; 5.4615154322122E+02; 1.6763700000000E-01; 8.0185709705648E-01; 2.8821850138367E-05; 1.1000000000000E+03; 3.0000000000000E-01; 9.6000000000000E+00; 3.0000000000000E-01; 0.0000000000000E+00; 3.0000000000000E-01; 9.6000000000000E+00
 1.7878530520000E+09; 0.0000000000000E+00; 0.0000000000000E+00; 1.1645891000000E+01; 1.9786203500000E+02; 1.8621614400000E+02; 9.0000000000000E+01; 4.0000000000000E+01; 5.0000000000000E+01; 1.5410000000000E-03; 2.0000000000000E+01; 1.5256410256410E+01; 3.9000000000000E+01; 5.5972685263641E-01; 7.8110471367836E-02; 1.3800000000000E+02; 1.0000000000000E+00; 4.9065109620181E+01; 3.4314147794207E+01; 2.7017200000000E+02; 2.6067300000000E+02; 2.0000000000000E+00; 2.0000000000000E+00; 2.0000000000000E+00; 2.0000000000000E+00; 1.0000000000000E+02; 4.0000000000000E-02; 9.4000000000000E-01;                 NAN;                 NAN; 3.8670794535874E+05; 5.9226223523651E+03; 1.5486380060520E+04; 5.5583005765015E+02; 1.6868042857143E-01; 8.0004583294786E-01; 2.8821850138367E-05; 1.1000000000000E+03; 4.0000000000000E-01; 9.4000000000000E+00; 0.0000000000000E+00; 0.0000000000000E+00; 4.0000000000000E-01; 9.4000000000000E+00
 1.7878530540000E+09; 0.0000000000000E+00; 0.0000000000000E+00; 1.1638229500000E+01; 1.9780211200000E+02; 1.8616388250000E+02; 9.0000000000000E+01; 5.0000000000000E+01; 4.0000000000000E+01; 1.5550000000000E-03; 2.0000000000000E+01; 2.0512820512821E+01; 3.9000000000000E+01; 5.6056019413385E-01; 1.6907873749733E-01; 1.3900000000000E+02; 1.0000000000000E+00; 4.9013788598012E+01; 3.3934973550595E+01; 2.7016900000000E+02; 2.6257550000000E+02; 1.0000000000000E+00; 2.0000000000000E+00; 2.0000000000000E+00; 2.0000000000000E+00; 1.0000000000000E+02; 4.0000000000000E-02; 9.3000000000000E-01;                 NAN;                 NAN; 4.1357277638264E+05; 5.9356502704030E+03; 1.5397931984033E+04; 5.6583552987115E+02; 1.7038925000000E-01; 7.9880134640034E-01; 2.8821850138367E-05; 1.2000000000000E+03; 4.0000000000000E-01; 9.3000000000000E+00; 0.0000000000000E+00; 0.0000000000000E+00; 4.0000000000000E-01; 9.3000000000000E+00
 1.7878530560000E+09; 0.0000000000000E+00; 0.0000000000000E+00; 1.1562132500000E+01; 1.9777557250000E+02; 1.8621344000000E+02; 8.0000000000000E+01; 4.0000000000000E+01; 4.0000000000000E+01; 1.5700000000000E-03; 2.0000000000000E+01; 2.8410256410256E+01; 3.9000000000000E+01; 5.6119562715506E-01; 9.4823069870472E-02; 1.3900000000000E+02; 1.0000000000000E+00; 4.9008824842983E+01; 3.3994077249423E+01; 2.7017100000000E+02; 2.6443900000000E+02; 2.0000000000000E+00; 2.0000000000000E+00; 2.0000000000000E+00; 2.0000000000000E+00; 1.0000000000000E+02; 4.0000000000000E-02; 9.2000000000000E-01;                 NAN;                 NAN; 3.4157719151597E+05; 5.9953949705586E+03; 1.5231108849768E+04; 5.7806705965948E+02; 1.7199083333333E-01; 7.9686083501853E-01; 2.8821850138367E-05; 1.1000000000000E+03; 4.0000000000000E-01; 9.2000000000000E+00; 0.0000000000000E+00; 0.0000000000000E+00; 4.0000000000000E-01; 9.2000000000000E+00
 1.7878530580000E+09; 0.0000000000000E+00; 0.0000000000000E+00; 1.1437724500000E+01; 1.9773957250000E+02; 1.8630184800000E+02; 9.0000000000000E+01; 4.0000000000000E+01; 5.0000000000000E+01; 1.5809523809524E-03; 2.1000000000000E+01; 3.8725000000000E+01; 4.0000000000000E+01; 5.6167525472401E-01; 9.9032923579216E-02; 1.3900000000000E+02; 1.0000000000000E+00; 4.9011337999269E+01; 3.3326394814431E+01; 2.7014800000000E+02; 2.6588300000000E+02; 2.0000000000000E+00; 2.0000000000000E+00; 2.0000000000000E+00; 1.0000000000000E+00; 1.0000000000000E+02; 3.0000000000000E-02; 9.1000000000000E-01;                 NAN;                 NAN; 3.8325835465548E+05; 6.0183043728809E+03; 1.5117894724730E+04; 5.8788785706841E+02; 1.7333075000000E-01; 7.9582185007394E-01; 2.8744723029060E-05; 1.1000000000000E+03; 3.0000000000000E-01; 9.1000000000000E+00; 0.0000000000000E+00; 0.0000000000000E+00; 3.0000000000000E-01; 9.1000000000000E+00
 1.7878530600000E+09; 0.0000000000000E+00; 0.0000000000000E+00; 1.1495319000000E+01; 1.9759574400000E+02; 1.8610042500000E+02; 9.0000000000000E+01; 5.0000000000000E+01; 4.0000000000000E+01; 1.5915000000000E-03; 2.0000000000000E+01; 5.4769230769231E+01; 3.9000000000000E+01; 5.6228115793156E-01; 1.2064010649920E-01; 1.3800000000000E+02; 1.0000000000000E+00; 4.8992022623103E+01; 3.3391997437543E+01; 2.7017500000000E+02; 2.6713900000000E+02; 2.0000000000000E+00; 2.0000000000000E+00; 2.0000000000000E+00; 2.0000000000000E+00; 1.0000000000000E+02; 4.0000000000000E-02; 9.0000000000000E-01;                 NAN; 4.0000000000000E-02; 3.8360321593966E+05; 6.0297238694688E+03; 1.4874512978685E+04; 5.9749426062320E+02; 1.7473300000000E-01; 7.9476614523795E-01; 2.8696863716497E-05; 1.2000000000000E+03; 4.0000000000000E-01; 9.0000000000000E+00; 0.0000000000000E+00; 4.0000000000000E-01; 4.0000000000000E-01; 9.0000000000000E+00
 1.7878530620000E+09; 0.0000000000000E+00; 0.0000000000000E+00; 1.1389775000000E+01; 1.9753598750000E+02; 1.8614621250000E+02; 8.0000000000000E+01; 4.0000000000000E+01; 4.0000000000000E+01; 1.6010000000000E-03; 2.0000000000000E+01; 8.3282051282051E+01; 3.9000000000000E+01; 5.6162452243215E-01; 1.6278932988644E-01; 1.3900000000000E+02; 1.0000000000000E+00; 4.8956437309435E+01; 3.3027283000153E+01; 2.7017700000000E+02; 2.6877350000000E+02; 2.0000000000000E+00; 2.0000000000000E+00; 1.0000000000000E+00; 2.0000000000000E+00; 1.0000000000000E+02; 3.0000000000000E-02; 9.0000000000000E-01;                 NAN; 3.0000000000000E-02; 3.6046889460102E+05; 6.0899116827451E+03; 1.4730870631010E+04; 6.0662613052434E+02; 1.7617112500000E-01; 7.9361717069828E-01; 2.8698534299025E-05; 1.1000000000000E+03; 3.0000000000000E-01; 9.0000000000000E+00; 0.0000000000000E+00; 3.0000000000000E-01; 3.0000000000000E-01; 9.0000000000000E+00
 1.7878530640000E+09; 0.0000000000000E+00; 0.0000000000000E+00; 1.1319032500000E+01; 1.9752917250000E+02; 1.8621014000000E+02; 8.0000000000000E+01; 4.0000000000000E+01; 4.0000000000000E+01; 1.6070000000000E-03; 2.0000000000000E+01; 1.0756410256410E+02; 3.9000000000000E+01; 5.5965100761773E-01; 1.3550138473511E-01; 1.3800000000000E+02; 1.0000000000000E+00; 4.8977581995961E+01; 3.2492258944234E+01; 2.7017000000000E+02; 2.7010800000000E+02; 2.0000000000000E+00; 2.0000000000000E+00; 2.0000000000000E+00; 2.0000000000000E+00; 1.0000000000000E+02; 4.0000000000000E-02; 8.9000000000000E-01;                 NAN; 4.0000000000000E-02; 4.4151661193397E+05; 6.1650890581355E+03; 1.4550326907691E+04; 6.1425137485378E+02; 1.7732866666667E-01; 7.9265396575002E-01; 2.8696471839863E-05; 1.1000000000000E+03; 4.0000000000000E-01; 8.9000000000000E+00; 0.0000000000000E+00; 4.0000000000000E-01; 4.0000000000000E-01; 8.9000000000000E+00
 1.7878530660000E+09; 0.0000000000000E+00; 0.0000000000000E+00; 1.1118098000000E+01; 1.9760690000000E+02; 1.8648880200000E+02; 9.0000000000000E+01; 4.0000000000000E+01; 5.0000000000000E+01; 1.6128571428571E-03; 2.1000000000000E+01; 1.6461538461538E+02; 3.9000000000000E+01; 5.6110464485429E-01; 1.4176543056965E-01; 1.3900000000000E+02; 1.0000000000000E+00; 4.8985674022540E+01; 3.2329960704090E+01; 2.7017250000000E+02; 2.7138000000000E+02; 2.0000000000000E+00; 2.0000000000000E+00; 2.0000000000000E+00; 2.0000000000000E+00; 1.0000000000000E+02; 4.0000000000000E-02; 8.9000000000000E-01;                 NAN; 4.0000000000000E-02; 4.4449135195587E+05; 6.2038236467317E+03; 1.4393558444196E+04; 6.2304725651244E+02; 1.7850228571429E-01; 7.9128996706823E-01; 2.8715346262165E-05; 1.2000000000000E+03; 4.0000000000000E-01; 8.9000000000000E+00; 0.0000000000000E+00; 4.0000000000000E-01; 4.0000000000000E-01; 8.9000000000000E+00
 1.7878530680000E+09; 0.0000000000000E+00; 0.0000000000000E+00; 1.1228487500000E+01; 1.9760437000000E+02; 1.8637588250000E+02; 9.0000000000000E+01; 5.0000000000000E+01; 4.0000000000000E+01; 1.6210000000000E-03; 2.0000000000000E+01; 2.2743589743590E+02; 3.9000000000000E+01; 5.6232044458818E-01; 8.6606256663799E-02; 1.3900000000000E+02; 1.0000000000000E+00; 4.9039191416500E+01; 3.2196135373235E+01; 2.7015250000000E+02; 2.7249550000000E+02; 2.0000000000000E+00; 1.0000000000000E+00; 2.0000000000000E+00; 2.0000000000000E+00; 1.0000000000000E+02; 3.0000000000000E-02; 8.8000000000000E-01;                 NAN; 3.0000000000000E-02; 3.7014382750843E+05; 6.2354404026442E+03; 1.4334643210906E+04; 6.3071753710554E+02; 1.7970928571429E-01; 7.9010549343137E-01; 2.8763067388005E-05; 1.1000000000000E+03; 3.0000000000000E-01; 8.8000000000000E+00; 0.0000000000000E+00; 3.0000000000000E-01; 3.0000000000000E-01; 8.8000000000000E+00
 1.7878530700000E+09; 0.0000000000000E+00; 0.0000000000000E+00; 1.1208372500000E+01; 1.9757406250000E+02; 1.8636569000000E+02; 8.0000000000000E+01; 4.0000000000000E+01; 4.0000000000000E+01; 1.6245000000000E-03; 2.0000000000000E+01; 3.1450000000000E+02; 4.0000000000000E+01; 5.6185741704443E-01; 1.6900266706944E-01; 1.3800000000000E+02; 1.0000000000000E+00; 4.8997271150213E+01; 3.1972307543767E+01; 2.7017950000000E+02; 2.7343400000000E+02; 2.0000000000000E+00; 2.0000000000000E+00; 2.0000000000000E+00; 2.0000000000000E+00; 1.0000000000000E+02; 4.0000000000000E-02; 8.7000000000000E-01;                 NAN; 4.0000000000000E-02; 4.5625793673951E+05; 6.2478559551981E+03; 1.4162686323207E+04; 6.3780001409059E+02; 1.8073200000000E-01; 7.8902001913443E-01; 2.8793028887131E-05; 1.1000000000000E+03; 4.0000000000000E-01; 8.7000000000000E+00; 0.0000000000000E+00; 4.0000000000000E-01; 4.0000000000000E-01; 8.7000000000000E+00
 1.7878530720000E+09; 0.0000000000000E+00; 0.0000000000000E+00; 1.1251297500000E+01; 1.9742298750000E+02; 1.8617169000000E+02; 9.0000000000000E+01; 4.0000000000000E+01; 5.0000000000000E+01; 1.6300000000000E-03; 2.1000000000000E+01; 4.0179487179487E+02; 3.9000000000000E+01; 5.6205940269738E-01; 4.0652949362993E-02; 1.3900000000000E+02; 1.0000000000000E+00; 4.8962375747972E+01; 3.1861442485811E+01; 2.7017050000000E+02; 2.7441300000000E+02; 2.0000000000000E+00; 2.0000000000000E+00; 2.0000000000000E+00; 2.0000000000000E+00; 1.0000000000000E+02; 3.0000000000000E-02; 8.7000000000000E-01;                 NAN; 3.0000000000000E-02; 3.7271521752197E+05; 6.2941130277487E+03; 1.4108416788163E+04; 6.4421867626718E+02; 1.8175971428571E-01; 7.8832729135786E-01; 2.8787650555551E-05; 1.2000000000000E+03; 3.0000000000000E-01; 8.7000000000000E+00; 0.0000000000000E+00; 3.0000000000000E-01; 3.0000000000000E-01; 8.7000000000000E+00
 1.7878530740000E+09; 0.0000000000000E+00; 0.0000000000000E+00; 1.1313910000000E+01; 1.9733978000000E+02; 1.8602587000000E+02; 9.0000000000000E+01; 5.0000000000000E+01; 4.0000000000000E+01; 1.6305000000000E-03; 2.0000000000000E+01; 4.5717948717949E+02; 3.9000000000000E+01; 5.6091263193450E-01; 1.2378481030464E-01; 1.3900000000000E+02; 1.0000000000000E+00; 4.8954864181862E+01; 3.1976842513663E+01; 2.7017500000000E+02; 2.7526950000000E+02; 1.0000000000000E+00; 2.0000000000000E+00; 2.0000000000000E+00; 2.0000000000000E+00; 1.0000000000000E+02; 4.0000000000000E-02; 8.6000000000000E-01;                 NAN; 4.0000000000000E-02; 4.4753721027952E+05; 6.3119584686227E+03; 1.4017634853789E+04; 6.5277384749967E+02; 1.8268785714286E-01; 7.8698818588553E-01; 2.8784985157549E-05; 1.1000000000000E+03; 4.0000000000000E-01; 8.6000000000000E+00; 0.0000000000000E+00; 4.0000000000000E-01; 4.0000000000000E-01; 8.6000000000000E+00
 1.7878530760000E+09; 0.0000000000000E+00; 0.0000000000000E+00; 1.1352865000000E+01; 1.9728274750000E+02; 1.8592988250000E+02; 8.0000000000000E+01; 4.0000000000000E+01; 4.0000000000000E+01; 1.6355000000000E-03; 2.0000000000000E+01; 5.2650000000000E+02; 4.0000000000000E+01; 5.6113090157941E-01; 9.5051318407059E-02; 1.3800000000000E+02; 1.0000000000000E+00; 4.8928230564924E+01; 3.1767433559561E+01; 2.7018100000000E+02; 2.7602200000000E+02; 2.0000000000000E+00; 2.0000000000000E+00; 2.0000000000000E+00; 2.0000000000000E+00; 1.0000000000000E+02; 3.0000000000000E-02; 8.6000000000000E-01;                 NAN; 3.0000000000000E-02; 4.3721746788634E+05; 6.3699388118806E+03; 1.4020497132330E+04; 6.5633914742960E+02; 1.8348300000000E-01; 7.8676542893049E-01; 2.8791445453314E-05; 1.1000000000000E+03; 3.0000000000000E-01; 8.6000000000000E+00; 0.0000000000000E+00; 3.0000000000000E-01; 3.0000000000000E-01; 8.6000000000000E+00
 1.7878530780000E+09; 0.0000000000000E+00; 0.0000000000000E+00; 1.1346858000000E+01; 1.9733440000000E+02; 1.8598754200000E+02; 9.0000000000000E+01; 4.0000000000000E+01; 5.0000000000000E+01; 1.6400000000000E-03; 2.0000000000000E+01; 5.8000000000000E+02; 3.9000000000000E+01; 5.6241367986734E-01; 1.5776793658733E-01; 1.3900000000000E+02; 1.0000000000000E+00; 4.8905494527002E+01; 3.1243872843492E+01; 2.7017050000000E+02; 2.7675350000000E+02; 2.0000000000000E+00; 2.0000000000000E+00; 2.0000000000000E+00; 2.0000000000000E+00; 1.0000000000000E+02; 4.0000000000000E-02; 8.5000000000000E-01;                 NAN; 4.0000000000000E-02; 4.0475285663094E+05; 6.3762043638008E+03; 1.3933472855937E+04; 6.6361817791544E+02; 1.8435314285714E-01; 7.8556319258533E-01; 2.8816025180173E-05; 1.2000000000000E+03; 4.0000000000000E-01; 8.5000000000000E+00; 0.0000000000000E+00; 4.0000000000000E-01; 4.0000000000000E-01; 8.5000000000000E+00
 1.7878530800000E+09; 0.0000000000000E+00; 0.0000000000000E+00; 1.1415064500000E+01; 1.9733161200000E+02; 1.8591654750000E+02; 9.0000000000000E+01; 5.0000000000000E+01; 4.0000000000000E+01; 1.6400000000000E-03; 2.1000000000000E+01; 5.8000000000000E+02; 3.9000000000000E+01; 5.6183044994049E-01; 1.8556308746338E-01; 1.3900000000000E+02; 1.0000000000000E+00; 4.8949875845551E+01; 3.1642568270720E+01; 2.7017350000000E+02; 2.7728400000000E+02; 2.0000000000000E+00; 2.0000000000000E+00; 2.0000000000000E+00; 1.0000000000000E+00; 1.0000000000000E+02; 3.0000000000000E-02; 8.5000000000000E-01;                 NAN; 3.0000000000000E-02; 4.2216627561009E+05; 6.4339691478394E+03; 1.3911862652957E+04; 6.6839255607023E+02; 1.8508757142857E-01; 7.8495935827551E-01; 2.8827210875601E-05; 1.1000000000000E+03; 3.0000000000000E-01; 8.5000000000000E+00; 0.0000000000000E+00; 3.0000000000000E-01; 3.0000000000000E-01; 8.5000000000000E+00
 1.7878530820000E+09; 4.0000000000000E+00; 0.0000000000000E+00; 1.1329430000000E+01; 1.9724744750000E+02; 1.8591801750000E+02; 8.0000000000000E+01; 4.0000000000000E+01; 4.0000000000000E+01; 1.6625000000000E-03; 2.0000000000000E+01; 3.4000000000000E+02; 4.0000000000000E+01; 5.6132228074743E-01; 7.5726583600044E-02; 1.3900000000000E+02; 1.0000000000000E+00; 2.2066836602753E+01; 1.1816080480068E+01; 2.7018900000000E+02; 2.7794150000000E+02; 2.0000000000000E+00; 2.0000000000000E+00; 2.0000000000000E+00; 2.0000000000000E+00; 1.0000000000000E+02; 4.0000000000000E-02; 8.5000000000000E-01;                 NAN; 4.0000000000000E-02; 4.4042419669877E+05; 6.4386713146964E+03; 2.9840774565251E+03; 1.3441468966097E+02; 1.1141183333333E-01; 9.1609436808388E-01; 2.8848224097908E-05; 1.1000000000000E+03; 4.0000000000000E-01; 8.5000000000000E+00; 0.0000000000000E+00; 4.0000000000000E-01; 4.0000000000000E-01; 8.5000000000000E+00
 1.7878530840000E+09; 1.0000000000000E+00; 4.0000000000000E+00; 1.1455121500000E+01; 1.9673046750000E+02; 1.8527534600000E+02; 9.0000000000000E+01; 4.0000000000000E+01; 5.0000000000000E+01; 1.7140000000000E-03; 2.0000000000000E+01; 2.5102564102564E+01; 3.9000000000000E+01; 5.6164174021586E-01; 8.1965275108814E-02; 1.3800000000000E+02; 1.0000000000000E+00;-4.7744418590099E+00;-7.7931084572859E+00; 2.7019800000000E+02; 2.7840400000000E+02; 2.0000000000000E+00; 2.0000000000000E+00; 1.0000000000000E+00; 2.0000000000000E+00; 1.0000000000000E+02; 3.0000000000000E-02; 8.4000000000000E-01;                 NAN; 3.0000000000000E-02; 8.3617873948246E+03; 7.5320813087280E+00; 6.4626853972402E+01; 9.2546511820883E-01; 6.1250000000000E-06; 8.0208303505968E-02; 2.8840301037970E-05; 1.2000000000000E+03; 3.0000000000000E-01; 8.4000000000000E+00; 0.0000000000000E+00; 3.0000000000000E-01; 3.0000000000000E-01; 8.4000000000000E+00
 1.7878530860000E+09; 1.0000000000000E+00; 1.0000000000000E+00; 1.1482483000000E+01; 1.9644155800000E+02; 1.8495907500000E+02; 9.0000000000000E+01; 5.0000000000000E+01; 4.0000000000000E+01; 1.7176190476190E-03; 2.1000000000000E+01; 1.4307692307692E+01; 3.9000000000000E+01; 5.6152672662581E-01; 1.0177186131477E-01; 1.3900000000000E+02; 1.0000000000000E+00;-3.8232268997515E+00;-9.3066429975292E+00; 2.7019600000000E+02; 2.7751250000000E+02; 2.0000000000000E+00; 2.0000000000000E+00; 2.0000000000000E+00; 2.0000000000000E+00; 1.0000000000000E+02; 1.7100000000000E+00; 1.0000000000000E+01;                 NAN; 1.7100000000000E+00;-1.0110039701782E+02;-2.2510316483452E-01; 5.2574407123362E+01;-1.4309972313287E+00; 7.0000000000000E-06;-6.8893371331252E-02; 2.8840301037970E-05; 1.2000000000000E+03; 8.5500000000000E+00; 1.0000000000000E+01; 0.0000000000000E+00; 8.5500000000000E+00; 8.5500000000000E+00; 1.0000000000000E+01
 1.7878530880000E+09; 1.0000000000000E+00; 1.0000000000000E+00; 1.1487125000000E+01; 1.9638596500000E+02; 1.8489884000000E+02; 8.0000000000000E+01; 4.0000000000000E+01; 4.0000000000000E+01; 1.7060000000000E-03; 2.0000000000000E+01; 1.0307692307692E+01; 3.9000000000000E+01; 5.6310926204105E-01; 9.4569467008114E-02; 1.3900000000000E+02; 1.0000000000000E+00;-4.9107304944753E+00;-9.3469589811774E+00; 2.7019800000000E+02; 2.7601550000000E+02; 2.0000000000000E+00; 1.0000000000000E+00; 2.0000000000000E+00; 2.0000000000000E+00; 1.0000000000000E+02; 1.0000000000000E+01; 1.0000000000000E+01;                 NAN;                 NAN; 1.0685671823633E+02; 3.5554561883102E+00; 6.5134129121322E+01; 7.6719563609316E-02; 6.8571428571429E-06; 5.4079203880843E-01; 2.8840301037970E-05; 1.3000000000000E+03; 1.0000000000000E+01; 1.0000000000000E+01; 0.0000000000000E+00; 0.0000000000000E+00; 1.0000000000000E+01; 1.0000000000000E+01
 1.7878530900000E+09; 1.0000000000000E+00; 1.0000000000000E+00; 1.1500967500000E+01; 1.9639402750000E+02; 1.8489306000000E+02; 9.0000000000000E+01; 4.0000000000000E+01; 5.0000000000000E+01; 1.6960000000000E-03; 2.0000000000000E+01; 9.4325000000000E+00; 4.0000000000000E+01; 5.6309899435527E-01; 1.0917713493109E-01; 1.3800000000000E+02; 1.0000000000000E+00;-5.3078973207067E+00;-7.4933944755751E+00; 2.7019700000000E+02; 2.7449750000000E+02; 2.0000000000000E+00; 2.0000000000000E+00; 2.0000000000000E+00; 2.0000000000000E+00; 1.0000000000000E+02; 1.0000000000000E+01; 1.0000000000000E+01;                 NAN;                 NAN; 5.5277674366645E+02; 4.4106540304524E+00; 5.7534414104026E+01; 9.9131079734272E-01; 6.8571428571429E-06; 8.3528755541789E-02; 2.8840301037970E-05; 1.3000000000000E+03; 1.0000000000000E+01; 1.0000000000000E+01; 0.0000000000000E+00; 0.0000000000000E+00; 1.0000000000000E+01; 1.0000000000000E+01
 1.7878530920000E+09; 1.0000000000000E+00; 1.0000000000000E+00; 1.1510290000000E+01; 1.9641297250000E+02; 1.8490268250000E+02; 8.0000000000000E+01; 4.0000000000000E+01; 4.0000000000000E+01; 1.6880000000000E-03; 2.0000000000000E+01; 8.4897435897436E+00; 3.9000000000000E+01; 5.6317051776021E-01; 1.5769185125828E-01; 1.3900000000000E+02; 1.0000000000000E+00;-5.2858798779556E+00;-8.8795217837742E+00; 2.7020200000000E+02; 2.7284550000000E+02; 1.0000000000000E+00; 2.0000000000000E+00; 2.0000000000000E+00; 2.0000000000000E+00; 1.0000000000000E+02; 1.0000000000000E+01; 1.0000000000000E+01;                 NAN;                 NAN;-2.5721568862307E+02;-4.5065920045542E+00; 5.6580625281801E+01; 1.1173569150637E+00; 6.8571428571429E-06; 7.4811013420383E-02; 2.8840301037970E-05; 1.3000000000000E+03; 1.0000000000000E+01; 1.0000000000000E+01; 0.0000000000000E+00; 0.0000000000000E+00; 1.0000000000000E+01; 1.0000000000000E+01
 1.7878530940000E+09; 1.0000000000000E+00; 1.0000000000000E+00; 1.1520022500000E+01; 1.9643129750000E+02; 1.8491127500000E+02; 8.0000000000000E+01; 4.0000000000000E+01; 4.0000000000000E+01; 1.6804761904762E-03; 2.1000000000000E+01; 7.7750000000000E+00; 4.0000000000000E+01; 5.6297457872094E-01; 1.7290818691254E-01; 1.3800000000000E+02; 1.0000000000000E+00;-5.1483144967190E+00;-9.3004065014047E+00; 2.7020000000000E+02; 2.7134500000000E+02; 2.0000000000000E+00; 2.0000000000000E+00; 2.0000000000000E+00; 2.0000000000000E+00; 1.0000000000000E+02; 1.0000000000000E+01; 1.0000000000000E+01;                 NAN;                 NAN; 9.2403668864711E+01; 3.6516969157899E+00; 6.1400221685879E+01; 1.0697037316685E+00; 7.0000000000000E-06; 7.9377921453846E-02; 2.8840301037970E-05; 1.4000000000000E+03; 1.0000000000000E+01; 1.0000000000000E+01; 0.0000000000000E+00; 0.0000000000000E+00; 1.0000000000000E+01; 1.0000000000000E+01
 1.7878530960000E+09; 1.0000000000000E+00; 1.0000000000000E+00; 1.1527654000000E+01; 1.9644669800000E+02; 1.8491904400000E+02; 1.0000000000000E+02; 5.0000000000000E+01; 5.0000000000000E+01; 1.6780000000000E-03; 2.0000000000000E+01; 7.2435897435897E+00; 3.9000000000000E+01; 5.6145558500033E-01; 1.3169729709625E-01; 1.3900000000000E+02; 1.0000000000000E+00;-3.8396949371604E+00;-9.3983094112078E+00; 2.7020050000000E+02; 2.6991950000000E+02; 2.0000000000000E+00; 2.0000000000000E+00; 2.0000000000000E+00; 2.0000000000000E+00; 1.0000000000000E+02; 1.0000000000000E+01; 1.0000000000000E+01;                 NAN;                 NAN; 8.0989989232619E+01; 4.0964924532766E+00; 5.5472980544724E+01; 4.0437091872148E-01; 6.0000000000000E-06; 1.6353254362868E-01; 2.8840301037970E-05; 1.3000000000000E+03; 1.0000000000000E+01; 1.0000000000000E+01; 0.0000000000000E+00; 0.0000000000000E+00; 1.0000000000000E+01; 1.0000000000000E+01
 1.7878530980000E+09; 1.0000000000000E+00; 1.0000000000000E+00; 1.1532575000000E+01; 1.9645662000000E+02; 1.8492404500000E+02; 8.0000000000000E+01; 4.0000000000000E+01; 4.0000000000000E+01; 1.6750000000000E-03; 2.0000000000000E+01; 6.8475000000000E+00; 4.0000000000000E+01; 5.6044826718972E-01; 9.3250714242458E-02; 1.3900000000000E+02; 1.0000000000000E+00;-5.2793626935023E+00;-9.1550102346051E+00; 2.7019800000000E+02; 2.6886500000000E+02; 2.0000000000000E+00; 2.0000000000000E+00; 2.0000000000000E+00; 1.0000000000000E+00; 1.0000000000000E+02; 1.0000000000000E+01; 1.0000000000000E+01; 1.0000000000000E+01;                 NAN; 7.3178438123310E+02;-2.3570640679659E-01; 6.0036752796498E+01;-3.1769970366756E+00; 6.7142857142857E-06;-2.8643881115436E-02; 2.8840301037970E-05; 1.3000000000000E+03; 1.0000000000000E+01; 1.0000000000000E+01; 1.0000000000000E+01; 0.0000000000000E+00; 1.0000000000000E+01; 1.0000000000000E+01
 1.7878531000000E+09; 1.0000000000000E+00; 1.0000000000000E+00; 1.1535365000000E+01; 1.9646193500000E+02; 1.8492657000000E+02; 8.0000000000000E+01; 4.0000000000000E+01; 4.0000000000000E+01; 1.6747619047619E-03; 2.1000000000000E+01; 6.5487179487179E+00; 3.9000000000000E+01; 5.6125321542439E-01; 1.1691210418940E-01; 1.3800000000000E+02; 1.0000000000000E+00;-3.9056738310981E+00;-9.2086206603794E+00; 2.7020100000000E+02; 2.6794800000000E+02; 2.0000000000000E+00; 2.0000000000000E+00; 2.0000000000000E+00; 2.0000000000000E+00; 1.0000000000000E+02; 1.0000000000000E+01; 1.0000000000000E+01; 1.0000000000000E+01;                 NAN;-6.0765766749538E+02; 3.9060357552666E+00; 5.6104164344859E+01; 3.4344831861184E-01; 6.0000000000000E-06; 1.8711295777395E-01; 2.8840301037970E-05; 1.3000000000000E+03; 1.0000000000000E+01; 1.0000000000000E+01; 1.0000000000000E+01; 0.0000000000000E+00; 1.0000000000000E+01; 1.0000000000000E+01
 1.7878531020000E+09; 1.0000000000000E+00; 1.0000000000000E+00; 1.1536390500000E+01; 1.9646517250000E+02; 1.8492878200000E+02; 9.0000000000000E+01; 4.0000000000000E+01; 5.0000000000000E+01; 1.6720000000000E-03; 2.0000000000000E+01; 6.3175000000000E+00; 4.0000000000000E+01; 5.6144062977338E-01; 1.1533974856138E-01; 1.3800000000000E+02; 1.0000000000000E+00;-2.7498253163152E+00;-8.9200286148006E+00; 2.7020000000000E+02; 2.6678900000000E+02; 2.0000000000000E+00; 2.0000000000000E+00; 2.0000000000000E+00; 2.0000000000000E+00; 1.0000000000000E+02; 1.0000000000000E+01; 1.0000000000000E+01; 1.0000000000000E+01;                 NAN;-1.7480695135147E+02; 5.3848097986034E-01; 8.0124109771906E+01;-6.9524882422179E-02; 5.5714285714286E-06; 1.8898957711052E+01; 2.8840301037970E-05; 1.4000000000000E+03; 1.0000000000000E+01; 1.0000000000000E+01; 1.0000000000000E+01; 0.0000000000000E+00; 1.0000000000000E+01; 1.0000000000000E+01
 1.7878531040000E+09; 1.0000000000000E+00; 1.0000000000000E+00; 1.1538585500000E+01; 1.9646850800000E+02; 1.8492992250000E+02; 9.0000000000000E+01; 5.0000000000000E+01; 4.0000000000000E+01; 1.6700000000000E-03; 2.0000000000000E+01; 6.1461538461538E+00; 3.9000000000000E+01; 5.6184881461610E-01; 1.2819755077362E-01; 1.3900000000000E+02; 1.0000000000000E+00;-5.3530321291225E+00;-7.5596863392588E+00; 2.7020100000000E+02; 2.6570500000000E+02; 2.0000000000000E+00; 2.0000000000000E+00; 1.0000000000000E+00; 2.0000000000000E+00; 1.0000000000000E+02; 1.0000000000000E+01; 1.0000000000000E+01; 1.0000000000000E+01;                 NAN; 1.7033207200875E+01;-8.6077101554388E-01; 7.4196960514758E+01; 1.7875450530682E+00; 5.5714285714286E-06; 3.9447063731307E-02; 2.8840301037970E-05; 1.3000000000000E+03; 1.0000000000000E+01; 1.0000000000000E+01; 1.0000000000000E+01; 0.0000000000000E+00; 1.0000000000000E+01; 1.0000000000000E+01
 1.7878531060000E+09; 1.0000000000000E+00; 1.0000000000000E+00; 1.1540482500000E+01; 1.9647056250000E+02; 1.8493008000000E+02; 8.0000000000000E+01; 4.0000000000000E+01; 4.0000000000000E+01; 1.6700000000000E-03; 2.0000000000000E+01; 6.0102564102564E+00; 3.9000000000000E+01; 5.6309019720209E-01; 8.8026449084282E-02; 1.3800000000000E+02; 1.0000000000000E+00;-5.3653178092364E+00;-9.1622065830051E+00; 2.7020500000000E+02; 2.6475650000000E+02; 2.0000000000000E+00; 2.0000000000000E+00; 2.0000000000000E+00; 2.0000000000000E+00; 1.0000000000000E+02; 1.0000000000000E+01; 1.0000000000000E+01; 1.0000000000000E+01;                 NAN; 3.1560817687522E+01; 6.1251744482431E+00; 6.9166966555235E+01;-3.4551397350050E+00; 5.0000000000000E-06;-1.9437883005145E-02; 2.8840301037970E-05; 1.3000000000000E+03; 1.0000000000000E+01; 1.0000000000000E+01; 1.0000000000000E+01; 0.0000000000000E+00; 1.0000000000000E+01; 1.0000000000000E+01
 1.7878531080000E+09; 4.0000000000000E+00; 1.0000000000000E+00; 1.1442002500000E+01; 1.9651607250000E+02; 1.8507407000000E+02; 9.0000000000000E+01; 4.0000000000000E+01; 5.0000000000000E+01; 1.6523809523810E-03; 2.1000000000000E+01; 6.9700000000000E+00; 4.0000000000000E+01; 5.6169322838386E-01; 9.9590852856636E-02; 1.3800000000000E+02; 1.0000000000000E+00; 2.1893232048862E+01; 3.5426197879086E+01; 2.7020200000000E+02; 2.6357300000000E+02; 2.0000000000000E+00; 1.0000000000000E+00; 2.0000000000000E+00; 2.0000000000000E+00; 1.0000000000000E+02; 1.0000000000000E+01; 1.0000000000000E+01; 1.0000000000000E+01;                 NAN; 1.0017405790216E+02;-9.3197590755670E-01; 1.1296694625549E+04; 4.0814293339864E+02; 9.2252285714286E-02; 7.4862778130711E-01; 2.8840301037970E-05; 1.3000000000000E+03; 1.0000000000000E+01; 1.0000000000000E+01; 1.0000000000000E+01; 0.0000000000000E+00; 1.0000000000000E+01; 1.0000000000000E+01
 1.7878531100000E+09; 0.0000000000000E+00; 0.0000000000000E+00; 1.1152200000000E+01; 1.9728979750000E+02; 1.8613759750000E+02; 8.0000000000000E+01; 4.0000000000000E+01; 4.0000000000000E+01; 1.6195000000000E-03; 2.0000000000000E+01; 9.6333333333333E+00; 3.9000000000000E+01; 5.6112743567729E-01; 1.1594840139151E-01; 1.3800000000000E+02; 1.0000000000000E+00; 4.9011565414068E+01; 3.4715421180980E+01; 2.7017950000000E+02; 2.6345550000000E+02; 2.0000000000000E+00; 2.0000000000000E+00; 2.0000000000000E+00; 2.0000000000000E+00; 1.0000000000000E+02; 2.0000000000000E-02; 1.0000000000000E+00; 2.0000000000000E-02;                 NAN; 4.1511442543616E+05; 6.0269464093808E+03; 1.5219516621679E+04; 5.4157497725057E+02; 1.7192200000000E-01; 8.0705036321700E-01; 2.8840301037970E-05; 4.0000000000000E+02; 2.0000000000000E-01; 1.0000000000000E+01; 2.0000000000000E-01; 0.0000000000000E+00; 2.0000000000000E-01; 1.0000000000000E+01
 1.7878531120000E+09; 0.0000000000000E+00; 0.0000000000000E+00; 1.1141259500000E+01; 1.9775888200000E+02; 1.8661762250000E+02; 9.0000000000000E+01; 5.0000000000000E+01; 4.0000000000000E+01; 1.6165000000000E-03; 2.0000000000000E+01; 1.2820512820513E+01; 3.9000000000000E+01; 5.6250346163477E-01; 1.2860330939293E-01; 1.3800000000000E+02; 1.0000000000000E+00; 4.9033540562113E+01; 3.4571213383430E+01; 2.7018450000000E+02; 2.6480100000000E+02; 2.0000000000000E+00; 2.0000000000000E+00; 2.0000000000000E+00; 2.0000000000000E+00; 1.0000000000000E+02; 3.0000000000000E-02; 9.5000000000000E-01; 3.0000000000000E-02;                 NAN; 3.8901126520452E+05; 6.0367368696949E+03; 1.5301080551318E+04; 5.5240801984958E+02; 1.7202900000000E-01; 8.0404554089927E-01; 2.8840301037970E-05; 1.1000000000000E+03; 3.0000000000000E-01; 9.5000000000000E+00; 3.0000000000000E-01; 0.0000000000000E+00; 3.0000000000000E-01; 9.5000000000000E+00
 1.7878531140000E+09; 0.0000000000000E+00; 0.0000000000000E+00; 1.1130345000000E+01; 1.9781424000000E+02; 1.8668389500000E+02; 8.0000000000000E+01; 4.0000000000000E+01; 4.0000000000000E+01; 1.6261904761905E-03; 2.1000000000000E+01; 1.8615384615385E+01; 3.9000000000000E+01; 5.6276651871719E-01; 7.0857360959053E-02; 1.3900000000000E+02; 1.0000000000000E+00; 4.8998607137243E+01; 3.4642205584569E+01; 2.7018150000000E+02; 2.6641550000000E+02; 1.0000000000000E+00; 2.0000000000000E+00; 2.0000000000000E+00; 2.0000000000000E+00; 1.0000000000000E+02; 4.0000000000000E-02; 9.2000000000000E-01;                 NAN;                 NAN; 3.6728820066493E+05; 6.0614076287622E+03; 1.5248634801446E+04; 5.6080637117670E+02; 1.7300371428571E-01; 8.0255413572541E-01; 2.8840301037970E-05; 1.1000000000000E+03; 4.0000000000000E-01; 9.2000000000000E+00; 0.0000000000000E+00; 0.0000000000000E+00; 4.0000000000000E-01; 9.2000000000000E+00
 1.7878531160000E+09; 0.0000000000000E+00; 0.0000000000000E+00; 1.1237365000000E+01; 1.9768330500000E+02; 1.8644594000000E+02; 9.0000000000000E+01; 4.0000000000000E+01; 5.0000000000000E+01; 1.6375000000000E-03; 2.0000000000000E+01; 2.5025641025641E+01; 3.9000000000000E+01; 5.6314292384663E-01; 1.1643025279045E-01; 1.3800000000000E+02; 1.0000000000000E+00; 4.9015958205936E+01; 3.4223878487330E+01; 2.7019000000000E+02; 2.6811150000000E+02; 2.0000000000000E+00; 2.0000000000000E+00; 2.0000000000000E+00; 2.0000000000000E+00; 1.0000000000000E+02; 4.0000000000000E-02; 9.1000000000000E-01;                 NAN;                 NAN; 3.7303144345180E+05; 6.0759488850508E+03; 1.5061838100392E+04; 5.7373616908734E+02; 1.7428571428571E-01; 8.0010069694596E-01; 2.8840301037970E-05; 1.1000000000000E+03; 4.0000000000000E-01; 9.1000000000000E+00; 0.0000000000000E+00; 0.0000000000000E+00; 4.0000000000000E-01; 9.1000000000000E+00
 1.7878531180000E+09; 0.0000000000000E+00; 0.0000000000000E+00; 1.1367940000000E+01; 1.9747819250000E+02; 1.8611025250000E+02; 8.0000000000000E+01; 4.0000000000000E+01; 4.0000000000000E+01; 1.6455000000000E-03; 2.0000000000000E+01; 3.6000000000000E+01; 3.8000000000000E+01; 5.6178090685431E-01; 8.9167669415474E-02; 1.3600000000000E+02; 1.0000000000000E+00; 4.9001739242039E+01; 3.4026419785935E+01; 2.7018350000000E+02; 2.6949500000000E+02; 2.0000000000000E+00; 2.0000000000000E+00; 2.0000000000000E+00; 1.0000000000000E+00; 1.0000000000000E+02; 3.0000000000000E-02; 9.0000000000000E-01;                 NAN;                 NAN; 4.0470643047431E+05; 6.1200038071884E+03; 1.4872663506397E+04; 5.8423540253171E+02; 1.7558128571429E-01; 7.9837930448165E-01; 2.8840301037970E-05; 1.1000000000000E+03; 3.0000000000000E-01; 9.0000000000000E+00; 0.0000000000000E+00; 0.0000000000000E+00; 3.0000000000000E-01; 9.0000000000000E+00
 1.7878531200000E+09; 0.0000000000000E+00; 0.0000000000000E+00; 1.1093419000000E+01; 1.9749798400000E+02; 1.8640456500000E+02; 9.0000000000000E+01; 5.0000000000000E+01; 4.0000000000000E+01; 1.6535000000000E-03; 2.0000000000000E+01; 5.0589743589744E+01; 3.9000000000000E+01; 5.6347136311341E-01; 1.3068288564682E-01; 1.3800000000000E+02; 1.0000000000000E+00; 4.8993564056829E+01; 3.3706371507312E+01; 2.7018100000000E+02; 2.7061600000000E+02; 2.0000000000000E+00; 2.0000000000000E+00; 2.0000000000000E+00; 2.0000000000000E+00; 1.0000000000000E+02; 4.0000000000000E-02; 8.9000000000000E-01;                 NAN;                 NAN; 3.6004682367687E+05; 6.1381216584658E+03; 1.4633732970441E+04; 5.9325208591213E+02; 1.7674400000000E-01; 7.9732204978268E-01; 2.8778074403108E-05; 1.2000000000000E+03; 4.0000000000000E-01; 8.9000000000000E+00; 0.0000000000000E+00; 0.0000000000000E+00; 4.0000000000000E-01; 8.9000000000000E+00
 1.7878531220000E+09; 0.0000000000000E+00; 0.0000000000000E+00; 1.1202129000000E+01; 1.9731273500000E+02; 1.8611060600000E+02; 9.0000000000000E+01; 4.0000000000000E+01; 5.0000000000000E+01; 1.6585714285714E-03; 2.1000000000000E+01; 7.9475000000000E+01; 4.0000000000000E+01; 5.6370656247190E-01; 1.2069082260132E-01; 1.3900000000000E+02; 1.0000000000000E+00; 4.9001340674398E+01; 3.3365575640248E+01; 2.7019100000000E+02; 2.7191250000000E+02; 2.0000000000000E+00; 2.0000000000000E+00; 2.0000000000000E+00; 2.0000000000000E+00; 1.0000000000000E+02; 3.0000000000000E-02; 8.8000000000000E-01;                 NAN; 3.0000000000000E-02; 4.3376820302045E+05; 6.1888462038839E+03; 1.4450323298993E+04; 6.0415970863747E+02; 1.7771100000000E-01; 7.9549410650743E-01; 2.8735251999059E-05; 1.1000000000000E+03; 3.0000000000000E-01; 8.8000000000000E+00; 0.0000000000000E+00; 3.0000000000000E-01; 3.0000000000000E-01; 8.8000000000000E+00
 1.7878531240000E+09; 0.0000000000000E+00; 0.0000000000000E+00; 1.1429037500000E+01; 1.9721543750000E+02; 1.8578640000000E+02; 8.0000000000000E+01; 4.0000000000000E+01; 4.0000000000000E+01; 1.6615000000000E-03; 2.0000000000000E+01; 1.0905128205128E+02; 3.9000000000000E+01; 5.6270563954892E-01; 1.7800565063953E-01; 1.3800000000000E+02; 1.0000000000000E+00; 4.8965537909916E+01; 3.3177897955590E+01; 2.7019300000000E+02; 2.7316250000000E+02; 2.0000000000000E+00; 2.0000000000000E+00; 1.0000000000000E+00; 2.0000000000000E+00; 1.0000000000000E+02; 4.0000000000000E-02; 8.8000000000000E-01;                 NAN; 4.0000000000000E-02; 4.1850008247358E+05; 6.2078508836002E+03; 1.4245384155499E+04; 6.1305701622179E+02; 1.7888775000000E-01; 7.9423868663334E-01; 2.8726056950858E-05; 1.1000000000000E+03; 4.0000000000000E-01; 8.8000000000000E+00; 0.0000000000000E+00; 4.0000000000000E-01; 4.0000000000000E-01; 8.8000000000000E+00
 1.7878531260000E+09; 0.0000000000000E+00; 0.0000000000000E+00; 1.1453533000000E+01; 1.9712371500000E+02; 1.8567018200000E+02; 9.0000000000000E+01; 4.0000000000000E+01; 5.0000000000000E+01; 1.6680000000000E-03; 2.0000000000000E+01; 1.7650000000000E+02; 4.0000000000000E+01; 5.6420696924059E-01; 1.2028505653143E-01; 1.3900000000000E+02; 1.0000000000000E+00; 4.8992115027619E+01; 3.2833163252887E+01; 2.7019350000000E+02; 2.7432250000000E+02; 2.0000000000000E+00; 2.0000000000000E+00; 2.0000000000000E+00; 2.0000000000000E+00; 1.0000000000000E+02; 4.0000000000000E-02; 8.7000000000000E-01;                 NAN; 4.0000000000000E-02; 4.0844426666167E+05; 6.2360343339095E+03; 1.4075397836488E+04; 6.2153514374221E+02; 1.8003933333333E-01; 7.9307785006442E-01; 2.8719472847443E-05; 1.2000000000000E+03; 4.0000000000000E-01; 8.7000000000000E+00; 0.0000000000000E+00; 4.0000000000000E-01; 4.0000000000000E-01; 8.7000000000000E+00
 1.7878531280000E+09; 0.0000000000000E+00; 0.0000000000000E+00; 1.1279994000000E+01; 1.9717716400000E+02; 1.8589717000000E+02; 9.0000000000000E+01; 5.0000000000000E+01; 4.0000000000000E+01; 1.6715000000000E-03; 2.0000000000000E+01; 2.6358974358974E+02; 3.9000000000000E+01; 5.6395158882590E-01; 8.6530171334743E-02; 1.3800000000000E+02; 1.0000000000000E+00; 4.9045035495889E+01; 3.2437745627229E+01; 2.7019650000000E+02; 2.7535150000000E+02; 2.0000000000000E+00; 2.0000000000000E+00; 2.0000000000000E+00; 2.0000000000000E+00; 1.0000000000000E+02; 3.0000000000000E-02; 8.7000000000000E-01;                 NAN; 3.0000000000000E-02; 4.6163027000916E+05; 6.3016758804265E+03; 1.3967346821587E+04; 6.3136857130164E+02; 1.8105100000000E-01; 7.9133834157043E-01; 2.8733068707523E-05; 1.1000000000000E+03; 3.0000000000000E-01; 8.7000000000000E+00; 0.0000000000000E+00; 3.0000000000000E-01; 3.0000000000000E-01; 8.7000000000000E+00
 1.7878531300000E+09; 0.0000000000000E+00; 0.0000000000000E+00; 1.1165875000000E+01; 1.9722974500000E+02; 1.8606387000000E+02; 8.0000000000000E+01; 4.0000000000000E+01; 4.0000000000000E+01; 1.6776190476190E-03; 2.1000000000000E+01; 3.7950000000000E+02; 4.0000000000000E+01; 5.6398542990287E-01; 8.3207942545414E-02; 1.3800000000000E+02; 1.0000000000000E+00; 4.9034838213428E+01; 3.1680840608035E+01; 2.7019150000000E+02; 2.7638300000000E+02; 2.0000000000000E+00; 2.0000000000000E+00; 2.0000000000000E+00; 2.0000000000000E+00; 1.0000000000000E+02; 4.0000000000000E-02; 8.7000000000000E-01;                 NAN; 4.0000000000000E-02; 3.6684956718403E+05; 6.3312776225489E+03; 1.3891606527902E+04; 6.3699151598410E+02; 1.8210800000000E-01; 7.9085418230560E-01; 2.8729743065062E-05; 1.1000000000000E+03; 4.0000000000000E-01; 8.7000000000000E+00; 0.0000000000000E+00; 4.0000000000000E-01; 4.0000000000000E-01; 8.7000000000000E+00
 1.7878531320000E+09; 0.0000000000000E+00; 0.0000000000000E+00; 1.1115344500000E+01; 1.9715813250000E+02; 1.8604278800000E+02; 9.0000000000000E+01; 4.0000000000000E+01; 5.0000000000000E+01; 1.6805000000000E-03; 2.0000000000000E+01; 4.6974358974359E+02; 3.9000000000000E+01; 5.6368312995071E-01; 1.6380374133587E-01; 1.3800000000000E+02; 1.0000000000000E+00; 4.9017863281219E+01; 3.1576278838176E+01; 2.7018750000000E+02; 2.7719650000000E+02; 2.0000000000000E+00; 1.0000000000000E+00; 2.0000000000000E+00; 2.0000000000000E+00; 1.0000000000000E+02; 3.0000000000000E-02; 8.6000000000000E-01;                 NAN; 3.0000000000000E-02; 4.2178618665655E+05; 6.3477296796848E+03; 1.3822163247005E+04; 6.4379348020465E+02; 1.8303100000000E-01; 7.8984135749824E-01; 2.8745446507695E-05; 1.1000000000000E+03; 3.0000000000000E-01; 8.6000000000000E+00; 0.0000000000000E+00; 3.0000000000000E-01; 3.0000000000000E-01; 8.6000000000000E+00
 1.7878531340000E+09; 0.0000000000000E+00; 0.0000000000000E+00; 1.1070140000000E+01; 1.9717912750000E+02; 1.8610898750000E+02; 8.0000000000000E+01; 4.0000000000000E+01; 4.0000000000000E+01; 1.6865000000000E-03; 2.0000000000000E+01; 5.7384615384615E+02; 3.9000000000000E+01; 5.6383120751035E-01; 1.3565354049206E-01; 1.3800000000000E+02; 1.0000000000000E+00; 4.8968495356498E+01; 3.1996840677849E+01; 2.7017800000000E+02; 2.7813550000000E+02; 1.0000000000000E+00; 2.0000000000000E+00; 2.0000000000000E+00; 2.0000000000000E+00; 1.0000000000000E+02; 4.0000000000000E-02; 8.5000000000000E-01;                 NAN; 4.0000000000000E-02; 4.4844691835105E+05; 6.3807550124840E+03; 1.3741615793207E+04; 6.5240359245024E+02; 1.8399657142857E-01; 7.8837456621251E-01; 2.8768170208400E-05; 1.2000000000000E+03; 4.0000000000000E-01; 8.5000000000000E+00; 0.0000000000000E+00; 4.0000000000000E-01; 4.0000000000000E-01; 8.5000000000000E+00
 1.7878531360000E+09; 0.0000000000000E+00; 0.0000000000000E+00; 1.1168518500000E+01; 1.9716005600000E+02; 1.8599153750000E+02; 9.0000000000000E+01; 5.0000000000000E+01; 4.0000000000000E+01; 1.6909523809524E-03; 2.1000000000000E+01; 5.8000000000000E+02; 3.9000000000000E+01; 5.6518727911987E-01; 1.1437605321407E-01; 1.3800000000000E+02; 1.0000000000000E+00; 4.8949479908824E+01; 3.1589631512741E+01; 2.7018850000000E+02; 2.7882800000000E+02; 2.0000000000000E+00; 2.0000000000000E+00; 2.0000000000000E+00; 2.0000000000000E+00; 1.0000000000000E+02; 3.0000000000000E-02; 8.5000000000000E-01;                 NAN; 3.0000000000000E-02; 4.4798691476265E+05; 6.4088520257651E+03; 1.3645186363098E+04; 6.5526820315064E+02; 1.8478766666667E-01; 7.8839888005017E-01; 2.8761361925905E-05; 1.1000000000000E+03; 3.0000000000000E-01; 8.5000000000000E+00; 0.0000000000000E+00; 3.0000000000000E-01; 3.0000000000000E-01; 8.5000000000000E+00
 1.7878531380000E+09; 4.0000000000000E+00; 0.0000000000000E+00; 1.1289223500000E+01; 1.9713011750000E+02; 1.8584089400000E+02; 9.0000000000000E+01; 4.0000000000000E+01; 5.0000000000000E+01; 1.7275000000000E-03; 2.0000000000000E+01; 3.2289743589744E+02; 3.9000000000000E+01; 5.6371473531360E-01; 1.2411449849606E-01; 1.3800000000000E+02; 1.0000000000000E+00; 2.2061581546127E+01; 1.2587409659414E+01; 2.7018100000000E+02; 2.7932900000000E+02; 2.0000000000000E+00; 2.0000000000000E+00; 2.0000000000000E+00; 1.0000000000000E+00; 1.0000000000000E+02; 3.0000000000000E-02; 8.5000000000000E-01;                 NAN; 3.0000000000000E-02; 3.5720708350139E+05; 6.4427526314541E+03; 2.3482401682319E+03; 1.1265023888662E+02; 1.0345250000000E-01; 9.2385750812205E-01; 2.8761700709155E-05; 1.1000000000000E+03; 3.0000000000000E-01; 8.5000000000000E+00; 0.0000000000000E+00; 3.0000000000000E-01; 3.0000000000000E-01; 8.5000000000000E+00
 1.7878531400000E+09; 1.0000000000000E+00; 4.0000000000000E+00; 1.1444445000000E+01; 1.9656998500000E+02; 1.8512554000000E+02; 8.0000000000000E+01; 4.0000000000000E+01; 4.0000000000000E+01; 1.7915000000000E-03; 2.0000000000000E+01; 2.4923076923077E+01; 3.9000000000000E+01; 5.6286289727774E-01; 2.7769794687629E-02; 1.3800000000000E+02; 1.0000000000000E+00;-5.1179995613278E+00;-8.4500673919929E+00; 2.7021100000000E+02; 2.8003050000000E+02; 2.0000000000000E+00; 2.0000000000000E+00; 2.0000000000000E+00; 2.0000000000000E+00; 1.0000000000000E+02; 4.0000000000000E-02; 8.5000000000000E-01;                 NAN; 4.0000000000000E-02; 6.2481065895979E+03;-1.9140154985873E+01; 5.8856599153437E+01; 2.5580397227716E+00; 6.5000000000000E-06; 3.2467046488264E-02; 2.8774822407818E-05; 1.2000000000000E+03; 4.0000000000000E-01; 8.5000000000000E+00; 0.0000000000000E+00; 4.0000000000000E-01; 4.0000000000000E-01; 8.5000000000000E+00
 1.7878531420000E+09; 1.0000000000000E+00; 1.0000000000000E+00; 1.1432465500000E+01; 1.9630715800000E+02; 1.8487469250000E+02; 9.0000000000000E+01; 5.0000000000000E+01; 4.0000000000000E+01; 1.7920000000000E-03; 2.0000000000000E+01; 1.4282051282051E+01; 3.9000000000000E+01; 5.6294915003621E-01; 1.7123438417912E-01; 1.3800000000000E+02; 1.0000000000000E+00;-5.0032346839127E+00;-7.3335050243610E+00; 2.7021350000000E+02; 2.7925200000000E+02; 2.0000000000000E+00; 2.0000000000000E+00; 2.0000000000000E+00; 2.0000000000000E+00; 1.0000000000000E+02; 3.2700000000000E+00; 1.0000000000000E+01;                 NAN; 3.2700000000000E+00;-7.4314752591292E+02; 2.2570598699622E-02; 5.5439252414162E+01; 1.4704357969014E+00; 6.8571428571429E-06; 5.8011447272046E-02; 2.8774822407818E-05; 1.2000000000000E+03; 9.8100000000000E+00; 1.0000000000000E+01; 0.0000000000000E+00; 9.8100000000000E+00; 9.8100000000000E+00; 1.0000000000000E+01
 1.7878531440000E+09; 1.0000000000000E+00; 1.0000000000000E+00; 1.1444238500000E+01; 1.9625386250000E+02; 1.8480962400000E+02; 9.0000000000000E+01; 4.0000000000000E+01; 5.0000000000000E+01; 1.7890476190476E-03; 2.1000000000000E+01; 1.0333333333333E+01; 3.9000000000000E+01; 5.6367421152367E-01; 1.3159586489201E-01; 1.3800000000000E+02; 1.0000000000000E+00;-4.4140251683749E+00;-9.3297464448326E+00; 2.7021000000000E+02; 2.7791200000000E+02; 2.0000000000000E+00; 2.0000000000000E+00; 1.0000000000000E+00; 2.0000000000000E+00; 1.0000000000000E+02; 1.0000000000000E+01; 1.0000000000000E+01;                 NAN;                 NAN;-4.0521235312990E+02; 8.9414267654234E-01; 5.8285914610902E+01; 1.1085245676880E+00; 7.1428571428571E-06; 7.8420630625551E-02; 2.8774822407818E-05; 1.3000000000000E+03; 1.0000000000000E+01; 1.0000000000000E+01; 0.0000000000000E+00; 0.0000000000000E+00; 1.0000000000000E+01; 1.0000000000000E+01
 1.7878531460000E+09; 1.0000000000000E+00; 1.0000000000000E+00; 1.1456327500000E+01; 1.9625910000000E+02; 1.8480277250000E+02; 8.0000000000000E+01; 4.0000000000000E+01; 4.0000000000000E+01; 1.7800000000000E-03; 2.0000000000000E+01; 9.4794871794872E+00; 3.9000000000000E+01; 5.6357258821563E-01; 1.5959389507771E-01; 1.3900000000000E+02; 1.0000000000000E+00;-4.9410290425826E+00;-8.2132982726916E+00; 2.7021550000000E+02; 2.7637100000000E+02; 2.0000000000000E+00; 2.0000000000000E+00; 2.0000000000000E+00; 2.0000000000000E+00; 1.0000000000000E+02; 1.0000000000000E+01; 1.0000000000000E+01;                 NAN;                 NAN;-2.4080499937671E-01; 4.4404070740262E+00; 5.7252070560964E+01; 1.2789270275031E+00; 6.1428571428571E-06; 5.9646729296618E-02; 2.8774822407818E-05; 1.3000000000000E+03; 1.0000000000000E+01; 1.0000000000000E+01; 0.0000000000000E+00; 0.0000000000000E+00; 1.0000000000000E+01; 1.0000000000000E+01
 1.7878531480000E+09; 1.0000000000000E+00; 1.0000000000000E+00; 1.1468587500000E+01; 1.9627708750000E+02; 1.8480850000000E+02; 8.0000000000000E+01; 4.0000000000000E+01; 4.0000000000000E+01; 1.7725000000000E-03; 2.0000000000000E+01; 8.5384615384615E+00; 3.9000000000000E+01; 5.6230254700449E-01; 1.1244864761829E-01; 1.3500000000000E+02; 1.0000000000000E+00;-5.3326526252882E+00;-6.6697667676192E+00; 2.7021650000000E+02; 2.7469800000000E+02; 2.0000000000000E+00; 1.0000000000000E+00; 2.0000000000000E+00; 2.0000000000000E+00; 1.0000000000000E+02; 1.0000000000000E+01; 1.0000000000000E+01;                 NAN;                 NAN;-6.1748141911949E+01;-2.1170050047816E+00; 5.2198612823863E+01; 1.5416927332905E-03; 6.1428571428571E-06; 9.8134993443502E-01; 2.8774822407818E-05; 1.3000000000000E+03; 1.0000000000000E+01; 1.0000000000000E+01; 0.0000000000000E+00; 0.0000000000000E+00; 1.0000000000000E+01; 1.0000000000000E+01
 1.7878531500000E+09; 1.0000000000000E+00; 1.0000000000000E+00; 1.1478670500000E+01; 1.9629614800000E+02; 1.8481747750000E+02; 9.0000000000000E+01; 5.0000000000000E+01; 4.0000000000000E+01; 1.7647619047619E-03; 2.1000000000000E+01; 7.8275000000000E+00; 4.0000000000000E+01; 5.6225144809956E-01; 1.8178437650204E-01; 1.3900000000000E+02; 1.0000000000000E+00;-5.3448975034390E+00;-8.2316512343965E+00; 2.7021650000000E+02; 2.7318900000000E+02; 2.0000000000000E+00; 2.0000000000000E+00; 2.0000000000000E+00; 2.0000000000000E+00; 1.0000000000000E+02; 1.0000000000000E+01; 1.0000000000000E+01;                 NAN;                 NAN;-3.8945172594545E+00; 5.0935835891349E+00; 5.8564801260939E+01; 5.2253485775852E-01; 6.0000000000000E-06; 1.3167128950533E-01; 2.8774822407818E-05; 1.3000000000000E+03; 1.0000000000000E+01; 1.0000000000000E+01; 0.0000000000000E+00; 0.0000000000000E+00; 1.0000000000000E+01; 1.0000000000000E+01
 1.7878531520000E+09; 1.0000000000000E+00; 1.0000000000000E+00; 1.1483340500000E+01; 1.9631298250000E+02; 1.8482964200000E+02; 9.0000000000000E+01; 4.0000000000000E+01; 5.0000000000000E+01; 1.7600000000000E-03; 2.0000000000000E+01; 7.2974358974359E+00; 3.9000000000000E+01; 5.6288735752912E-01; 1.7278137803078E-01; 1.3900000000000E+02; 1.0000000000000E+00;-5.1065526774279E+00;-7.8758289485531E+00; 2.7021650000000E+02; 2.7167500000000E+02; 1.0000000000000E+00; 2.0000000000000E+00; 2.0000000000000E+00; 2.0000000000000E+00; 1.0000000000000E+02; 1.0000000000000E+01; 1.0000000000000E+01;                 NAN;                 NAN;-2.2694268817071E+02; 3.9322973797198E+00; 6.8991849818565E+01; 1.3939514996255E+00; 6.0000000000000E-06; 5.3785373483817E-02; 2.8774822407818E-05; 1.3000000000000E+03; 1.0000000000000E+01; 1.0000000000000E+01; 0.0000000000000E+00; 0.0000000000000E+00; 1.0000000000000E+01; 1.0000000000000E+01
 1.7878531540000E+09; 1.0000000000000E+00; 1.0000000000000E+00; 1.1488902500000E+01; 1.9632361250000E+02; 1.8483471000000E+02; 8.0000000000000E+01; 4.0000000000000E+01; 4.0000000000000E+01; 1.7565000000000E-03; 2.0000000000000E+01; 6.9125000000000E+00; 4.0000000000000E+01; 5.6387022628300E-01; 9.0917550027370E-02; 1.3800000000000E+02; 1.0000000000000E+00;-5.3505914930855E+00;-7.9575003726080E+00; 2.7021850000000E+02; 2.7030950000000E+02; 2.0000000000000E+00; 2.0000000000000E+00; 2.0000000000000E+00; 2.0000000000000E+00; 1.0000000000000E+02; 1.0000000000000E+01; 1.0000000000000E+01; 1.0000000000000E+01;                 NAN;-3.2827761076603E+02; 1.3462181854404E+00; 6.3931216587141E+01; 8.3746604584663E-01; 6.2857142857143E-06; 9.0180684188565E-02; 2.8774822407818E-05; 1.4000000000000E+03; 1.0000000000000E+01; 1.0000000000000E+01; 1.0000000000000E+01; 0.0000000000000E+00; 1.0000000000000E+01; 1.0000000000000E+01
 1.7878531560000E+09; 1.0000000000000E+00; 1.0000000000000E+00; 1.1495980500000E+01; 1.9633174800000E+02; 1.8483576750000E+02; 9.0000000000000E+01; 5.0000000000000E+01; 4.0000000000000E+01; 1.7510000000000E-03; 2.0000000000000E+01; 6.6128205128205E+00; 3.9000000000000E+01; 5.6187875947935E-01; 1.0321740806103E-01; 1.3900000000000E+02; 1.0000000000000E+00;-4.8767466210453E+00;-9.3107220598389E+00; 2.7022000000000E+02; 2.6906450000000E+02; 2.0000000000000E+00; 2.0000000000000E+00; 2.0000000000000E+00; 2.0000000000000E+00; 1.0000000000000E+02; 1.0000000000000E+01; 1.0000000000000E+01; 1.0000000000000E+01;                 NAN; 1.9001940022414E+02; 3.1995313316401E+00; 3.9562133885556E+01;-5.9222197643407E-01; 6.5714285714286E-06;-1.7169645710399E-01; 2.8774822407818E-05; 1.3000000000000E+03; 1.0000000000000E+01; 1.0000000000000E+01; 1.0000000000000E+01; 0.0000000000000E+00; 1.0000000000000E+01; 1.0000000000000E+01
 1.7878531580000E+09; 1.0000000000000E+00; 1.0000000000000E+00; 1.1499437500000E+01; 1.9633708750000E+02; 1.8483765000000E+02; 8.0000000000000E+01; 4.0000000000000E+01; 4.0000000000000E+01; 1.7504761904762E-03; 2.1000000000000E+01; 6.3775000000000E+00; 4.0000000000000E+01; 5.6177128774100E-01; 1.4356604218483E-01; 1.3800000000000E+02; 1.0000000000000E+00;-5.2890083223028E+00;-9.4092292922452E+00; 2.7021950000000E+02; 2.6809900000000E+02; 2.0000000000000E+00; 2.0000000000000E+00; 2.0000000000000E+00; 1.0000000000000E+00; 1.0000000000000E+02; 1.0000000000000E+01; 1.0000000000000E+01; 1.0000000000000E+01;                 NAN;-1.9192763235277E+02;-2.6350174271411E+00; 5.3971641056738E+01; 1.5188425830187E+00; 6.0000000000000E-06; 4.9582004573454E-02; 2.8774822407818E-05; 1.3000000000000E+03; 1.0000000000000E+01; 1.0000000000000E+01; 1.0000000000000E+01; 0.0000000000000E+00; 1.0000000000000E+01; 1.0000000000000E+01
 1.7878531600000E+09; 1.0000000000000E+00; 1.0000000000000E+00; 1.1500140500000E+01; 1.9633882250000E+02; 1.8483868200000E+02; 9.0000000000000E+01; 4.0000000000000E+01; 5.0000000000000E+01; 1.7530000000000E-03; 2.0000000000000E+01; 6.2000000000000E+00; 3.9000000000000E+01; 5.6264902428872E-01; 1.2883156538010E-01; 1.3800000000000E+02; 1.0000000000000E+00;-2.7358791832575E+00;-9.4116195650310E+00; 2.7021900000000E+02; 2.6731200000000E+02; 2.0000000000000E+00; 2.0000000000000E+00; 2.0000000000000E+00; 2.0000000000000E+00; 1.0000000000000E+02; 1.0000000000000E+01; 1.0000000000000E+01; 1.0000000000000E+01;                 NAN;-2.4938001490146E+02; 2.1334034894621E+00; 5.6814573036991E+01; 4.3970010432452E+00; 5.5714285714286E-06; 1.6457880553537E-02; 2.8774822407818E-05; 1.3000000000000E+03; 1.0000000000000E+01; 1.0000000000000E+01; 1.0000000000000E+01; 0.0000000000000E+00; 1.0000000000000E+01; 1.0000000000000E+01
 1.7878531620000E+09; 1.0000000000000E+00; 1.0000000000000E+00; 1.1497492500000E+01; 1.9634048250000E+02; 1.8484299000000E+02; 8.0000000000000E+01; 4.0000000000000E+01; 4.0000000000000E+01; 1.7530000000000E-03; 2.0000000000000E+01; 6.0625000000000E+00; 4.0000000000000E+01; 5.6384065539717E-01; 1.3387830555439E-01; 1.3900000000000E+02; 1.0000000000000E+00;-2.5135976534386E+00;-9.4053939925560E+00; 2.7021250000000E+02; 2.6629350000000E+02; 2.0000000000000E+00; 2.0000000000000E+00; 2.0000000000000E+00; 2.0000000000000E+00; 1.0000000000000E+02; 1.0000000000000E+01; 1.0000000000000E+01; 1.0000000000000E+01;                 NAN;-1.7655091706410E+02;-5.3042428484534E-01; 5.8630620872403E+01; 7.1892256659098E+00; 5.1428571428571E-06; 9.3585760421426E-03; 2.8774822407818E-05; 1.3000000000000E+03; 1.0000000000000E+01; 1.0000000000000E+01; 1.0000000000000E+01; 0.0000000000000E+00; 1.0000000000000E+01; 1.0000000000000E+01
 1.7878531640000E+09; 1.0000000000000E+00; 1.0000000000000E+00; 1.1497759000000E+01; 1.9634180400000E+02; 1.8484404500000E+02; 9.0000000000000E+01; 5.0000000000000E+01; 4.0000000000000E+01; 1.7552380952381E-03; 2.1000000000000E+01; 5.9717948717949E+00; 3.9000000000000E+01; 5.6329851209685E-01; 1.8125180900097E-01; 1.3800000000000E+02; 1.0000000000000E+00;-5.0921350434513E+00;-9.4041435575211E+00; 2.7021700000000E+02; 2.6537800000000E+02; 2.0000000000000E+00; 2.0000000000000E+00; 1.0000000000000E+00; 2.0000000000000E+00; 1.0000000000000E+02; 1.0000000000000E+01; 1.0000000000000E+01; 1.0000000000000E+01;                 NAN;-1.9690703897854E+02;-1.4466200903283E+00; 5.3247376314806E+01; 6.9358983690365E-01; 5.1428571428571E-06; 8.9187065376243E-02; 2.8774822407818E-05; 1.4000000000000E+03; 1.0000000000000E+01; 1.0000000000000E+01; 1.0000000000000E+01; 0.0000000000000E+00; 1.0000000000000E+01; 1.0000000000000E+01
 1.7878531660000E+09; 4.0000000000000E+00; 1.0000000000000E+00; 1.1502845000000E+01; 1.9634115500000E+02; 1.8483831000000E+02; 9.0000000000000E+01; 4.0000000000000E+01; 5.0000000000000E+01; 1.7520000000000E-03; 2.0000000000000E+01; 6.1435897435897E+00; 3.9000000000000E+01; 5.6355603470419E-01; 1.8246911466122E-01; 1.3700000000000E+02; 1.0000000000000E+00; 2.1640508618038E+01; 1.2970655823696E+01; 2.7021550000000E+02; 2.6456950000000E+02; 2.0000000000000E+00; 2.0000000000000E+00; 2.0000000000000E+00; 2.0000000000000E+00; 1.0000000000000E+02; 1.0000000000000E+01; 1.0000000000000E+01; 1.0000000000000E+01;                 NAN;-1.1994872854156E+02;-3.8541990331706E+00; 4.1717186773133E+03; 1.5738048910261E+02; 2.8796714285714E-02; 7.0729144599478E-01; 2.8774822407818E-05; 1.3000000000000E+03; 1.0000000000000E+01; 1.0000000000000E+01; 1.0000000000000E+01; 0.0000000000000E+00; 1.0000000000000E+01; 1.0000000000000E+01
 1.7878531680000E+09; 0.0000000000000E+00; 0.0000000000000E+00; 1.1270162500000E+01; 1.9713351250000E+02; 1.8586335000000E+02; 8.0000000000000E+01; 4.0000000000000E+01; 4.0000000000000E+01; 1.6815000000000E-03; 2.0000000000000E+01; 8.9025641025641E+00; 3.9000000000000E+01; 5.6469108713710E-01; 1.5264511108398E-01; 1.3800000000000E+02; 1.0000000000000E+00; 4.8996043925149E+01; 3.4799410565509E+01; 2.7020400000000E+02; 2.6363700000000E+02; 2.0000000000000E+00; 1.0000000000000E+00; 2.0000000000000E+00; 2.0000000000000E+00; 1.0000000000000E+02; 2.0000000000000E-02; 1.0000000000000E+00; 2.0000000000000E-02;                 NAN; 3.5429575360503E+05; 6.0267747436003E+03; 1.4781510943648E+04; 5.3739937145736E+02; 1.7248550000000E-01; 8.0911070831653E-01; 2.8774822407818E-05; 3.0000000000000E+02; 2.0000000000000E-01; 1.0000000000000E+01; 2.0000000000000E-01; 0.0000000000000E+00; 2.0000000000000E-01; 1.0000000000000E+01
 1.7878531700000E+09; 0.0000000000000E+00; 0.0000000000000E+00; 1.1173752000000E+01; 1.9781585000000E+02; 1.8664209800000E+02; 9.0000000000000E+01; 4.0000000000000E+01; 5.0000000000000E+01; 1.6770000000000E-03; 2.0000000000000E+01; 1.1100000000000E+01; 4.0000000000000E+01; 5.6521560973401E-01; 8.0469004809856E-02; 1.3900000000000E+02; 1.0000000000000E+00; 4.9046313264119E+01; 3.5092151369407E+01; 2.7020150000000E+02; 2.6468050000000E+02; 2.0000000000000E+00; 2.0000000000000E+00; 2.0000000000000E+00; 2.0000000000000E+00; 1.0000000000000E+02; 3.0000000000000E-02; 9.5000000000000E-01; 3.0000000000000E-02;                 NAN; 4.3014377458932E+05; 6.0373785849570E+03; 1.4925171639263E+04; 5.4182801538244E+02; 1.7141412500000E-01; 8.0687081318273E-01; 2.8774822407818E-05; 1.2000000000000E+03; 3.0000000000000E-01; 9.5000000000000E+00; 3.0000000000000E-01; 0.0000000000000E+00; 3.0000000000000E-01; 9.5000000000000E+00
 1.7878531720000E+09; 0.0000000000000E+00; 0.0000000000000E+00; 1.1092328500000E+01; 1.9777196600000E+02; 1.8667963750000E+02; 9.0000000000000E+01; 5.0000000000000E+01; 4.0000000000000E+01; 1.6842857142857E-03; 2.1000000000000E+01; 1.6794871794872E+01; 3.9000000000000E+01; 5.6556615129761E-01; 1.5505436062813E-01; 1.3800000000000E+02; 1.0000000000000E+00; 4.9050685856314E+01; 3.4991893998948E+01; 2.7020000000000E+02; 2.6633050000000E+02; 2.0000000000000E+00; 2.0000000000000E+00; 2.0000000000000E+00; 2.0000000000000E+00; 1.0000000000000E+02; 4.0000000000000E-02; 9.2000000000000E-01;                 NAN;                 NAN; 4.1964140643720E+05; 6.0435939252199E+03; 1.4905337516813E+04; 5.5234563890136E+02; 1.7226700000000E-01; 8.0463860078520E-01; 2.8774822407818E-05; 1.1000000000000E+03; 4.0000000000000E-01; 9.2000000000000E+00; 0.0000000000000E+00; 0.0000000000000E+00; 4.0000000000000E-01; 9.2000000000000E+00
 1.7878531740000E+09; 0.0000000000000E+00; 0.0000000000000E+00; 1.1023860000000E+01; 1.9765381250000E+02; 1.8662995250000E+02; 8.0000000000000E+01; 4.0000000000000E+01; 4.0000000000000E+01; 1.6930000000000E-03; 2.0000000000000E+01; 2.2410256410256E+01; 3.9000000000000E+01; 5.6503856552684E-01; 1.5196037292480E-01; 1.3800000000000E+02; 1.0000000000000E+00; 4.9025952158173E+01; 3.4640899054186E+01; 2.7020500000000E+02; 2.6804150000000E+02; 1.0000000000000E+00; 2.0000000000000E+00; 2.0000000000000E+00; 2.0000000000000E+00; 1.0000000000000E+02; 4.0000000000000E-02; 9.1000000000000E-01;                 NAN;                 NAN; 3.7423660555352E+05; 6.0719215345606E+03; 1.4819072845110E+04; 5.6425593167068E+02; 1.7342514285714E-01; 8.0232802924035E-01; 2.8774822407818E-05; 1.1000000000000E+03; 4.0000000000000E-01; 9.1000000000000E+00; 0.0000000000000E+00; 0.0000000000000E+00; 4.0000000000000E-01; 9.1000000000000E+00
 1.7878531760000E+09; 0.0000000000000E+00; 0.0000000000000E+00; 1.0950565000000E+01; 1.9757071750000E+02; 1.8662015250000E+02; 8.0000000000000E+01; 4.0000000000000E+01; 4.0000000000000E+01; 1.7080000000000E-03; 2.0000000000000E+01; 3.2789473684211E+01; 3.8000000000000E+01; 5.6480995842021E-01; 1.8863171339035E-01; 1.3900000000000E+02; 1.0000000000000E+00; 4.8989154479224E+01; 3.4201893855857E+01; 2.7020800000000E+02; 2.6965550000000E+02; 2.0000000000000E+00; 2.0000000000000E+00; 2.0000000000000E+00; 2.0000000000000E+00; 1.0000000000000E+02; 3.0000000000000E-02; 9.0000000000000E-01;                 NAN;                 NAN; 4.5343252174537E+05; 6.0863979229830E+03; 1.4659886123207E+04; 5.7502008727883E+02; 1.7469942857143E-01; 8.0048564985753E-01; 2.8774822407818E-05; 1.1000000000000E+03; 3.0000000000000E-01; 9.0000000000000E+00; 0.0000000000000E+00; 0.0000000000000E+00; 3.0000000000000E-01; 9.0000000000000E+00
 1.7878531780000E+09; 0.0000000000000E+00; 0.0000000000000E+00; 1.0956760000000E+01; 1.9755457000000E+02; 1.8659781000000E+02; 9.0000000000000E+01; 4.0000000000000E+01; 5.0000000000000E+01; 1.7220000000000E-03; 2.0000000000000E+01; 4.5717948717949E+01; 3.9000000000000E+01; 5.6542463474084E-01; 8.4095560014248E-02; 1.3800000000000E+02; 1.0000000000000E+00; 4.8997453865013E+01; 3.3741576869553E+01; 2.7020850000000E+02; 2.7116400000000E+02; 2.0000000000000E+00; 2.0000000000000E+00; 2.0000000000000E+00; 2.0000000000000E+00; 1.0000000000000E+02; 4.0000000000000E-02; 8.9000000000000E-01;                 NAN;                 NAN; 4.0719569183760E+05; 6.1085911250117E+03; 1.4436830224387E+04; 5.8645372237966E+02; 1.7603742857143E-01; 7.9894072066639E-01; 2.8705454666091E-05; 1.2000000000000E+03; 4.0000000000000E-01; 8.9000000000000E+00; 0.0000000000000E+00; 0.0000000000000E+00; 4.0000000000000E-01; 8.9000000000000E+00
 1.7878531800000E+09; 0.0000000000000E+00; 0.0000000000000E+00; 1.1090312500000E+01; 1.9743178000000E+02; 1.8634146750000E+02; 9.0000000000000E+01; 5.0000000000000E+01; 4.0000000000000E+01; 1.7314285714286E-03; 2.1000000000000E+01; 7.1384615384615E+01; 3.9000000000000E+01; 5.6522520381039E-01; 1.3966050744057E-01; 1.3800000000000E+02; 1.0000000000000E+00; 4.8993589231043E+01; 3.3566860637267E+01; 2.7020950000000E+02; 2.7225900000000E+02; 2.0000000000000E+00; 2.0000000000000E+00; 2.0000000000000E+00; 1.0000000000000E+00; 1.0000000000000E+02; 3.0000000000000E-02; 8.9000000000000E-01;                 NAN; 3.0000000000000E-02; 4.3404689235297E+05; 6.1603276760710E+03; 1.4196945595584E+04; 5.9339448593151E+02; 1.7718371428571E-01; 7.9829699215144E-01; 2.8668949090601E-05; 1.1000000000000E+03; 3.0000000000000E-01; 8.9000000000000E+00; 0.0000000000000E+00; 3.0000000000000E-01; 3.0000000000000E-01; 8.9000000000000E+00
 1.7878531820000E+09; 0.0000000000000E+00; 0.0000000000000E+00; 1.1088265000000E+01; 1.9738149250000E+02; 1.8629322750000E+02; 8.0000000000000E+01; 4.0000000000000E+01; 4.0000000000000E+01; 1.7415000000000E-03; 2.0000000000000E+01; 1.0297435897436E+02; 3.9000000000000E+01; 5.6555798795583E-01; 1.6152130067348E-01; 1.3900000000000E+02; 1.0000000000000E+00; 4.9015388336126E+01; 3.3026430553290E+01; 2.7020950000000E+02; 2.7325650000000E+02; 2.0000000000000E+00; 2.0000000000000E+00; 2.0000000000000E+00; 2.0000000000000E+00; 1.0000000000000E+02; 4.0000000000000E-02; 8.8000000000000E-01;                 NAN; 4.0000000000000E-02; 3.9939821026986E+05; 6.1853372237485E+03; 1.4025869408975E+04; 6.0353697089850E+02; 1.7830628571429E-01; 7.9668934349886E-01; 2.8649530267119E-05; 1.1000000000000E+03; 4.0000000000000E-01; 8.8000000000000E+00; 0.0000000000000E+00; 4.0000000000000E-01; 4.0000000000000E-01; 8.8000000000000E+00
 1.7878531840000E+09; 0.0000000000000E+00; 0.0000000000000E+00; 1.1061778500000E+01; 1.9729674250000E+02; 1.8623496400000E+02; 9.0000000000000E+01; 4.0000000000000E+01; 5.0000000000000E+01; 1.7500000000000E-03; 2.0000000000000E+01; 1.6923076923077E+02; 3.9000000000000E+01; 5.6512394537528E-01; 1.0197474062443E-01; 1.3800000000000E+02; 1.0000000000000E+00; 4.9009142547082E+01; 3.3009649088628E+01; 2.7019900000000E+02; 2.7441500000000E+02; 2.0000000000000E+00; 2.0000000000000E+00; 2.0000000000000E+00; 2.0000000000000E+00; 1.0000000000000E+02; 4.0000000000000E-02; 8.8000000000000E-01;                 NAN; 4.0000000000000E-02; 4.1866863331437E+05; 6.2249618234523E+03; 1.3865578141123E+04; 6.1388046462553E+02; 1.7944685714286E-01; 7.9490889578199E-01; 2.8659268818348E-05; 1.2000000000000E+03; 4.0000000000000E-01; 8.8000000000000E+00; 0.0000000000000E+00; 4.0000000000000E-01; 4.0000000000000E-01; 8.8000000000000E+00
 1.7878531860000E+09; 0.0000000000000E+00; 0.0000000000000E+00; 1.1064110000000E+01; 1.9730381000000E+02; 1.8623970000000E+02; 9.0000000000000E+01; 5.0000000000000E+01; 4.0000000000000E+01; 1.7590476190476E-03; 2.1000000000000E+01; 2.6526315789474E+02; 3.8000000000000E+01; 5.6632026782369E-01; 8.1838473677635E-02; 1.3600000000000E+02; 1.0000000000000E+00; 4.9057584066556E+01; 3.2475179146578E+01; 2.7020900000000E+02; 2.7551500000000E+02; 2.0000000000000E+00; 2.0000000000000E+00; 1.0000000000000E+00; 2.0000000000000E+00; 1.0000000000000E+02; 3.0000000000000E-02; 8.7000000000000E-01;                 NAN; 3.0000000000000E-02; 4.2376277792587E+05; 6.2579723087020E+03; 1.3804637295327E+04; 6.2275696470186E+02; 1.8058742857143E-01; 7.9343385720671E-01; 2.8688043369911E-05; 1.1000000000000E+03; 3.0000000000000E-01; 8.7000000000000E+00; 0.0000000000000E+00; 3.0000000000000E-01; 3.0000000000000E-01; 8.7000000000000E+00
 1.7878531880000E+09; 0.0000000000000E+00; 0.0000000000000E+00; 1.1117855000000E+01; 1.9739320750000E+02; 1.8627535250000E+02; 8.0000000000000E+01; 4.0000000000000E+01; 4.0000000000000E+01; 1.7635000000000E-03; 2.0000000000000E+01; 3.9564102564103E+02; 3.9000000000000E+01; 5.6654142387103E-01; 1.6940843313932E-02; 1.3800000000000E+02; 1.0000000000000E+00; 4.8996368464345E+01; 3.2186396359505E+01; 2.7020600000000E+02; 2.7649900000000E+02; 2.0000000000000E+00; 2.0000000000000E+00; 2.0000000000000E+00; 2.0000000000000E+00; 1.0000000000000E+02; 4.0000000000000E-02; 8.7000000000000E-01;                 NAN; 4.0000000000000E-02; 3.9323843720665E+05; 6.2805787734527E+03; 1.3689045277348E+04; 6.2866765560136E+02; 1.8154200000000E-01; 7.9267201594651E-01; 2.8701460310087E-05; 1.1000000000000E+03; 4.0000000000000E-01; 8.7000000000000E+00; 0.0000000000000E+00; 4.0000000000000E-01; 4.0000000000000E-01; 8.7000000000000E+00
 1.7878531900000E+09; 0.0000000000000E+00; 0.0000000000000E+00; 1.1209310000000E+01; 1.9721873000000E+02; 1.8600942000000E+02; 9.0000000000000E+01; 4.0000000000000E+01; 5.0000000000000E+01; 1.7700000000000E-03; 2.0000000000000E+01; 5.1179487179487E+02; 3.9000000000000E+01; 5.6549017322668E-01; 1.4960184693336E-01; 1.3800000000000E+02; 1.0000000000000E+00; 4.8992718339523E+01; 3.1977965750676E+01; 2.7019550000000E+02; 2.7740300000000E+02; 2.0000000000000E+00; 1.0000000000000E+00; 2.0000000000000E+00; 2.0000000000000E+00; 1.0000000000000E+02; 3.0000000000000E-02; 8.6000000000000E-01;                 NAN; 3.0000000000000E-02; 4.1092749799213E+05; 6.3234077029251E+03; 1.3574466065622E+04; 6.3761803374166E+02; 1.8243085714286E-01; 7.9101606908214E-01; 2.8724262793262E-05; 1.1000000000000E+03; 3.0000000000000E-01; 8.6000000000000E+00; 0.0000000000000E+00; 3.0000000000000E-01; 3.0000000000000E-01; 8.6000000000000E+00
 1.7878531920000E+09; 0.0000000000000E+00; 0.0000000000000E+00; 1.1246712500000E+01; 1.9706757750000E+02; 1.8582086500000E+02; 8.0000000000000E+01; 4.0000000000000E+01; 4.0000000000000E+01; 1.7715000000000E-03; 2.0000000000000E+01; 5.8000000000000E+02; 3.9000000000000E+01; 5.6579365677113E-01; 4.3391890823841E-02; 1.3900000000000E+02; 1.0000000000000E+00; 4.9001354112813E+01; 3.1866483250151E+01; 2.7019250000000E+02; 2.7826950000000E+02; 2.0000000000000E+00; 2.0000000000000E+00; 2.0000000000000E+00; 2.0000000000000E+00; 1.0000000000000E+02; 4.0000000000000E-02; 8.6000000000000E-01;                 NAN; 4.0000000000000E-02; 4.5478396608836E+05; 6.3863056529782E+03; 1.3517969090739E+04; 6.4176520213574E+02; 1.8331071428571E-01; 7.9063233489737E-01; 2.8742882472396E-05; 1.1000000000000E+03; 4.0000000000000E-01; 8.6000000000000E+00; 0.0000000000000E+00; 4.0000000000000E-01; 4.0000000000000E-01; 8.6000000000000E+00
 1.7878531940000E+09; 0.0000000000000E+00; 0.0000000000000E+00; 1.1209720000000E+01; 1.9716406000000E+02; 1.8595434000000E+02; 9.0000000000000E+01; 5.0000000000000E+01; 4.0000000000000E+01; 1.7785714285714E-03; 2.1000000000000E+01; 5.8000000000000E+02; 3.9000000000000E+01; 5.6621217189492E-01; 1.2594045698643E-01; 1.3800000000000E+02; 1.0000000000000E+00; 4.8932616724541E+01; 3.2191714313997E+01; 2.7020450000000E+02; 2.7896400000000E+02; 1.0000000000000E+00; 2.0000000000000E+00; 2.0000000000000E+00; 2.0000000000000E+00; 1.0000000000000E+02; 3.0000000000000E-02; 8.5000000000000E-01;                 NAN; 3.0000000000000E-02; 4.0421639624923E+05; 6.4076559184468E+03; 1.3426361499094E+04; 6.4905495364164E+02; 1.8416228571429E-01; 7.8940796746198E-01; 2.8763600960813E-05; 1.2000000000000E+03; 3.0000000000000E-01; 8.5000000000000E+00; 0.0000000000000E+00; 3.0000000000000E-01; 3.0000000000000E-01; 8.5000000000000E+00
 1.7878531960000E+09; 0.0000000000000E+00; 0.0000000000000E+00; 1.1004987000000E+01; 1.9722907500000E+02; 1.8622408800000E+02; 9.0000000000000E+01; 4.0000000000000E+01; 5.0000000000000E+01; 1.7825000000000E-03; 2.0000000000000E+01; 5.8000000000000E+02; 4.0000000000000E+01; 5.6534611487131E-01; 1.3674405217171E-01; 1.3900000000000E+02; 1.0000000000000E+00; 4.8950258861191E+01; 3.2059848519089E+01; 2.7020900000000E+02; 2.7969900000000E+02; 2.0000000000000E+00; 2.0000000000000E+00; 2.0000000000000E+00; 2.0000000000000E+00; 1.0000000000000E+02; 4.0000000000000E-02; 8.5000000000000E-01;                 NAN; 4.0000000000000E-02; 4.5088217953295E+05; 6.4256825024482E+03; 1.3377409196877E+04; 6.5653091613969E+02; 1.8507671428571E-01; 7.8817648284958E-01; 2.8789286245829E-05; 1.1000000000000E+03; 4.0000000000000E-01; 8.5000000000000E+00; 0.0000000000000E+00; 4.0000000000000E-01; 4.0000000000000E-01; 8.5000000000000E+00
 1.7878531980000E+09; 0.0000000000000E+00; 0.0000000000000E+00; 1.1009285000000E+01; 1.9711830000000E+02; 1.8610901500000E+02; 8.0000000000000E+01; 4.0000000000000E+01; 4.0000000000000E+01; 1.7850000000000E-03; 2.0000000000000E+01; 5.8000000000000E+02; 3.9000000000000E+01; 5.6542238438301E-01; 1.5748897194862E-01; 1.3900000000000E+02; 1.0000000000000E+00; 4.8978906480250E+01; 3.1763754054178E+01; 2.7021000000000E+02; 2.8033900000000E+02; 2.0000000000000E+00; 2.0000000000000E+00; 2.0000000000000E+00; 2.0000000000000E+00; 1.0000000000000E+02; 3.0000000000000E-02; 8.5000000000000E-01;                 NAN; 3.0000000000000E-02; 4.4059397135953E+05; 6.4710937979645E+03; 1.3319723275524E+04; 6.6160363661721E+02; 1.8591842857143E-01; 7.8758452821740E-01; 2.8800307403025E-05; 1.1000000000000E+03; 3.0000000000000E-01; 8.5000000000000E+00; 0.0000000000000E+00; 3.0000000000000E-01; 3.0000000000000E-01; 8.5000000000000E+00
 1.7878532000000E+09; 4.0000000000000E+00; 0.0000000000000E+00; 1.1237628000000E+01; 1.9694636000000E+02; 1.8570873200000E+02; 9.0000000000000E+01; 4.0000000000000E+01; 5.0000000000000E+01; 1.8442857142857E-03; 2.1000000000000E+01; 1.4602500000000E+02; 4.0000000000000E+01; 5.6588077450576E-01; 1.0595635324717E-01; 1.3800000000000E+02; 1.0000000000000E+00; 2.3333553651266E+01;-8.7566479940826E+00; 2.7023200000000E+02; 2.8126400000000E+02; 2.0000000000000E+00; 2.0000000000000E+00; 2.0000000000000E+00; 1.0000000000000E+00; 1.0000000000000E+02; 4.0000000000000E-02; 8.4000000000000E-01;                 NAN; 4.0000000000000E-02; 3.9942264061166E+05;-2.5622003616513E+00; 6.4544421760702E+01; 6.2026255090786E+00; 3.1386142857143E-02; 9.8525195874840E-01; 2.8782798651121E-05; 1.2000000000000E+03; 4.0000000000000E-01; 8.4000000000000E+00; 0.0000000000000E+00; 4.0000000000000E-01; 4.0000000000000E-01; 8.4000000000000E+00
 1.7878532020000E+09; 1.0000000000000E+00; 1.0000000000000E+00; 1.1371407500000E+01; 1.9631116000000E+02; 1.8493975250000E+02; 9.0000000000000E+01; 5.0000000000000E+01; 4.0000000000000E+01; 1.8790000000000E-03; 2.0000000000000E+01; 2.0625000000000E+01; 4.0000000000000E+01; 5.6588147398808E-01; 1.3365006446838E-01; 1.3900000000000E+02; 1.0000000000000E+00;-3.6160716284740E+00;-8.8986451189824E+00; 2.7023150000000E+02; 2.8098900000000E+02; 2.0000000000000E+00; 2.0000000000000E+00; 2.0000000000000E+00; 2.0000000000000E+00; 1.0000000000000E+02; 3.0000000000000E-02; 1.0000000000000E+01;                 NAN; 3.0000000000000E-02;-7.3366324990094E+03; 2.2054769461657E+00; 5.7870359342069E+01; 5.4199787482303E+00; 5.2857142857143E-06; 1.2714920687297E-02; 2.8775217511751E-05; 1.2000000000000E+03; 3.0000000000000E-01; 1.0000000000000E+01; 0.0000000000000E+00; 3.0000000000000E-01; 3.0000000000000E-01; 1.0000000000000E+01
 1.7878532040000E+09; 1.0000000000000E+00; 4.0000000000000E+00; 1.1370480000000E+01; 1.9612640500000E+02; 1.8475592500000E+02; 8.0000000000000E+01; 4.0000000000000E+01; 4.0000000000000E+01; 1.8785000000000E-03; 2.0000000000000E+01; 1.2717948717949E+01; 3.9000000000000E+01; 5.6570171714693E-01; 9.0511776506901E-02; 1.3800000000000E+02; 1.0000000000000E+00;-3.9708493009474E+00;-9.0058863579963E+00; 2.7023300000000E+02; 2.7989750000000E+02; 2.0000000000000E+00; 2.0000000000000E+00; 2.0000000000000E+00; 2.0000000000000E+00; 1.0000000000000E+02; 2.9300000000000E+00; 1.0000000000000E+01;                 NAN; 2.9300000000000E+00; 1.1073020755846E+03;-1.0559437955759E+00; 5.6080315349405E+01; 4.8742397956655E+00; 5.4285714285714E-06; 1.4494482261815E-02; 2.8775217511751E-05; 1.2000000000000E+03; 8.7900000000000E+00; 1.0000000000000E+01; 0.0000000000000E+00; 8.7900000000000E+00; 8.7900000000000E+00; 1.0000000000000E+01
 1.7878532060000E+09; 1.0000000000000E+00; 1.0000000000000E+00; 1.1386546500000E+01; 1.9609942250000E+02; 1.8471287600000E+02; 9.0000000000000E+01; 4.0000000000000E+01; 5.0000000000000E+01; 1.8685000000000E-03; 2.0000000000000E+01; 1.0056410256410E+01; 3.9000000000000E+01; 5.6634897956316E-01; 1.2728457152843E-01; 1.3900000000000E+02; 1.0000000000000E+00;-5.2540086383177E+00;-7.1647787369881E+00; 2.7022900000000E+02; 2.7836400000000E+02; 2.0000000000000E+00; 2.0000000000000E+00; 1.0000000000000E+00; 2.0000000000000E+00; 1.0000000000000E+02; 1.0000000000000E+01; 1.0000000000000E+01;                 NAN;                 NAN;-4.6048608829270E+02;-4.4595122527988E-01; 5.5489314558229E+01; 4.1229895338239E+00; 4.0000000000000E-06; 1.2649808621496E-02; 2.8775217511751E-05; 1.3000000000000E+03; 1.0000000000000E+01; 1.0000000000000E+01; 0.0000000000000E+00; 0.0000000000000E+00; 1.0000000000000E+01; 1.0000000000000E+01
 1.7878532080000E+09; 1.0000000000000E+00; 1.0000000000000E+00; 1.1405640000000E+01; 1.9611087750000E+02; 1.8470523750000E+02; 8.0000000000000E+01; 4.0000000000000E+01; 4.0000000000000E+01; 1.8580952380952E-03; 2.1000000000000E+01; 9.2350000000000E+00; 4.0000000000000E+01; 5.6567025488229E-01; 8.7620675563812E-02; 1.3900000000000E+02; 1.0000000000000E+00;-5.3064944519676E+00;-8.8626015973242E+00; 2.7023200000000E+02; 2.7669600000000E+02; 2.0000000000000E+00; 2.0000000000000E+00; 2.0000000000000E+00; 2.0000000000000E+00; 1.0000000000000E+02; 1.0000000000000E+01; 1.0000000000000E+01;                 NAN;                 NAN; 6.4002976161621E+01;-2.7674729681898E-01; 5.6995341730049E+01; 5.4491087383124E+00; 3.1428571428571E-06; 7.5590777347009E-03; 2.8775217511751E-05; 1.3000000000000E+03; 1.0000000000000E+01; 1.0000000000000E+01; 0.0000000000000E+00; 0.0000000000000E+00; 1.0000000000000E+01; 1.0000000000000E+01
 1.7878532100000E+09; 1.0000000000000E+00; 1.0000000000000E+00; 1.1417073500000E+01; 1.9613182600000E+02; 1.8471475250000E+02; 9.0000000000000E+01; 5.0000000000000E+01; 4.0000000000000E+01; 1.8500000000000E-03; 2.0000000000000E+01; 8.3743589743590E+00; 3.9000000000000E+01; 5.6557952291245E-01; 2.0336619019508E-01; 1.3900000000000E+02; 1.0000000000000E+00;-5.2687213014285E+00;-9.2401045875052E+00; 2.7023850000000E+02; 2.7503300000000E+02; 2.0000000000000E+00; 2.0000000000000E+00; 2.0000000000000E+00; 2.0000000000000E+00; 1.0000000000000E+02; 1.0000000000000E+01; 1.0000000000000E+01;                 NAN;                 NAN;-6.7547901762931E+02;-7.6999116806969E-01; 5.7973760187160E+01; 6.1636841733680E+00; 5.0000000000000E-06; 1.0599049771304E-02; 2.8775217511751E-05; 1.3000000000000E+03; 1.0000000000000E+01; 1.0000000000000E+01; 0.0000000000000E+00; 0.0000000000000E+00; 1.0000000000000E+01; 1.0000000000000E+01
 1.7878532120000E+09; 1.0000000000000E+00; 1.0000000000000E+00; 1.1429380000000E+01; 1.9615017000000E+02; 1.8472079000000E+02; 8.0000000000000E+01; 4.0000000000000E+01; 4.0000000000000E+01; 1.8430000000000E-03; 2.0000000000000E+01; 7.7179487179487E+00; 3.9000000000000E+01; 5.6582232311806E-01; 4.4330228120089E-02; 1.3600000000000E+02; 1.0000000000000E+00;-5.2654956767008E+00;-7.9131908345401E+00; 2.7023650000000E+02; 2.7346300000000E+02; 2.0000000000000E+00; 1.0000000000000E+00; 2.0000000000000E+00; 2.0000000000000E+00; 1.0000000000000E+02; 1.0000000000000E+01; 1.0000000000000E+01;                 NAN;                 NAN;-2.8885874718385E+02;-2.9311889777496E+00; 6.8012729919911E+01; 5.2581210599382E+00; 5.0000000000000E-06; 1.2401799192224E-02; 2.8775217511751E-05; 1.3000000000000E+03; 1.0000000000000E+01; 1.0000000000000E+01; 0.0000000000000E+00; 0.0000000000000E+00; 1.0000000000000E+01; 1.0000000000000E+01
 1.7878532140000E+09; 1.0000000000000E+00; 1.0000000000000E+00; 1.1436744500000E+01; 1.9616297250000E+02; 1.8472622800000E+02; 9.0000000000000E+01; 4.0000000000000E+01; 5.0000000000000E+01; 1.8395238095238E-03; 2.1000000000000E+01; 7.2500000000000E+00; 4.0000000000000E+01; 5.6503156929136E-01; 1.5013441443443E-01; 1.3900000000000E+02; 1.0000000000000E+00;-5.2579433291606E+00;-9.3936171474035E+00; 2.7023800000000E+02; 2.7197250000000E+02; 2.0000000000000E+00; 2.0000000000000E+00; 2.0000000000000E+00; 2.0000000000000E+00; 1.0000000000000E+02; 1.0000000000000E+01; 1.0000000000000E+01;                 NAN;                 NAN; 1.9245062829940E+02;-3.1445959453239E+00; 5.6859147419551E+01; 5.2849278938907E+00; 5.5714285714286E-06; 1.3730554027109E-02; 2.8775217511751E-05; 1.4000000000000E+03; 1.0000000000000E+01; 1.0000000000000E+01; 0.0000000000000E+00; 0.0000000000000E+00; 1.0000000000000E+01; 1.0000000000000E+01
 1.7878532160000E+09; 1.0000000000000E+00; 1.0000000000000E+00; 1.1420868000000E+01; 1.9618011800000E+02; 1.8475925000000E+02; 9.0000000000000E+01; 5.0000000000000E+01; 4.0000000000000E+01; 1.8380000000000E-03; 2.0000000000000E+01; 6.8897435897436E+00; 3.9000000000000E+01; 5.6487471233244E-01; 7.4458554387093E-02; 1.3800000000000E+02; 1.0000000000000E+00;-4.8652905898303E+00;-9.2927445786790E+00; 2.7022650000000E+02; 2.7057650000000E+02; 2.0000000000000E+00; 2.0000000000000E+00; 2.0000000000000E+00; 2.0000000000000E+00; 1.0000000000000E+02; 1.0000000000000E+01; 1.0000000000000E+01;                 NAN;                 NAN;-3.0678434283848E+02; 1.8197482401474E+00; 5.0454701577334E+01; 4.7460930724957E+00; 5.3333333333333E-06; 1.4622781019220E-02; 2.8775217511751E-05; 1.3000000000000E+03; 1.0000000000000E+01; 1.0000000000000E+01; 0.0000000000000E+00; 0.0000000000000E+00; 1.0000000000000E+01; 1.0000000000000E+01
 1.7878532180000E+09; 1.0000000000000E+00; 1.0000000000000E+00; 1.1440084000000E+01; 1.9618666000000E+02; 1.8474657600000E+02; 9.0000000000000E+01; 4.0000000000000E+01; 5.0000000000000E+01; 1.8380000000000E-03; 2.0000000000000E+01; 6.6125000000000E+00; 4.0000000000000E+01; 5.6578221950600E-01; 1.2916125357151E-01; 1.3900000000000E+02; 1.0000000000000E+00;-5.3185257944156E+00;-7.7420254466625E+00; 2.7023400000000E+02; 2.6921600000000E+02; 1.0000000000000E+00; 2.0000000000000E+00; 2.0000000000000E+00; 2.0000000000000E+00; 1.0000000000000E+02; 1.0000000000000E+01; 1.0000000000000E+01; 1.0000000000000E+01;                 NAN;-7.6828869879460E+01;-9.2073123540092E-01; 6.1641634411241E+01; 8.1686628848405E+00; 5.2857142857143E-06; 8.4727104290632E-03; 2.8775217511751E-05; 1.3000000000000E+03; 1.0000000000000E+01; 1.0000000000000E+01; 1.0000000000000E+01; 0.0000000000000E+00; 1.0000000000000E+01; 1.0000000000000E+01
 1.7878532200000E+09; 1.0000000000000E+00; 1.0000000000000E+00; 1.1447322500000E+01; 1.9618741250000E+02; 1.8474009000000E+02; 8.0000000000000E+01; 4.0000000000000E+01; 4.0000000000000E+01; 1.8380000000000E-03; 2.0000000000000E+01; 6.4051282051282E+00; 3.9000000000000E+01; 5.6734474187275E-01; 1.5452179312706E-01; 1.3900000000000E+02; 1.0000000000000E+00;-5.1025028628700E+00;-9.4067284043468E+00; 2.7023950000000E+02; 2.6802350000000E+02; 2.0000000000000E+00; 2.0000000000000E+00; 2.0000000000000E+00; 2.0000000000000E+00; 1.0000000000000E+02; 1.0000000000000E+01; 1.0000000000000E+01; 1.0000000000000E+01;                 NAN; 4.8450742055493E+01; 4.1715061500842E+00; 6.2016850028204E+01; 8.5922903786956E+00; 5.2857142857143E-06; 8.0583448375773E-03; 2.8775217511751E-05; 1.3000000000000E+03; 1.0000000000000E+01; 1.0000000000000E+01; 1.0000000000000E+01; 0.0000000000000E+00; 1.0000000000000E+01; 1.0000000000000E+01
 1.7878532220000E+09; 1.0000000000000E+00; 1.0000000000000E+00; 1.1448646000000E+01; 1.9618571600000E+02; 1.8473707000000E+02; 9.0000000000000E+01; 5.0000000000000E+01; 4.0000000000000E+01; 1.8371428571429E-03; 2.1000000000000E+01; 6.2525000000000E+00; 4.0000000000000E+01; 5.6727927931409E-01; 1.4090317487717E-01; 1.3800000000000E+02; 1.0000000000000E+00;-4.3289853086679E+00;-6.6318883329144E+00; 2.7024000000000E+02; 2.6710200000000E+02; 2.0000000000000E+00; 2.0000000000000E+00; 2.0000000000000E+00; 1.0000000000000E+00; 1.0000000000000E+02; 1.0000000000000E+01; 1.0000000000000E+01; 1.0000000000000E+01;                 NAN;-9.2954618632068E+01; 4.1800254805144E+00; 6.2282962044962E+01; 6.9430926523406E+00; 5.4285714285714E-06; 1.0219658907392E-02; 2.8775217511751E-05; 1.4000000000000E+03; 1.0000000000000E+01; 1.0000000000000E+01; 1.0000000000000E+01; 0.0000000000000E+00; 1.0000000000000E+01; 1.0000000000000E+01
 1.7878532240000E+09; 1.0000000000000E+00; 1.0000000000000E+00; 1.1447584000000E+01; 1.9618376000000E+02; 1.8473617600000E+02; 9.0000000000000E+01; 4.0000000000000E+01; 5.0000000000000E+01; 1.8380000000000E-03; 2.0000000000000E+01; 6.1282051282051E+00; 3.9000000000000E+01; 5.6676540290280E-01; 1.3245812058449E-01; 1.3900000000000E+02; 1.0000000000000E+00;-5.3697941075645E+00;-7.1364572020360E+00; 2.7023850000000E+02; 2.6631400000000E+02; 2.0000000000000E+00; 2.0000000000000E+00; 2.0000000000000E+00; 2.0000000000000E+00; 1.0000000000000E+02; 1.0000000000000E+01; 1.0000000000000E+01; 1.0000000000000E+01;                 NAN;-1.8339946632747E+02;-1.5210392375080E-01; 5.9223705465501E+01; 7.0546588427931E+00; 5.4285714285714E-06; 1.0059665529356E-02; 2.8775217511751E-05; 1.3000000000000E+03; 1.0000000000000E+01; 1.0000000000000E+01; 1.0000000000000E+01; 0.0000000000000E+00; 1.0000000000000E+01; 1.0000000000000E+01
 1.7878532260000E+09; 1.0000000000000E+00; 1.0000000000000E+00; 1.1447425000000E+01; 1.9618114000000E+02; 1.8473371500000E+02; 8.0000000000000E+01; 4.0000000000000E+01; 4.0000000000000E+01; 1.8400000000000E-03; 2.0000000000000E+01; 6.0125000000000E+00; 4.0000000000000E+01; 5.6656752654176E-01; 1.9352631270885E-01; 1.3800000000000E+02; 1.0000000000000E+00;-5.2767518397836E+00;-9.1573142332293E+00; 2.7023900000000E+02; 2.6530400000000E+02; 2.0000000000000E+00; 2.0000000000000E+00; 1.0000000000000E+00; 2.0000000000000E+00; 1.0000000000000E+02; 1.0000000000000E+01; 1.0000000000000E+01; 1.0000000000000E+01;                 NAN;-7.3246127437350E+02; 2.3778694518436E+00; 5.6883275908217E+01; 7.4045161805187E+00; 6.0000000000000E-06; 1.0587584780598E-02; 2.8775217511751E-05; 1.3000000000000E+03; 1.0000000000000E+01; 1.0000000000000E+01; 1.0000000000000E+01; 0.0000000000000E+00; 1.0000000000000E+01; 1.0000000000000E+01
 1.7878532280000E+09; 1.0000000000000E+00; 1.0000000000000E+00; 1.1446385000000E+01; 1.9617880750000E+02; 1.8473242250000E+02; 8.0000000000000E+01; 4.0000000000000E+01; 4.0000000000000E+01; 1.8400000000000E-03; 2.1000000000000E+01; 5.9575000000000E+00; 4.0000000000000E+01; 5.6674572030846E-01; 1.6119161248207E-01; 1.3900000000000E+02; 1.0000000000000E+00;-5.3732424711146E+00;-6.6094746728067E+00; 2.7024150000000E+02; 2.6439500000000E+02; 2.0000000000000E+00; 2.0000000000000E+00; 2.0000000000000E+00; 2.0000000000000E+00; 1.0000000000000E+02; 1.0000000000000E+01; 1.0000000000000E+01; 1.0000000000000E+01;                 NAN;-1.2254485437384E+02; 1.2439731693636E+00; 6.3812816394080E+01; 7.7879376516527E+00; 5.1428571428571E-06; 8.6452206252713E-03; 2.8775217511751E-05; 1.3000000000000E+03; 1.0000000000000E+01; 1.0000000000000E+01; 1.0000000000000E+01; 0.0000000000000E+00; 1.0000000000000E+01; 1.0000000000000E+01
 1.7878532300000E+09; 1.0000000000000E+00; 1.0000000000000E+00; 1.1446312500000E+01; 1.9617533000000E+02; 1.8472901750000E+02; 9.0000000000000E+01; 5.0000000000000E+01; 4.0000000000000E+01; 1.8410000000000E-03; 2.0000000000000E+01; 5.9000000000000E+00; 3.9000000000000E+01; 5.6559917094051E-01; 1.7531743645668E-01; 1.3800000000000E+02; 1.0000000000000E+00;-5.1806007198339E+00;-6.9271941357523E+00; 2.7024400000000E+02; 2.6355550000000E+02; 2.0000000000000E+00; 2.0000000000000E+00; 2.0000000000000E+00; 2.0000000000000E+00; 1.0000000000000E+02; 1.0000000000000E+01; 1.0000000000000E+01; 1.0000000000000E+01;                 NAN; 1.6622802564039E+02; 3.8670183875375E+00; 7.0475853309095E+01; 9.5851111083404E+00; 5.8571428571429E-06; 8.0050327954910E-03; 2.8775217511751E-05; 1.4000000000000E+03; 1.0000000000000E+01; 1.0000000000000E+01; 1.0000000000000E+01; 0.0000000000000E+00; 1.0000000000000E+01; 1.0000000000000E+01
 1.7878532320000E+09; 1.0000000000000E+00; 1.0000000000000E+00; 1.1444425000000E+01; 1.9617069500000E+02; 1.8472627000000E+02; 9.0000000000000E+01; 4.0000000000000E+01; 5.0000000000000E+01; 1.8440000000000E-03; 2.0000000000000E+01; 5.8615384615385E+00; 3.9000000000000E+01; 5.6503983887408E-01; 5.2952814847231E-02; 1.3900000000000E+02; 1.0000000000000E+00;-5.1512097739349E+00;-9.3431359827004E+00; 2.7024500000000E+02; 2.6281200000000E+02; 2.0000000000000E+00; 1.0000000000000E+00; 2.0000000000000E+00; 2.0000000000000E+00; 1.0000000000000E+02; 1.0000000000000E+01; 1.0000000000000E+01; 1.0000000000000E+01;                 NAN;-3.4736190211428E+01;-1.8481016960455E+00; 5.5698811351411E+01; 8.1346583250966E+00; 6.0000000000000E-06; 9.6464425360828E-03; 2.8775217511751E-05; 1.3000000000000E+03; 1.0000000000000E+01; 1.0000000000000E+01; 1.0000000000000E+01; 0.0000000000000E+00; 1.0000000000000E+01; 1.0000000000000E+01
 1.7878532340000E+09; 1.0000000000000E+00; 1.0000000000000E+00; 1.1443722500000E+01; 1.9616737750000E+02; 1.8472365500000E+02; 8.0000000000000E+01; 4.0000000000000E+01; 4.0000000000000E+01; 1.8480000000000E-03; 2.0000000000000E+01; 5.8000000000000E+00; 4.0000000000000E+01; 5.6584863518891E-01; 1.4876495301723E-01; 1.3800000000000E+02; 1.0000000000000E+00;-5.1017438203135E+00;-9.3877607424676E+00; 2.7024400000000E+02; 2.6212800000000E+02; 2.0000000000000E+00; 2.0000000000000E+00; 2.0000000000000E+00; 2.0000000000000E+00; 1.0000000000000E+02; 1.0000000000000E+01; 1.0000000000000E+01; 1.0000000000000E+01;                 NAN;-2.1585959866749E+02;-1.4035073523185E+00; 5.0054379564696E+01; 1.2241807658745E+01; 6.1428571428571E-06; 6.5829635284774E-03; 2.8775217511751E-05; 1.3000000000000E+03; 1.0000000000000E+01; 1.0000000000000E+01; 1.0000000000000E+01; 0.0000000000000E+00; 1.0000000000000E+01; 1.0000000000000E+01
 1.7878532360000E+09; 1.0000000000000E+00; 1.0000000000000E+00; 1.1442546000000E+01; 1.9616338600000E+02; 1.8472084000000E+02; 9.0000000000000E+01; 5.0000000000000E+01; 4.0000000000000E+01; 1.8485714285714E-03; 2.1000000000000E+01; 5.8000000000000E+00; 3.9000000000000E+01; 5.6668718704646E-01; 1.0570274293423E-01; 1.3900000000000E+02; 1.0000000000000E+00;-2.8308942885438E+00;-9.4029210016737E+00; 2.7024350000000E+02; 2.6148900000000E+02; 1.0000000000000E+00; 2.0000000000000E+00; 2.0000000000000E+00; 2.0000000000000E+00; 1.0000000000000E+02; 1.0000000000000E+01; 1.0000000000000E+01; 1.0000000000000E+01;                 NAN; 9.5876228409366E+01; 3.4446130527998E+00; 5.5070563319373E+01; 1.0502651402568E+01; 6.0000000000000E-06; 7.4877811589235E-03; 2.8775217511751E-05; 1.3000000000000E+03; 1.0000000000000E+01; 1.0000000000000E+01; 1.0000000000000E+01; 0.0000000000000E+00; 1.0000000000000E+01; 1.0000000000000E+01
 1.7878532380000E+09; 1.0000000000000E+00; 1.0000000000000E+00; 1.1439022500000E+01; 1.9616058750000E+02; 1.8472156500000E+02; 8.0000000000000E+01; 4.0000000000000E+01; 4.0000000000000E+01; 1.8500000000000E-03; 2.0000000000000E+01; 5.7725000000000E+00; 4.0000000000000E+01; 5.6729150005441E-01; 1.8254518508911E-01; 1.3800000000000E+02; 1.0000000000000E+00;-4.0762734616865E+00;-7.8454842097720E+00; 2.7024600000000E+02; 2.6085650000000E+02; 2.0000000000000E+00; 2.0000000000000E+00; 2.0000000000000E+00; 2.0000000000000E+00; 1.0000000000000E+02; 1.0000000000000E+01; 1.0000000000000E+01; 1.0000000000000E+01;                 NAN; 2.5658611880682E+01; 2.6482431304534E-01; 6.9903522935971E+01; 9.1983343735750E+00; 5.2857142857143E-06; 7.5314091912992E-03; 2.8775217511751E-05; 1.4000000000000E+03; 1.0000000000000E+01; 1.0000000000000E+01; 1.0000000000000E+01; 0.0000000000000E+00; 1.0000000000000E+01; 1.0000000000000E+01
 1.7878532400000E+09; 1.0000000000000E+00; 1.0000000000000E+00; 1.1430925500000E+01; 1.9615752750000E+02; 1.8472660200000E+02; 9.0000000000000E+01; 4.0000000000000E+01; 5.0000000000000E+01; 1.8515000000000E-03; 2.0000000000000E+01; 5.7025641025641E+00; 3.9000000000000E+01; 5.6745086742484E-01; 4.8666883260012E-02; 1.3800000000000E+02; 1.0000000000000E+00;-3.6243167825698E+00;-9.3908965430963E+00; 2.7022750000000E+02; 2.6043200000000E+02; 2.0000000000000E+00; 2.0000000000000E+00; 2.0000000000000E+00; 1.0000000000000E+00; 1.0000000000000E+02; 1.0000000000000E+01; 1.0000000000000E+01; 1.0000000000000E+01;                 NAN;-5.6285842117926E+01; 1.2838158236266E+00; 6.1670484611627E+01; 4.8172636393583E+00; 4.6250000000000E-06; 1.2520008056221E-02; 2.8775217511751E-05; 1.3000000000000E+03; 1.0000000000000E+01; 1.0000000000000E+01; 1.0000000000000E+01; 0.0000000000000E+00; 1.0000000000000E+01; 1.0000000000000E+01
 1.7878532420000E+09; 1.0000000000000E+00; 1.0000000000000E+00; 1.1434845000000E+01; 1.9615574000000E+02; 1.8472089500000E+02; 8.0000000000000E+01; 4.0000000000000E+01; 4.0000000000000E+01; 1.8571428571429E-03; 2.1000000000000E+01; 5.7000000000000E+00; 4.0000000000000E+01; 5.6580505678980E-01; 1.8503051996231E-01; 1.3900000000000E+02; 1.0000000000000E+00;-5.1083296997838E+00;-9.4015045274339E+00; 2.7024300000000E+02; 2.6005350000000E+02; 2.0000000000000E+00; 2.0000000000000E+00; 2.0000000000000E+00; 2.0000000000000E+00; 1.0000000000000E+02; 1.0000000000000E+01; 1.0000000000000E+01; 1.0000000000000E+01;                 NAN; 6.3357784075018E+01;-4.4590627926007E+00; 4.6639818066156E+01; 4.1556915406195E+00; 5.3333333333333E-06; 1.6665625796953E-02; 2.8775217511751E-05; 1.3000000000000E+03; 1.0000000000000E+01; 1.0000000000000E+01; 1.0000000000000E+01; 0.0000000000000E+00; 1.0000000000000E+01; 1.0000000000000E+01
 1.7878532440000E+09; 1.0000000000000E+00; 1.0000000000000E+00; 1.1433080000000E+01; 1.9614822250000E+02; 1.8471514250000E+02; 8.0000000000000E+01; 4.0000000000000E+01; 4.0000000000000E+01; 1.8595000000000E-03; 2.0000000000000E+01; 5.7000000000000E+00; 3.9000000000000E+01; 5.6645348562376E-01; 5.4981656372547E-02; 1.3700000000000E+02; 1.0000000000000E+00;-4.6372091947671E+00;-9.4010319969321E+00; 2.7024300000000E+02; 2.5956300000000E+02; 2.0000000000000E+00; 2.0000000000000E+00; 1.0000000000000E+00; 2.0000000000000E+00; 1.0000000000000E+02; 1.0000000000000E+01; 1.0000000000000E+01; 1.0000000000000E+01;                 NAN; 1.4168926817262E+02; 1.9098489674766E+00; 5.7711062869271E+01; 3.6166521691869E+00; 6.2857142857143E-06; 2.2436638542062E-02; 2.8775217511751E-05; 1.3000000000000E+03; 1.0000000000000E+01; 1.0000000000000E+01; 1.0000000000000E+01; 0.0000000000000E+00; 1.0000000000000E+01; 1.0000000000000E+01
 1.7878532460000E+09; 1.0000000000000E+00; 1.0000000000000E+00; 1.1433154000000E+01; 1.9614223400000E+02; 1.8470908000000E+02; 9.0000000000000E+01; 5.0000000000000E+01; 4.0000000000000E+01; 1.8610000000000E-03; 2.0000000000000E+01; 5.7000000000000E+00; 3.9000000000000E+01; 5.6608342922684E-01; 1.8678040802479E-01; 1.3800000000000E+02; 1.0000000000000E+00;-4.6635072441711E+00;-9.3613953536503E+00; 2.7024650000000E+02; 2.5910300000000E+02; 2.0000000000000E+00; 2.0000000000000E+00; 2.0000000000000E+00; 2.0000000000000E+00; 1.0000000000000E+02; 1.0000000000000E+01; 1.0000000000000E+01; 1.0000000000000E+01;                 NAN; 2.0002346735840E+02; 4.6506200814113E+00; 5.2360433720072E+01; 1.2882873818104E+00; 4.8571428571429E-06; 4.7427594905538E-02; 2.8775217511751E-05; 1.3000000000000E+03; 1.0000000000000E+01; 1.0000000000000E+01; 1.0000000000000E+01; 0.0000000000000E+00; 1.0000000000000E+01; 1.0000000000000E+01
 1.7878532480000E+09; 1.0000000000000E+00; 1.0000000000000E+00; 1.1430945000000E+01; 1.9613754750000E+02; 1.8470660250000E+02; 8.0000000000000E+01; 4.0000000000000E+01; 4.0000000000000E+01; 1.8645000000000E-03; 2.0000000000000E+01; 5.7000000000000E+00; 3.9000000000000E+01; 5.6645912912839E-01; 1.7257849872112E-01; 1.3600000000000E+02; 1.0000000000000E+00;-5.3334031378146E+00;-9.4130650671780E+00; 2.7023900000000E+02; 2.5862850000000E+02; 2.0000000000000E+00; 1.0000000000000E+00; 2.0000000000000E+00; 2.0000000000000E+00; 1.0000000000000E+02; 1.0000000000000E+01; 1.0000000000000E+01; 1.0000000000000E+01;                 NAN; 2.3897833305711E+02; 5.1224108618251E+00; 5.5541459939718E+01; 3.0927188626710E+00; 3.0000000000000E-06; 1.2647883438869E-02; 2.8775217511751E-05; 1.3000000000000E+03; 1.0000000000000E+01; 1.0000000000000E+01; 1.0000000000000E+01; 0.0000000000000E+00; 1.0000000000000E+01; 1.0000000000000E+01
 1.7878532500000E+09; 1.0000000000000E+00; 1.0000000000000E+00; 1.1425510000000E+01; 1.9613236000000E+02; 1.8470685000000E+02; 9.0000000000000E+01; 4.0000000000000E+01; 5.0000000000000E+01; 1.8695238095238E-03; 2.1000000000000E+01; 5.7000000000000E+00; 3.9000000000000E+01; 5.6658580966618E-01; 1.6144521534443E-01; 1.3800000000000E+02; 1.0000000000000E+00;-4.1624584274436E+00;-9.2146566424730E+00; 2.7024400000000E+02; 2.5823450000000E+02; 2.0000000000000E+00; 2.0000000000000E+00; 2.0000000000000E+00; 2.0000000000000E+00; 1.0000000000000E+02; 1.0000000000000E+01; 1.0000000000000E+01; 1.0000000000000E+01;                 NAN;-1.8594402111070E+02; 2.2939835557677E+00; 5.9493438987583E+01; 5.7856797742929E+00; 4.1428571428571E-06; 9.3674875397529E-03; 2.8775217511751E-05; 1.3000000000000E+03; 1.0000000000000E+01; 1.0000000000000E+01; 1.0000000000000E+01; 0.0000000000000E+00; 1.0000000000000E+01; 1.0000000000000E+01
 1.7878532520000E+09; 4.0000000000000E+00; 1.0000000000000E+00; 1.1420557500000E+01; 1.9612287750000E+02; 1.8470232000000E+02; 8.0000000000000E+01; 4.0000000000000E+01; 4.0000000000000E+01; 1.8660000000000E-03; 2.0000000000000E+01; 5.9025000000000E+00; 4.0000000000000E+01; 5.6633821992771E-01; 1.5690568089485E-01; 1.3800000000000E+02; 1.0000000000000E+00; 2.1814395459347E+01;-9.3859093150670E+00; 2.7024250000000E+02; 2.5783600000000E+02; 2.0000000000000E+00; 2.0000000000000E+00; 2.0000000000000E+00; 2.0000000000000E+00; 1.0000000000000E+02; 1.0000000000000E+01; 1.0000000000000E+01; 1.0000000000000E+01;                 NAN;-2.1253176087259E+02;-3.5100870094096E+00; 3.3284274373331E+03; 1.3918666623090E+02; 2.3580000000000E-02; 6.9109418225169E-01; 2.8775217511751E-05; 1.4000000000000E+03; 1.0000000000000E+01; 1.0000000000000E+01; 1.0000000000000E+01; 0.0000000000000E+00; 1.0000000000000E+01; 1.0000000000000E+01
 1.7878532540000E+09; 0.0000000000000E+00; 0.0000000000000E+00; 1.1214730000000E+01; 1.9680851000000E+02; 1.8559378000000E+02; 1.0000000000000E+02; 5.0000000000000E+01; 5.0000000000000E+01; 1.8060000000000E-03; 2.0000000000000E+01; 8.6358974358974E+00; 3.9000000000000E+01; 5.6585350795501E-01; 1.2632086873055E-01; 1.3800000000000E+02; 1.0000000000000E+00; 4.9007647062179E+01; 3.5949806905732E+01; 2.7022100000000E+02; 2.5750550000000E+02; 1.0000000000000E+00; 2.0000000000000E+00; 2.0000000000000E+00; 2.0000000000000E+00; 1.0000000000000E+02; 2.0000000000000E-02; 1.0000000000000E+00; 2.0000000000000E-02;                 NAN; 4.0822973625209E+05; 5.8743359170164E+03; 1.4257405725368E+04; 5.1605950327390E+02; 1.6755971428571E-01; 8.1088553773490E-01; 2.8775217511751E-05; 3.0000000000000E+02; 2.0000000000000E-01; 1.0000000000000E+01; 2.0000000000000E-01; 0.0000000000000E+00; 2.0000000000000E-01; 1.0000000000000E+01
 1.7878532560000E+09; 0.0000000000000E+00; 0.0000000000000E+00; 1.1286472500000E+01; 1.9730177000000E+02; 1.8601529750000E+02; 8.0000000000000E+01; 4.0000000000000E+01; 4.0000000000000E+01; 1.7990000000000E-03; 2.0000000000000E+01; 1.0738461538462E+01; 3.9000000000000E+01; 5.6662356422431E-01; 1.4737011492252E-01; 1.3800000000000E+02; 1.0000000000000E+00; 4.9059177553276E+01; 3.5948866095960E+01; 2.7023850000000E+02; 2.5869600000000E+02; 2.0000000000000E+00; 2.0000000000000E+00; 2.0000000000000E+00; 1.0000000000000E+00; 1.0000000000000E+02; 4.0000000000000E-02; 9.6000000000000E-01; 4.0000000000000E-02;                 NAN; 4.2975211725457E+05; 5.8640641330897E+03; 1.4173959297151E+04; 5.1499770281554E+02; 1.6686985714286E-01; 8.1056852108391E-01; 2.8775217511751E-05; 1.1000000000000E+03; 4.0000000000000E-01; 9.6000000000000E+00; 4.0000000000000E-01; 0.0000000000000E+00; 4.0000000000000E-01; 9.6000000000000E+00
 1.7878532580000E+09; 0.0000000000000E+00; 0.0000000000000E+00; 1.1360389500000E+01; 1.9731703750000E+02; 1.8595664800000E+02; 9.0000000000000E+01; 4.0000000000000E+01; 5.0000000000000E+01; 1.8033333333333E-03; 2.1000000000000E+01; 1.6000000000000E+01; 3.9000000000000E+01; 5.6776415313068E-01; 1.9722893834114E-01; 1.3800000000000E+02; 1.0000000000000E+00; 4.8980608772716E+01; 3.5893110754518E+01; 2.7023100000000E+02; 2.6016950000000E+02; 2.0000000000000E+00; 2.0000000000000E+00; 2.0000000000000E+00; 2.0000000000000E+00; 1.0000000000000E+02; 3.0000000000000E-02; 9.4000000000000E-01;                 NAN;                 NAN; 4.2196196939555E+05; 5.9141023418043E+03; 1.4295228167569E+04; 5.2244973493471E+02; 1.6811871428571E-01; 8.0950520374081E-01; 2.8775217511751E-05; 1.2000000000000E+03; 3.0000000000000E-01; 9.4000000000000E+00; 0.0000000000000E+00; 0.0000000000000E+00; 3.0000000000000E-01; 9.4000000000000E+00
 1.7878532600000E+09; 0.0000000000000E+00; 0.0000000000000E+00; 1.1631382000000E+01; 1.9725624200000E+02; 1.8562486000000E+02; 9.0000000000000E+01; 5.0000000000000E+01; 4.0000000000000E+01; 1.8150000000000E-03; 2.0000000000000E+01; 2.1230769230769E+01; 3.9000000000000E+01; 5.6763213868590E-01; 1.4135967195034E-01; 1.3800000000000E+02; 1.0000000000000E+00; 4.9012223136663E+01; 3.5280727763020E+01; 2.7023250000000E+02; 2.6207650000000E+02; 2.0000000000000E+00; 2.0000000000000E+00; 2.0000000000000E+00; 2.0000000000000E+00; 1.0000000000000E+02; 4.0000000000000E-02; 9.3000000000000E-01;                 NAN;                 NAN; 3.5599681942014E+05; 5.9363978824426E+03; 1.4221076805432E+04; 5.3296353427186E+02; 1.6964600000000E-01; 8.0782167940563E-01; 2.8775217511751E-05; 1.1000000000000E+03; 4.0000000000000E-01; 9.3000000000000E+00; 0.0000000000000E+00; 0.0000000000000E+00; 4.0000000000000E-01; 9.3000000000000E+00
 1.7878532620000E+09; 0.0000000000000E+00; 0.0000000000000E+00; 1.1666375000000E+01; 1.9708385500000E+02; 1.8541748000000E+02; 8.0000000000000E+01; 4.0000000000000E+01; 4.0000000000000E+01; 1.8255000000000E-03; 2.0000000000000E+01; 3.0820512820513E+01; 3.9000000000000E+01; 5.6708367374496E-01; 7.4737519025803E-02; 1.3800000000000E+02; 1.0000000000000E+00; 4.9077448540309E+01; 3.5301328466665E+01; 2.7024600000000E+02; 2.6416400000000E+02; 2.0000000000000E+00; 2.0000000000000E+00; 1.0000000000000E+00; 2.0000000000000E+00; 1.0000000000000E+02; 4.0000000000000E-02; 9.2000000000000E-01;                 NAN;                 NAN; 3.7860919788338E+05; 6.0187804308796E+03; 1.4138643183468E+04; 5.4386450897282E+02; 1.7101866666667E-01; 8.0592238734771E-01; 2.8775217511751E-05; 1.1000000000000E+03; 4.0000000000000E-01; 9.2000000000000E+00; 0.0000000000000E+00; 0.0000000000000E+00; 4.0000000000000E-01; 9.2000000000000E+00
 1.7878532640000E+09; 0.0000000000000E+00; 0.0000000000000E+00; 1.1769012000000E+01; 1.9714251000000E+02; 1.8537349800000E+02; 9.0000000000000E+01; 4.0000000000000E+01; 5.0000000000000E+01; 1.8400000000000E-03; 2.1000000000000E+01; 4.2230769230769E+01; 3.9000000000000E+01; 5.6659541909245E-01; 1.4217120409012E-01; 1.3800000000000E+02; 1.0000000000000E+00; 4.8958805933219E+01; 3.5410327205260E+01; 2.7025000000000E+02; 2.6588600000000E+02; 2.0000000000000E+00; 2.0000000000000E+00; 2.0000000000000E+00; 2.0000000000000E+00; 1.0000000000000E+02; 3.0000000000000E-02; 9.1000000000000E-01;                 NAN;                 NAN; 3.3896443998619E+05; 6.0183468742061E+03; 1.3946386135660E+04; 5.5018012752108E+02; 1.7248985714286E-01; 8.0577075988109E-01; 2.8717416506628E-05; 1.1000000000000E+03; 3.0000000000000E-01; 9.1000000000000E+00; 0.0000000000000E+00; 0.0000000000000E+00; 3.0000000000000E-01; 9.1000000000000E+00
 1.7878532660000E+09; 0.0000000000000E+00; 0.0000000000000E+00; 1.1508205000000E+01; 1.9709909250000E+02; 1.8559088750000E+02; 8.0000000000000E+01; 4.0000000000000E+01; 4.0000000000000E+01; 1.8535000000000E-03; 2.0000000000000E+01; 6.3625000000000E+01; 4.0000000000000E+01; 5.6559233030979E-01; 9.0765386819839E-02; 1.3800000000000E+02; 1.0000000000000E+00; 4.8908682963992E+01; 3.4711837158499E+01; 2.7023050000000E+02; 2.6751800000000E+02; 2.0000000000000E+00; 2.0000000000000E+00; 2.0000000000000E+00; 2.0000000000000E+00; 1.0000000000000E+02; 4.0000000000000E-02; 9.0000000000000E-01;                 NAN; 4.0000000000000E-02; 4.5243444061527E+05; 6.0359924320295E+03; 1.3751303505190E+04; 5.6533625361924E+02; 1.7391542857143E-01; 8.0307929589844E-01; 2.8664727777694E-05; 1.2000000000000E+03; 4.0000000000000E-01; 9.0000000000000E+00; 0.0000000000000E+00; 4.0000000000000E-01; 4.0000000000000E-01; 9.0000000000000E+00
 1.7878532680000E+09; 0.0000000000000E+00; 0.0000000000000E+00; 1.1382705000000E+01; 1.9706298000000E+02; 1.8568027500000E+02; 9.0000000000000E+01; 5.0000000000000E+01; 4.0000000000000E+01; 1.8595000000000E-03; 2.0000000000000E+01; 9.6102564102564E+01; 3.9000000000000E+01; 5.6666545313640E-01; 1.3836711645126E-01; 1.3700000000000E+02; 1.0000000000000E+00; 4.8904259109099E+01; 3.4719779622267E+01; 2.7022100000000E+02; 2.6890100000000E+02; 2.0000000000000E+00; 1.0000000000000E+00; 2.0000000000000E+00; 2.0000000000000E+00; 1.0000000000000E+02; 4.0000000000000E-02; 9.0000000000000E-01;                 NAN; 4.0000000000000E-02; 3.8949128184278E+05; 6.0797744279923E+03; 1.3599610081723E+04; 5.7217350811649E+02; 1.7503157142857E-01; 8.0227610508508E-01; 2.8648872994628E-05; 1.1000000000000E+03; 4.0000000000000E-01; 9.0000000000000E+00; 0.0000000000000E+00; 4.0000000000000E-01; 4.0000000000000E-01; 9.0000000000000E+00
 1.7878532700000E+09; 0.0000000000000E+00; 0.0000000000000E+00; 1.1453947500000E+01; 1.9698106500000E+02; 1.8552711750000E+02; 8.0000000000000E+01; 4.0000000000000E+01; 4.0000000000000E+01; 1.8690000000000E-03; 2.0000000000000E+01; 1.4575000000000E+02; 4.0000000000000E+01; 5.6629346456459E-01; 1.4432685077190E-01; 1.3900000000000E+02; 1.0000000000000E+00; 4.8907973568105E+01; 3.3797724434429E+01; 2.7021700000000E+02; 2.7025900000000E+02; 1.0000000000000E+00; 2.0000000000000E+00; 2.0000000000000E+00; 2.0000000000000E+00; 1.0000000000000E+02; 3.0000000000000E-02; 9.0000000000000E-01;                 NAN; 3.0000000000000E-02; 4.1761236918711E+05; 6.1260971906917E+03; 1.3478205436555E+04; 5.7918541159064E+02; 1.7633257142857E-01; 8.0175388695717E-01; 2.8606329050784E-05; 1.1000000000000E+03; 3.0000000000000E-01; 9.0000000000000E+00; 0.0000000000000E+00; 3.0000000000000E-01; 3.0000000000000E-01; 9.0000000000000E+00
 1.7878532720000E+09; 0.0000000000000E+00; 0.0000000000000E+00; 1.1423427000000E+01; 1.9701929500000E+02; 1.8559586800000E+02; 9.0000000000000E+01; 4.0000000000000E+01; 5.0000000000000E+01; 1.8738095238095E-03; 2.1000000000000E+01; 2.3051282051282E+02; 3.9000000000000E+01; 5.6736591498347E-01; 8.5490390658379E-02; 1.3700000000000E+02; 1.0000000000000E+00; 4.8923124443056E+01; 3.3748043119681E+01; 2.7022550000000E+02; 2.7140800000000E+02; 2.0000000000000E+00; 2.0000000000000E+00; 2.0000000000000E+00; 1.0000000000000E+00; 1.0000000000000E+02; 4.0000000000000E-02; 8.9000000000000E-01;                 NAN; 4.0000000000000E-02; 4.2374523389185E+05; 6.1689797531758E+03; 1.3372653410995E+04; 5.8920992182445E+02; 1.7747028571429E-01; 7.9998804510648E-01; 2.8616179497207E-05; 1.1000000000000E+03; 4.0000000000000E-01; 8.9000000000000E+00; 0.0000000000000E+00; 4.0000000000000E-01; 4.0000000000000E-01; 8.9000000000000E+00
 1.7878532740000E+09; 0.0000000000000E+00; 0.0000000000000E+00; 1.1338473500000E+01; 1.9731904600000E+02; 1.8598057250000E+02; 9.0000000000000E+01; 5.0000000000000E+01; 4.0000000000000E+01; 1.8855000000000E-03; 2.0000000000000E+01; 3.5000000000000E+02; 4.0000000000000E+01; 5.6737280578922E-01; 8.8559016585350E-02; 1.3900000000000E+02; 1.0000000000000E+00; 4.8802935553314E+01; 3.3350195975106E+01; 2.7023750000000E+02; 2.7230400000000E+02; 2.0000000000000E+00; 2.0000000000000E+00; 2.0000000000000E+00; 2.0000000000000E+00; 1.0000000000000E+02; 3.0000000000000E-02; 8.8000000000000E-01;                 NAN; 3.0000000000000E-02; 4.2055954599330E+05; 6.2007806289394E+03; 1.3267160098840E+04; 5.9560585187809E+02; 1.7883628571429E-01; 7.9928703227289E-01; 2.8651868372233E-05; 1.2000000000000E+03; 3.0000000000000E-01; 8.8000000000000E+00; 0.0000000000000E+00; 3.0000000000000E-01; 3.0000000000000E-01; 8.8000000000000E+00
 1.7878532760000E+09; 0.0000000000000E+00; 0.0000000000000E+00; 1.1135700000000E+01; 1.9778931000000E+02; 1.8665361000000E+02; 8.0000000000000E+01; 4.0000000000000E+01; 4.0000000000000E+01; 1.8910000000000E-03; 2.0000000000000E+01; 4.5512820512821E+02; 3.9000000000000E+01; 5.6763984786428E-01; 5.7593792676926E-02; 1.3800000000000E+02; 1.0000000000000E+00; 4.8909427221113E+01; 3.3536550677611E+01; 2.7024500000000E+02; 2.7332000000000E+02; 2.0000000000000E+00; 2.0000000000000E+00; 1.0000000000000E+00; 2.0000000000000E+00; 1.0000000000000E+02; 4.0000000000000E-02; 8.7000000000000E-01;                 NAN; 4.0000000000000E-02; 4.4055686691625E+05; 6.2724243970405E+03; 1.3183963202599E+04; 6.0358137338275E+02; 1.7973271428571E-01; 7.9781189498613E-01; 2.8676754306978E-05; 1.1000000000000E+03; 4.0000000000000E-01; 8.7000000000000E+00; 0.0000000000000E+00; 4.0000000000000E-01; 4.0000000000000E-01; 8.7000000000000E+00
 1.7878532780000E+09; 0.0000000000000E+00; 0.0000000000000E+00; 1.1220525000000E+01; 1.9722090750000E+02; 1.8600038250000E+02; 8.0000000000000E+01; 4.0000000000000E+01; 4.0000000000000E+01; 1.8938095238095E-03; 2.1000000000000E+01; 5.6400000000000E+02; 4.0000000000000E+01; 5.6812947418568E-01; 9.1145791113377E-02; 1.3700000000000E+02; 1.0000000000000E+00; 4.8978669977404E+01; 3.2981371333387E+01; 2.7023950000000E+02; 2.7405050000000E+02; 2.0000000000000E+00; 2.0000000000000E+00; 2.0000000000000E+00; 2.0000000000000E+00; 1.0000000000000E+02; 4.0000000000000E-02; 8.7000000000000E-01;                 NAN; 4.0000000000000E-02; 3.8236907094806E+05; 6.2676192882996E+03; 1.3133278854906E+04; 6.1022693950380E+02; 1.8079542857143E-01; 7.9688580247181E-01; 2.8696164764208E-05; 1.1000000000000E+03; 4.0000000000000E-01; 8.7000000000000E+00; 0.0000000000000E+00; 4.0000000000000E-01; 4.0000000000000E-01; 8.7000000000000E+00
 1.7878532800000E+09; 0.0000000000000E+00; 0.0000000000000E+00; 1.1366314500000E+01; 1.9693962250000E+02; 1.8557330800000E+02; 9.0000000000000E+01; 4.0000000000000E+01; 5.0000000000000E+01; 1.9020000000000E-03; 2.0000000000000E+01; 5.8000000000000E+02; 4.0000000000000E+01; 5.6734026114001E-01; 8.3740510046482E-02; 1.3700000000000E+02; 1.0000000000000E+00; 4.9010276551199E+01; 3.2582045859799E+01; 2.7022900000000E+02; 2.7485250000000E+02; 2.0000000000000E+00; 2.0000000000000E+00; 2.0000000000000E+00; 2.0000000000000E+00; 1.0000000000000E+02; 3.0000000000000E-02; 8.6000000000000E-01;                 NAN; 3.0000000000000E-02; 3.9393192557001E+05; 6.3083418038381E+03; 1.3112883285511E+04; 6.1799791616743E+02; 1.8183685714286E-01; 7.9569107226663E-01; 2.8709217905617E-05; 1.2000000000000E+03; 3.0000000000000E-01; 8.6000000000000E+00; 0.0000000000000E+00; 3.0000000000000E-01; 3.0000000000000E-01; 8.6000000000000E+00
 1.7878532820000E+09; 0.0000000000000E+00; 0.0000000000000E+00; 1.1530138500000E+01; 1.9688178600000E+02; 1.8535164750000E+02; 9.0000000000000E+01; 5.0000000000000E+01; 4.0000000000000E+01; 1.9100000000000E-03; 2.0000000000000E+01; 5.8000000000000E+02; 3.9000000000000E+01; 5.6715824233449E-01; 1.8979831039906E-01; 1.3800000000000E+02; 1.0000000000000E+00; 4.8853569690854E+01; 3.2625018289552E+01; 2.7024750000000E+02; 2.7557350000000E+02; 2.0000000000000E+00; 1.0000000000000E+00; 2.0000000000000E+00; 2.0000000000000E+00; 1.0000000000000E+02; 3.0000000000000E-02; 8.6000000000000E-01;                 NAN; 3.0000000000000E-02; 4.5030823335695E+05; 6.3453659303658E+03; 1.3010509123049E+04; 6.2555598772774E+02; 1.8261271428571E-01; 7.9426830862276E-01; 2.8733093422935E-05; 1.1000000000000E+03; 3.0000000000000E-01; 8.6000000000000E+00; 0.0000000000000E+00; 3.0000000000000E-01; 3.0000000000000E-01; 8.6000000000000E+00
 1.7878532840000E+09; 0.0000000000000E+00; 0.0000000000000E+00; 1.1383022500000E+01; 1.9702307750000E+02; 1.8564005500000E+02; 8.0000000000000E+01; 4.0000000000000E+01; 4.0000000000000E+01; 1.9150000000000E-03; 2.0000000000000E+01; 5.8000000000000E+02; 3.9000000000000E+01; 5.6690537124229E-01; 1.3169729709625E-01; 1.3900000000000E+02; 1.0000000000000E+00; 4.8876896659588E+01; 3.3353158349034E+01; 2.7024500000000E+02; 2.7633950000000E+02; 1.0000000000000E+00; 2.0000000000000E+00; 2.0000000000000E+00; 2.0000000000000E+00; 1.0000000000000E+02; 4.0000000000000E-02; 8.6000000000000E-01;                 NAN; 4.0000000000000E-02; 4.4027458171906E+05; 6.3639405064103E+03; 1.2946217943525E+04; 6.3092776101788E+02; 1.8370300000000E-01; 7.9392471639226E-01; 2.8718833252314E-05; 1.1000000000000E+03; 4.0000000000000E-01; 8.6000000000000E+00; 0.0000000000000E+00; 4.0000000000000E-01; 4.0000000000000E-01; 8.6000000000000E+00
 1.7878532860000E+09; 0.0000000000000E+00; 0.0000000000000E+00; 1.1377674000000E+01; 1.9699812000000E+02; 1.8562044600000E+02; 9.0000000000000E+01; 4.0000000000000E+01; 5.0000000000000E+01; 1.9214285714286E-03; 2.1000000000000E+01; 5.8000000000000E+02; 3.9000000000000E+01; 5.6630190132333E-01; 1.4171472191811E-01; 1.3900000000000E+02; 1.0000000000000E+00; 4.8889743288808E+01; 3.3176673484915E+01; 2.7025000000000E+02; 2.7703850000000E+02; 2.0000000000000E+00; 2.0000000000000E+00; 2.0000000000000E+00; 2.0000000000000E+00; 1.0000000000000E+02; 4.0000000000000E-02; 8.5000000000000E-01;                 NAN; 4.0000000000000E-02; 4.2836712476402E+05; 6.4042472058508E+03; 1.2968818935231E+04; 6.3639139404031E+02; 1.8434428571429E-01; 7.9295124986685E-01; 2.8741875492656E-05; 1.2000000000000E+03; 4.0000000000000E-01; 8.5000000000000E+00; 0.0000000000000E+00; 4.0000000000000E-01; 4.0000000000000E-01; 8.5000000000000E+00
 1.7878532880000E+09; 4.0000000000000E+00; 0.0000000000000E+00; 1.1387504000000E+01; 1.9658238400000E+02; 1.8519488000000E+02; 9.0000000000000E+01; 5.0000000000000E+01; 4.0000000000000E+01; 2.0130000000000E-03; 2.0000000000000E+01; 9.4641025641026E+01; 3.9000000000000E+01; 5.6641848710801E-01; 6.7154720425606E-02; 1.3900000000000E+02; 1.0000000000000E+00; 2.1954479724683E+01;-8.8978904597253E+00; 2.7026600000000E+02; 2.7787000000000E+02; 2.0000000000000E+00; 2.0000000000000E+00; 2.0000000000000E+00; 2.0000000000000E+00; 1.0000000000000E+02; 3.0000000000000E-02; 8.5000000000000E-01;                 NAN; 3.0000000000000E-02; 7.2792913406881E+04; 1.5353166903916E+01; 5.6167039898749E+01; 1.1495762926212E+00; 1.1796857142857E-02; 9.9267952614017E-01; 2.8756911934707E-05; 1.1000000000000E+03; 3.0000000000000E-01; 8.5000000000000E+00; 0.0000000000000E+00; 3.0000000000000E-01; 3.0000000000000E-01; 8.5000000000000E+00
 1.7878532900000E+09; 1.0000000000000E+00; 1.0000000000000E+00; 1.1307100000000E+01; 1.9600583250000E+02; 1.8469873250000E+02; 8.0000000000000E+01; 4.0000000000000E+01; 4.0000000000000E+01; 2.0495000000000E-03; 2.0000000000000E+01; 1.9325000000000E+01; 4.0000000000000E+01; 5.6779517262742E-01; 6.9614693522453E-02; 1.3800000000000E+02; 1.0000000000000E+00;-3.5171249433814E+00;-9.2423967120445E+00; 2.7026650000000E+02; 2.7737300000000E+02; 2.0000000000000E+00; 2.0000000000000E+00; 2.0000000000000E+00; 1.0000000000000E+00; 1.0000000000000E+02; 1.8800000000000E+00; 1.0000000000000E+01;                 NAN; 1.8800000000000E+00;-1.0777195349052E+03;-3.6529997751620E+00; 5.7498923940157E+01; 1.1708483633154E+00; 8.0000000000000E-06; 8.2800730140874E-02; 2.8760899486258E-05; 1.2000000000000E+03; 9.4000000000000E+00; 1.0000000000000E+01; 0.0000000000000E+00; 9.4000000000000E+00; 9.4000000000000E+00; 1.0000000000000E+01
 1.7878532920000E+09; 1.0000000000000E+00; 1.0000000000000E+00; 1.1314107000000E+01; 1.9586543500000E+02; 1.8455132800000E+02; 9.0000000000000E+01; 4.0000000000000E+01; 5.0000000000000E+01; 2.0452380952381E-03; 2.1000000000000E+01; 1.2125000000000E+01; 4.0000000000000E+01; 5.6797052985995E-01; 4.7728542238474E-02; 1.3700000000000E+02; 1.0000000000000E+00;-3.1671266074015E+00;-9.2977667792271E+00; 2.7026800000000E+02; 2.7646300000000E+02; 2.0000000000000E+00; 2.0000000000000E+00; 2.0000000000000E+00; 2.0000000000000E+00; 1.0000000000000E+02; 1.0000000000000E+01; 1.0000000000000E+01;                 NAN; 1.0000000000000E+01;-1.4856946763636E+02; 1.8454652647778E+00; 5.7620715185462E+01; 2.6131488824276E+00; 8.0000000000000E-06; 3.8876414160113E-02; 2.8760899486258E-05; 1.3000000000000E+03; 1.0000000000000E+01; 1.0000000000000E+01; 0.0000000000000E+00; 1.0000000000000E+01; 1.0000000000000E+01; 1.0000000000000E+01
 1.7878532940000E+09; 1.0000000000000E+00; 1.0000000000000E+00; 1.1321812500000E+01; 1.9584379000000E+02; 1.8452197750000E+02; 9.0000000000000E+01; 5.0000000000000E+01; 4.0000000000000E+01; 2.0340000000000E-03; 2.0000000000000E+01; 9.9358974358974E+00; 3.9000000000000E+01; 5.6767962869501E-01; 1.3002350926399E-01; 1.3700000000000E+02; 1.0000000000000E+00;-5.2298167935751E+00;-9.3623970891792E+00; 2.7027000000000E+02; 2.7494550000000E+02; 2.0000000000000E+00; 2.0000000000000E+00; 1.0000000000000E+00; 2.0000000000000E+00; 1.0000000000000E+02; 1.0000000000000E+01; 1.0000000000000E+01;                 NAN;                 NAN;-6.7067931224055E+01; 1.9087623719651E+00; 5.6306908146110E+01; 1.0778237310851E+00; 7.8571428571429E-06; 8.7854158414372E-02; 2.8760899486258E-05; 1.3000000000000E+03; 1.0000000000000E+01; 1.0000000000000E+01; 0.0000000000000E+00; 0.0000000000000E+00; 1.0000000000000E+01; 1.0000000000000E+01
 1.7878532960000E+09; 1.0000000000000E+00; 1.0000000000000E+00; 1.1332410500000E+01; 1.9585833250000E+02; 1.8452592200000E+02; 9.0000000000000E+01; 4.0000000000000E+01; 5.0000000000000E+01; 2.0230000000000E-03; 2.0000000000000E+01; 9.0925000000000E+00; 4.0000000000000E+01; 5.6656428668568E-01; 1.8221549689770E-01; 1.3900000000000E+02; 1.0000000000000E+00;-5.3335648818760E+00;-8.3507952832848E+00; 2.7027200000000E+02; 2.7330550000000E+02; 2.0000000000000E+00; 2.0000000000000E+00; 2.0000000000000E+00; 2.0000000000000E+00; 1.0000000000000E+02; 1.0000000000000E+01; 1.0000000000000E+01;                 NAN;                 NAN; 1.1700833732667E+02;-3.6467098996488E+00; 6.8718259986186E+01; 1.9900576247457E+00; 7.7142857142857E-06; 4.8721311180118E-02; 2.8760899486258E-05; 1.4000000000000E+03; 1.0000000000000E+01; 1.0000000000000E+01; 0.0000000000000E+00; 0.0000000000000E+00; 1.0000000000000E+01; 1.0000000000000E+01
 1.7878532980000E+09; 1.0000000000000E+00; 1.0000000000000E+00; 1.1340980000000E+01; 1.9587575000000E+02; 1.8453477000000E+02; 8.0000000000000E+01; 4.0000000000000E+01; 4.0000000000000E+01; 2.0130000000000E-03; 2.0000000000000E+01; 8.2615384615385E+00; 3.9000000000000E+01; 5.6666456351246E-01; 1.1987929046154E-01; 1.3800000000000E+02; 1.0000000000000E+00;-5.3441986790187E+00;-6.8338867618001E+00; 2.7027050000000E+02; 2.7170800000000E+02; 2.0000000000000E+00; 2.0000000000000E+00; 2.0000000000000E+00; 2.0000000000000E+00; 1.0000000000000E+02; 1.0000000000000E+01; 1.0000000000000E+01;                 NAN;                 NAN; 2.2942597402029E+02; 1.6200565315449E+00; 6.8379094695240E+01; 2.7336839910728E+00; 8.0000000000000E-06; 3.7226065220729E-02; 2.8760899486258E-05; 1.3000000000000E+03; 1.0000000000000E+01; 1.0000000000000E+01; 0.0000000000000E+00; 0.0000000000000E+00; 1.0000000000000E+01; 1.0000000000000E+01
 1.7878533000000E+09; 1.0000000000000E+00; 1.0000000000000E+00; 1.1349190000000E+01; 1.9589283250000E+02; 1.8454364250000E+02; 8.0000000000000E+01; 4.0000000000000E+01; 4.0000000000000E+01; 2.0042857142857E-03; 2.1000000000000E+01; 7.6325000000000E+00; 4.0000000000000E+01; 5.6700938937475E-01; 1.1980320513248E-01; 1.3900000000000E+02; 1.0000000000000E+00;-4.7798376965573E+00;-9.3660297044349E+00; 2.7027200000000E+02; 2.7007350000000E+02; 2.0000000000000E+00; 1.0000000000000E+00; 2.0000000000000E+00; 2.0000000000000E+00; 1.0000000000000E+02; 1.0000000000000E+01; 1.0000000000000E+01;                 NAN;                 NAN; 2.5408728349339E+02; 4.2819886550441E+00; 5.8883070774954E+01; 1.3132545337951E+00; 8.0000000000000E-06; 7.4490849567234E-02; 2.8760899486258E-05; 1.3000000000000E+03; 1.0000000000000E+01; 1.0000000000000E+01; 0.0000000000000E+00; 0.0000000000000E+00; 1.0000000000000E+01; 1.0000000000000E+01
 1.7878533020000E+09; 1.0000000000000E+00; 1.0000000000000E+00; 1.1356996000000E+01; 1.9590690600000E+02; 1.8454991000000E+02; 9.0000000000000E+01; 5.0000000000000E+01; 4.0000000000000E+01; 2.0000000000000E-03; 2.0000000000000E+01; 7.1769230769231E+00; 3.9000000000000E+01; 5.6787877741521E-01; 1.0628603398800E-01; 1.3700000000000E+02; 1.0000000000000E+00;-5.3655671546370E+00;-8.0750570659855E+00; 2.7027400000000E+02; 2.6852050000000E+02; 1.0000000000000E+00; 2.0000000000000E+00; 2.0000000000000E+00; 2.0000000000000E+00; 1.0000000000000E+02; 1.0000000000000E+01; 1.0000000000000E+01; 1.0000000000000E+01;                 NAN;-2.5772947697750E+02;-2.3891479302814E+00; 5.9428861989956E+01; 2.5190708366582E+00; 8.7142857142857E-06; 4.3708205519715E-02; 2.8760899486258E-05; 1.3000000000000E+03; 1.0000000000000E+01; 1.0000000000000E+01; 1.0000000000000E+01; 0.0000000000000E+00; 1.0000000000000E+01; 1.0000000000000E+01
 1.7878533040000E+09; 1.0000000000000E+00; 1.0000000000000E+00; 1.1361347500000E+01; 1.9591659750000E+02; 1.8455525000000E+02; 9.0000000000000E+01; 4.0000000000000E+01; 5.0000000000000E+01; 1.9985000000000E-03; 2.0000000000000E+01; 6.8250000000000E+00; 4.0000000000000E+01; 5.6867448535036E-01; 1.6311901807785E-01; 1.3600000000000E+02; 1.0000000000000E+00;-4.5178782209370E+00;-9.3651262147498E+00; 2.7026350000000E+02; 2.6708150000000E+02; 2.0000000000000E+00; 2.0000000000000E+00; 2.0000000000000E+00; 2.0000000000000E+00; 1.0000000000000E+02; 1.0000000000000E+01; 1.0000000000000E+01; 1.0000000000000E+01;                 NAN; 4.4208216989351E+02; 9.5976541040341E+00; 6.3431929861172E+01;-5.2858446460629E-01; 7.0000000000000E-06;-2.1207783837201E-01; 2.8760899486258E-05; 1.4000000000000E+03; 1.0000000000000E+01; 1.0000000000000E+01; 1.0000000000000E+01; 0.0000000000000E+00; 1.0000000000000E+01; 1.0000000000000E+01
 1.7878533060000E+09; 1.0000000000000E+00; 1.0000000000000E+00; 1.1363718333333E+01; 1.9592214333333E+02; 1.8455842500000E+02; 5.0000000000000E+01; 3.0000000000000E+01; 2.0000000000000E+01; 2.0000000000000E-03; 2.2000000000000E+01; 6.5960000000000E+00; 2.5000000000000E+01; 5.6723294470684E-01; 6.6038854420185E-02; 8.3000000000000E+01; 1.0000000000000E+00;-5.2210267724548E+00;-9.1663777730841E+00; 2.7027100000000E+02; 2.6611500000000E+02; 1.0000000000000E+00; 1.0000000000000E+00; 1.0000000000000E+00; 1.0000000000000E+00; 1.0000000000000E+02; 1.0000000000000E+01; 1.0000000000000E+01; 1.0000000000000E+01;                 NAN;-1.2450037696753E+02;-3.4410936421647E+00; 6.4014500399777E+01;-1.0706616375321E+00; 8.5000000000000E-06;-1.1718526759775E-01; 2.8760899486258E-05; 7.0000000000000E+02; 1.0000000000000E+01; 1.0000000000000E+01; 1.0000000000000E+01; 0.0000000000000E+00; 1.0000000000000E+01; 1.0000000000000E+01
 1.7878533080000E+09; 1.0000000000000E+00; 1.0000000000000E+00; 1.1365413333333E+01; 1.9592421666667E+02; 1.8455880333333E+02; 6.0000000000000E+01; 3.0000000000000E+01; 3.0000000000000E+01; 1.9994736842105E-03; 1.9000000000000E+01; 6.3250000000000E+00; 1.6000000000000E+01; 5.6564637477751E-01; 1.0884745419025E-01; 5.4000000000000E+01; 1.0000000000000E+00;-5.3329538758530E+00;-7.8745503756803E+00; 2.7027200000000E+02; 2.6450900000000E+02; 1.0000000000000E+00; 1.0000000000000E+00; 1.0000000000000E+00; 1.0000000000000E+00; 1.0000000000000E+02; 1.0000000000000E+01; 1.0000000000000E+01; 1.0000000000000E+01;                 NAN;-1.3797848676768E+02; 3.9443931982274E-01; 5.6053903955655E+01;-3.6319943821637E+00; 7.2500000000000E-06;-2.7088300142756E-02; 2.8760899486258E-05; 3.0000000000000E+02; 1.0000000000000E+01; 1.0000000000000E+01; 1.0000000000000E+01; 0.0000000000000E+00; 1.0000000000000E+01; 1.0000000000000E+01
 1.7878533100000E+09; 1.0000000000000E+00; 1.0000000000000E+00; 1.1366210000000E+01; 1.9592360000000E+02; 1.8455739000000E+02; 2.0000000000000E+01; 1.0000000000000E+01; 1.0000000000000E+01; 1.9995454545455E-03; 2.2000000000000E+01; 6.2400000000000E+00; 1.0000000000000E+01; 5.6651239993243E-01; 1.6043078899384E-01; 2.9000000000000E+01; 1.0000000000000E+00;-3.3083735935996E+00;-9.3899497688446E+00;                 NAN;                 NAN; 1.0000000000000E+00; 1.0000000000000E+00; 0.0000000000000E+00; 0.0000000000000E+00; 1.0000000000000E+02; 1.0000000000000E+01; 1.0000000000000E+01; 1.0000000000000E+01;                 NAN; 3.8557311733112E+02; 2.6384972783857E-01; 5.7372819342847E+01;-7.1484537501785E-02; 8.0000000000000E-06; 3.0893040504687E+00; 2.8760899486258E-05; 1.0000000000000E+02; 1.0000000000000E+01; 1.0000000000000E+01; 1.0000000000000E+01; 0.0000000000000E+00; 1.0000000000000E+01; 1.0000000000000E+01
 1.7878533120000E+09; 1.0000000000000E+00; 1.0000000000000E+00; 1.1367313333333E+01; 1.9592474000000E+02; 1.8455742666667E+02; 5.0000000000000E+01; 2.0000000000000E+01; 3.0000000000000E+01; 2.0000000000000E-03; 1.8000000000000E+01; 6.0866666666667E+00; 1.5000000000000E+01; 5.6672166291548E-01; 1.2127412110567E-01; 4.9000000000000E+01; 1.0000000000000E+00;-4.8950046628038E+00;                 NAN; 2.7027600000000E+02; 2.6320700000000E+02; 1.0000000000000E+00; 0.0000000000000E+00; 1.0000000000000E+00; 1.0000000000000E+00; 1.0000000000000E+02; 1.0000000000000E+01; 1.0000000000000E+01; 1.0000000000000E+01;                 NAN; 1.7986175641783E+02; 2.0013841877514E+00; 4.0556648156150E+01;-4.8323035269150E+00; 7.3333333333333E-06;-2.0460899476816E-02; 2.8760899486258E-05; 1.0000000000000E+02; 1.0000000000000E+01; 1.0000000000000E+01; 1.0000000000000E+01; 0.0000000000000E+00; 1.0000000000000E+01; 1.0000000000000E+01
 1.7878533140000E+09;                 NAN; 1.0000000000000E+00; 1.1364695000000E+01; 1.9592142000000E+02; 1.8455672500000E+02; 4.0000000000000E+01; 2.0000000000000E+01; 2.0000000000000E+01; 2.0000000000000E-03; 2.1000000000000E+01; 6.0000000000000E+00; 1.8000000000000E+01; 5.6718673039291E-01; 1.4927215874195E-01; 5.9000000000000E+01; 1.0000000000000E+00;                 NAN;-9.3142383110330E+00; 2.7027600000000E+02; 2.6183500000000E+02; 0.0000000000000E+00; 1.0000000000000E+00; 1.0000000000000E+00; 1.0000000000000E+00; 1.0000000000000E+02; 1.0000000000000E+01; 1.0000000000000E+01; 1.0000000000000E+01;                 NAN; 4.6860508037145E+02; 4.2389640824555E+00; 6.3060641950112E+01;-3.0420001983131E+00; 7.6666666666667E-06;-3.4445795123802E-02; 2.8760899486258E-05; 4.0000000000000E+02; 1.0000000000000E+01; 1.0000000000000E+01; 1.0000000000000E+01; 0.0000000000000E+00; 1.0000000000000E+01; 1.0000000000000E+01
 1.7878533160000E+09; 1.0000000000000E+00; 1.0000000000000E+00; 1.1363495000000E+01; 1.9591882500000E+02; 1.8455533000000E+02; 5.0000000000000E+01; 2.0000000000000E+01; 3.0000000000000E+01; 2.0020000000000E-03; 2.0000000000000E+01; 5.9142857142857E+00; 2.1000000000000E+01; 5.6735224951321E-01; 3.9004515856504E-02; 7.1000000000000E+01; 1.0000000000000E+00;-5.0349172044669E+00;-9.3732414986454E+00; 2.7028000000000E+02; 2.6110700000000E+02; 2.0000000000000E+00; 1.0000000000000E+00; 1.0000000000000E+00; 1.0000000000000E+00; 1.0000000000000E+02; 1.0000000000000E+01; 1.0000000000000E+01; 1.0000000000000E+01;                 NAN; 1.9656445869555E+02;-2.7689320375211E+00; 8.2300320160773E+01;-1.8831375770530E+00; 8.0000000000000E-06;-5.9467068759777E-02; 2.8760899486258E-05; 5.0000000000000E+02; 1.0000000000000E+01; 1.0000000000000E+01; 1.0000000000000E+01; 0.0000000000000E+00; 1.0000000000000E+01; 1.0000000000000E+01
 1.7878533180000E+09; 0.0000000000000E+00; 0.0000000000000E+00; 1.1500641666667E+01; 1.9628571666667E+02; 1.8478507500000E+02; 5.0000000000000E+01; 3.0000000000000E+01; 2.0000000000000E+01; 1.9620000000000E-03; 2.0000000000000E+01; 7.8954545454545E+00; 2.2000000000000E+01; 5.6819740165131E-01; 8.8812619447708E-02; 7.0000000000000E+01; 1.0000000000000E+00; 4.9069840223285E+01;-8.0339210726805E+00; 2.7027300000000E+02; 2.5993600000000E+02; 1.0000000000000E+00; 1.0000000000000E+00; 1.0000000000000E+00; 1.0000000000000E+00;                 NAN; 2.0000000000000E-02; 1.0000000000000E+00; 2.0000000000000E-02;                 NAN; 2.6574741641334E+05; 6.0146303152526E+03;                 NAN;                 NAN; 1.0329940000000E-01;                 NAN; 2.8760899486258E-05; 0.0000000000000E+00; 2.0000000000000E-01; 1.0000000000000E+01; 2.0000000000000E-01; 0.0000000000000E+00; 2.0000000000000E-01; 1.0000000000000E+01
 1.7878533200000E+09; 0.0000000000000E+00; 0.0000000000000E+00; 1.1509118333333E+01; 1.9704334500000E+02; 1.8553422666667E+02; 5.0000000000000E+01; 2.0000000000000E+01; 3.0000000000000E+01; 1.9070000000000E-03; 2.0000000000000E+01; 9.9000000000000E+00; 2.1000000000000E+01; 5.6875348928109E-01; 5.5666390806437E-02; 7.1000000000000E+01; 1.0000000000000E+00; 4.8968327520804E+01; 3.5113975987084E+01; 2.7027300000000E+02; 2.6087100000000E+02; 1.0000000000000E+00; 1.0000000000000E+00; 1.0000000000000E+00; 1.0000000000000E+00; 1.0000000000000E+02; 3.0000000000000E-02; 9.5000000000000E-01; 3.0000000000000E-02;                 NAN; 3.5587343687669E+05; 6.0100494311756E+03; 1.3894116526006E+04; 5.1177038592912E+02; 1.7046150000000E-01; 8.1484247303390E-01; 2.8760899486258E-05; 1.0000000000000E+02; 3.0000000000000E-01; 9.5000000000000E+00; 3.0000000000000E-01; 0.0000000000000E+00; 3.0000000000000E-01; 9.5000000000000E+00
 1.7878533220000E+09;                 NAN; 0.0000000000000E+00; 1.1394850000000E+01; 1.9721907000000E+02; 1.8582422000000E+02; 2.0000000000000E+01; 1.0000000000000E+01; 1.0000000000000E+01; 1.9095238095238E-03; 2.1000000000000E+01; 1.3200000000000E+01; 5.0000000000000E+00; 5.6775184225291E-01; 1.8120108544827E-01; 1.6000000000000E+01; 1.0000000000000E+00;                 NAN; 3.5571973581260E+01;                 NAN;                 NAN; 0.0000000000000E+00; 1.0000000000000E+00; 0.0000000000000E+00; 0.0000000000000E+00;                 NAN; 4.0000000000000E-02; 9.3000000000000E-01;                 NAN;                 NAN; 3.9805461034021E+05; 6.0141453992933E+03;                 NAN;                 NAN; 1.7040900000000E-01;                 NAN; 2.8760899486258E-05; 0.0000000000000E+00; 4.0000000000000E-01; 9.3000000000000E+00; 0.0000000000000E+00; 0.0000000000000E+00; 4.0000000000000E-01; 9.3000000000000E+00
 1.7878533240000E+09; 0.0000000000000E+00; 0.0000000000000E+00; 1.1263795000000E+01; 1.9720714500000E+02; 1.8594335000000E+02; 4.0000000000000E+01; 2.0000000000000E+01; 2.0000000000000E+01; 1.9160000000000E-03; 2.0000000000000E+01; 1.9772727272727E+01; 2.2000000000000E+01; 5.6799744710530E-01; 1.7957800626755E-01; 7.3000000000000E+01; 1.0000000000000E+00; 4.9096837924339E+01; 3.4543310545917E+01; 2.7027100000000E+02; 2.6297600000000E+02; 1.0000000000000E+00; 1.0000000000000E+00; 1.0000000000000E+00; 1.0000000000000E+00; 1.0000000000000E+02; 4.0000000000000E-02; 9.1000000000000E-01;                 NAN;                 NAN; 3.9121554636726E+05; 6.0595202478788E+03; 1.4039674398551E+04; 5.3138817836268E+02; 1.7183233333333E-01; 8.1033384250007E-01; 2.8760899486258E-05; 2.0000000000000E+02; 4.0000000000000E-01; 9.1000000000000E+00; 0.0000000000000E+00; 0.0000000000000E+00; 4.0000000000000E-01; 9.1000000000000E+00
 1.7878533260000E+09; 0.0000000000000E+00; 0.0000000000000E+00; 1.0986230000000E+01; 1.9727479000000E+02; 1.8628856000000E+02; 4.0000000000000E+01; 2.0000000000000E+01; 2.0000000000000E+01; 1.9365000000000E-03; 2.0000000000000E+01; 2.8863636363636E+01; 2.2000000000000E+01; 5.6688644937343E-01; 8.2599289715290E-02; 7.2000000000000E+01; 1.0000000000000E+00; 4.9066210095870E+01; 3.4050331904527E+01; 2.7027200000000E+02; 2.6458000000000E+02; 1.0000000000000E+00; 1.0000000000000E+00; 2.0000000000000E+00; 1.0000000000000E+00; 1.0000000000000E+02; 3.0000000000000E-02; 9.0000000000000E-01;                 NAN;                 NAN; 3.7758732511105E+05; 6.0775140007506E+03; 1.3945945785115E+04; 5.4144956576622E+02; 1.7302833333333E-01; 8.0851037446024E-01; 2.8760899486258E-05; 3.0000000000000E+02; 3.0000000000000E-01; 9.0000000000000E+00; 0.0000000000000E+00; 0.0000000000000E+00; 3.0000000000000E-01; 9.0000000000000E+00
 1.7878533280000E+09; 0.0000000000000E+00; 0.0000000000000E+00; 1.1202547500000E+01; 1.9716111500000E+02; 1.8595856750000E+02; 6.0000000000000E+01; 2.0000000000000E+01; 4.0000000000000E+01; 1.9519047619048E-03; 2.1000000000000E+01; 4.0636363636364E+01; 2.2000000000000E+01; 5.6826370069678E-01; 1.2031041830778E-01; 7.1000000000000E+01; 1.0000000000000E+00; 4.9014588005512E+01; 3.4126480269072E+01; 2.7027600000000E+02; 2.6612700000000E+02; 1.0000000000000E+00; 1.0000000000000E+00; 1.0000000000000E+00; 1.0000000000000E+00; 1.0000000000000E+02; 4.0000000000000E-02; 8.9000000000000E-01;                 NAN;                 NAN; 3.8418568994574E+05; 6.0750827398720E+03; 1.3716589203918E+04; 5.5113436765906E+02; 1.7411000000000E-01; 8.0711556905757E-01; 2.8688726338848E-05; 4.0000000000000E+02; 4.0000000000000E-01; 8.9000000000000E+00; 0.0000000000000E+00; 0.0000000000000E+00; 4.0000000000000E-01; 8.9000000000000E+00
 1.7878533300000E+09; 0.0000000000000E+00; 0.0000000000000E+00; 1.1327025000000E+01; 1.9711616000000E+02; 1.8578913500000E+02; 5.0000000000000E+01; 3.0000000000000E+01; 2.0000000000000E+01; 1.9700000000000E-03; 2.0000000000000E+01; 6.2818181818182E+01; 2.2000000000000E+01; 5.6822753682733E-01; 1.1982856690884E-01; 7.2000000000000E+01; 1.0000000000000E+00; 4.9033701069348E+01; 3.4344221459046E+01; 2.7027400000000E+02; 2.6757200000000E+02; 1.0000000000000E+00; 1.0000000000000E+00; 1.0000000000000E+00; 1.0000000000000E+00; 1.0000000000000E+02; 4.0000000000000E-02; 8.9000000000000E-01;                 NAN; 4.0000000000000E-02; 4.1622771996356E+05; 6.1491741309914E+03; 1.3476737601406E+04; 5.6183926990044E+02; 1.7540475000000E-01; 8.0561837541980E-01; 2.8624552080861E-05; 3.0000000000000E+02; 4.0000000000000E-01; 8.9000000000000E+00; 0.0000000000000E+00; 4.0000000000000E-01; 4.0000000000000E-01; 8.9000000000000E+00
 1.7878533320000E+09; 0.0000000000000E+00; 0.0000000000000E+00; 1.1337993333333E+01; 1.9676862000000E+02; 1.8543062666667E+02; 5.0000000000000E+01; 2.0000000000000E+01; 3.0000000000000E+01; 1.9885000000000E-03; 2.0000000000000E+01; 9.6181818181818E+01; 2.2000000000000E+01; 5.6755846778824E-01; 2.0105838775635E-01; 7.3000000000000E+01; 1.0000000000000E+00; 4.9079763824260E+01; 3.4339586749650E+01; 2.7027600000000E+02; 2.6937800000000E+02; 1.0000000000000E+00; 1.0000000000000E+00; 1.0000000000000E+00; 2.0000000000000E+00; 1.0000000000000E+02; 3.0000000000000E-02; 8.8000000000000E-01;                 NAN; 3.0000000000000E-02; 3.5422800784661E+05; 6.1627136214102E+03; 1.3452114666782E+04; 5.6875112202378E+02; 1.7655725000000E-01; 8.0499357620655E-01; 2.8576128432036E-05; 4.0000000000000E+02; 3.0000000000000E-01; 8.8000000000000E+00; 0.0000000000000E+00; 3.0000000000000E-01; 3.0000000000000E-01; 8.8000000000000E+00
 1.7878533340000E+09; 0.0000000000000E+00; 0.0000000000000E+00; 1.1070100000000E+01; 1.9672058333333E+02; 1.8565048333333E+02; 6.0000000000000E+01; 3.0000000000000E+01; 3.0000000000000E+01; 1.9965000000000E-03; 2.0000000000000E+01; 1.5545454545455E+02; 2.2000000000000E+01; 5.6793094843218E-01; 1.7387188971043E-01; 7.3000000000000E+01; 1.0000000000000E+00; 4.9003823986119E+01; 3.3747563511132E+01; 2.7026100000000E+02; 2.7098200000000E+02; 2.0000000000000E+00; 1.0000000000000E+00; 1.0000000000000E+00; 1.0000000000000E+00; 1.0000000000000E+02; 4.0000000000000E-02; 8.8000000000000E-01;                 NAN; 4.0000000000000E-02; 4.5595292951188E+05; 6.2253146407083E+03; 1.3219205924525E+04; 5.7949800543290E+02; 1.7772766666667E-01; 8.0319143997734E-01; 2.8556935640676E-05; 3.0000000000000E+02; 4.0000000000000E-01; 8.8000000000000E+00; 0.0000000000000E+00; 4.0000000000000E-01; 4.0000000000000E-01; 8.8000000000000E+00
 1.7878533360000E+09; 0.0000000000000E+00; 0.0000000000000E+00; 1.1133350000000E+01; 1.9671103000000E+02; 1.8557768000000E+02; 6.0000000000000E+01; 2.0000000000000E+01; 4.0000000000000E+01; 2.0066666666667E-03; 2.1000000000000E+01; 2.5090909090909E+02; 2.2000000000000E+01; 5.6768936013853E-01; 1.7534279823303E-01; 7.4000000000000E+01; 1.0000000000000E+00; 4.9080735390597E+01; 3.3758861696123E+01; 2.7025000000000E+02; 2.7201500000000E+02; 1.0000000000000E+00; 1.0000000000000E+00; 1.0000000000000E+00; 1.0000000000000E+00; 1.0000000000000E+02; 3.0000000000000E-02; 8.7000000000000E-01;                 NAN; 3.0000000000000E-02; 3.3969772551127E+05; 6.2607201868876E+03; 1.3107474312987E+04; 5.8601099630411E+02; 1.7880920000000E-01; 8.0227910281347E-01; 2.8575562202602E-05; 4.0000000000000E+02; 3.0000000000000E-01; 8.7000000000000E+00; 0.0000000000000E+00; 3.0000000000000E-01; 3.0000000000000E-01; 8.7000000000000E+00
 1.7878533380000E+09; 0.0000000000000E+00; 0.0000000000000E+00; 1.1353626666667E+01; 1.9671515666667E+02; 1.8536153000000E+02; 5.0000000000000E+01; 3.0000000000000E+01; 2.0000000000000E+01; 2.0180000000000E-03; 2.0000000000000E+01; 3.8590909090909E+02; 2.2000000000000E+01; 5.6741590890090E-01; 1.1338698863983E-01; 7.5000000000000E+01; 1.0000000000000E+00; 4.9049884366940E+01; 3.3304689200429E+01; 2.7025700000000E+02; 2.7296300000000E+02; 1.0000000000000E+00; 1.0000000000000E+00; 1.0000000000000E+00; 1.0000000000000E+00; 1.0000000000000E+02; 4.0000000000000E-02; 8.7000000000000E-01;                 NAN; 4.0000000000000E-02; 4.2709597962565E+05; 6.2719207561148E+03; 1.3056290901344E+04; 5.9519414383635E+02; 1.8018425000000E-01; 8.0107598886626E-01; 2.8566383798107E-05; 3.0000000000000E+02; 4.0000000000000E-01; 8.7000000000000E+00; 0.0000000000000E+00; 4.0000000000000E-01; 4.0000000000000E-01; 8.7000000000000E+00
 1.7878533400000E+09; 0.0000000000000E+00; 0.0000000000000E+00; 1.1403800000000E+01; 1.9664666333333E+02; 1.8524286333333E+02; 6.0000000000000E+01; 3.0000000000000E+01; 3.0000000000000E+01; 2.0245000000000E-03; 2.0000000000000E+01; 4.8434782608696E+02; 2.3000000000000E+01; 5.6754335231072E-01; 1.4787732064724E-01; 7.4000000000000E+01; 1.0000000000000E+00; 4.8629383707742E+01; 3.2852112866630E+01; 2.7027200000000E+02; 2.7398400000000E+02; 1.0000000000000E+00; 1.0000000000000E+00; 1.0000000000000E+00; 1.0000000000000E+00; 1.0000000000000E+02; 3.0000000000000E-02; 8.6000000000000E-01;                 NAN; 3.0000000000000E-02; 3.8083684565890E+05; 6.2693546744144E+03; 1.1863329901572E+04; 6.1630272179969E+02; 1.7866000000000E-01; 7.9399244094695E-01; 2.8581408621263E-05; 4.0000000000000E+02; 3.0000000000000E-01; 8.6000000000000E+00; 0.0000000000000E+00; 3.0000000000000E-01; 3.0000000000000E-01; 8.6000000000000E+00
 1.7878533420000E+09; 0.0000000000000E+00; 0.0000000000000E+00; 1.1452555000000E+01; 1.9630743500000E+02; 1.8485488000000E+02; 4.0000000000000E+01; 2.0000000000000E+01; 2.0000000000000E+01; 2.0366666666667E-03; 2.1000000000000E+01; 5.0136363636364E+02; 2.2000000000000E+01; 5.6726916907607E-01; 1.4087781310081E-01; 7.4000000000000E+01; 1.0000000000000E+00; 4.8559750443551E+01; 3.7902080629463E+01; 2.7027600000000E+02; 2.7479500000000E+02; 1.0000000000000E+00; 1.0000000000000E+00; 1.0000000000000E+00; 1.0000000000000E+00; 1.0000000000000E+02; 4.0000000000000E-02; 8.7000000000000E-01;                 NAN; 4.0000000000000E-02; 3.4332342978964E+05; 6.0143346019114E+03; 1.1366431007777E+04; 6.2264814829943E+02; 1.7248550000000E-01; 7.8649913903618E-01; 2.8575567682437E-05; 3.0000000000000E+02; 4.0000000000000E-01; 8.7000000000000E+00; 0.0000000000000E+00; 4.0000000000000E-01; 4.0000000000000E-01; 8.7000000000000E+00
 1.7878533440000E+09; 0.0000000000000E+00; 0.0000000000000E+00; 1.1452180000000E+01; 1.9617049000000E+02; 1.8471831000000E+02; 4.0000000000000E+01; 2.0000000000000E+01; 2.0000000000000E+01; 2.0400000000000E-03; 2.0000000000000E+01; 5.8000000000000E+02; 1.8000000000000E+01; 5.6910022553850E-01; 1.6266252100468E-01; 6.1000000000000E+01; 1.0000000000000E+00; 4.8735925958379E+01; 3.7936368928312E+01; 2.7027300000000E+02; 2.7493300000000E+02; 1.0000000000000E+00; 1.0000000000000E+00; 1.0000000000000E+00; 1.0000000000000E+00; 1.0000000000000E+02; 4.0000000000000E-02; 8.9000000000000E-01;                 NAN; 4.0000000000000E-02; 4.2911330307852E+05; 6.3798950102117E+03; 1.2328340076755E+04; 6.1548267815081E+02; 1.7927400000000E-01; 7.9481924843899E-01; 2.8572833511565E-05; 2.0000000000000E+02; 4.0000000000000E-01; 8.9000000000000E+00; 0.0000000000000E+00; 4.0000000000000E-01; 4.0000000000000E-01; 8.9000000000000E+00
 1.7878533460000E+09; 0.0000000000000E+00; 0.0000000000000E+00; 1.1398415000000E+01; 1.9622237500000E+02; 1.8482396000000E+02; 5.0000000000000E+01; 2.0000000000000E+01; 3.0000000000000E+01; 2.0435000000000E-03; 2.0000000000000E+01; 5.8000000000000E+02; 2.3000000000000E+01; 5.6864007453408E-01; 1.8589277565479E-01; 7.0000000000000E+01; 1.0000000000000E+00; 4.8649923673473E+01; 3.4380088062811E+01; 2.7028400000000E+02; 2.7550700000000E+02; 1.0000000000000E+00; 1.0000000000000E+00; 1.0000000000000E+00; 1.0000000000000E+00; 1.0000000000000E+02; 3.0000000000000E-02; 8.7000000000000E-01;                 NAN; 3.0000000000000E-02; 3.3729195971269E+05; 6.2820689632148E+03; 1.2336816824740E+04; 6.1992618931061E+02; 1.8026775000000E-01; 7.9438605813157E-01; 2.8601090785772E-05; 4.0000000000000E+02; 3.0000000000000E-01; 8.7000000000000E+00; 0.0000000000000E+00; 3.0000000000000E-01; 3.0000000000000E-01; 8.7000000000000E+00
 1.7878533480000E+09; 0.0000000000000E+00; 0.0000000000000E+00; 1.1356288333333E+01; 1.9626885333333E+02; 1.8491256500000E+02; 5.0000000000000E+01; 3.0000000000000E+01; 2.0000000000000E+01; 2.0500000000000E-03; 2.0000000000000E+01; 5.8000000000000E+02; 2.0000000000000E+01; 5.6843739050807E-01; 8.8457576930523E-02; 6.6000000000000E+01; 1.0000000000000E+00; 4.8994530262454E+01; 3.4542854016994E+01; 2.7026200000000E+02; 2.7632500000000E+02; 1.0000000000000E+00; 1.0000000000000E+00; 1.0000000000000E+00; 1.0000000000000E+00; 1.0000000000000E+02; 4.0000000000000E-02; 8.7000000000000E-01;                 NAN; 4.0000000000000E-02; 3.8378575576917E+05; 6.3854934566113E+03; 1.2536383691590E+04; 6.2403333682633E+02; 1.7945866666667E-01; 7.9267492265182E-01; 2.8582285932682E-05; 2.0000000000000E+02; 4.0000000000000E-01; 8.7000000000000E+00; 0.0000000000000E+00; 4.0000000000000E-01; 4.0000000000000E-01; 8.7000000000000E+00
 1.7878533500000E+09; 0.0000000000000E+00; 0.0000000000000E+00; 1.1422446666667E+01; 1.9618996333333E+02; 1.8476751666667E+02; 6.0000000000000E+01; 3.0000000000000E+01; 3.0000000000000E+01; 2.0614285714286E-03; 2.1000000000000E+01; 5.8000000000000E+02; 2.2000000000000E+01; 5.6813603299695E-01; 7.0400871336460E-02; 7.4000000000000E+01; 1.0000000000000E+00; 4.8670858804437E+01; 3.9082734634457E+01; 2.7026800000000E+02; 2.7664800000000E+02; 1.0000000000000E+00; 1.0000000000000E+00; 1.0000000000000E+00; 1.0000000000000E+00; 1.0000000000000E+02; 3.0000000000000E-02; 8.6000000000000E-01;                 NAN; 3.0000000000000E-02; 4.1182792283370E+05; 6.2052853493907E+03; 1.1663399745523E+04; 6.4101309838500E+02; 1.7967475000000E-01; 7.8832675638484E-01; 2.8599829212913E-05; 4.0000000000000E+02; 3.0000000000000E-01; 8.6000000000000E+00; 0.0000000000000E+00; 3.0000000000000E-01; 3.0000000000000E-01; 8.6000000000000E+00
 1.7878533520000E+09; 0.0000000000000E+00; 0.0000000000000E+00; 1.1416285000000E+01; 1.9609760500000E+02; 1.8468132000000E+02; 4.0000000000000E+01; 2.0000000000000E+01; 2.0000000000000E+01; 2.0685000000000E-03; 2.0000000000000E+01; 5.8000000000000E+02; 2.2000000000000E+01; 5.6796913051442E-01; 1.4379428327084E-01; 7.3000000000000E+01; 1.0000000000000E+00; 4.8819362528896E+01; 3.7856365123753E+01; 2.7028700000000E+02; 2.7686600000000E+02; 1.0000000000000E+00; 1.0000000000000E+00; 1.0000000000000E+00; 1.0000000000000E+00; 1.0000000000000E+02; 4.0000000000000E-02; 8.7000000000000E-01;                 NAN; 4.0000000000000E-02; 3.9458563180501E+05; 5.9558713486660E+03; 1.2175879709423E+04; 6.1980203915736E+02; 1.7645700000000E-01; 7.9143906648401E-01; 2.8509195720748E-05; 4.0000000000000E+02; 4.0000000000000E-01; 8.7000000000000E+00; 0.0000000000000E+00; 4.0000000000000E-01; 4.0000000000000E-01; 8.7000000000000E+00
 1.7878533540000E+09; 0.0000000000000E+00; 0.0000000000000E+00; 1.1381220000000E+01; 1.9613373666667E+02; 1.8475251666667E+02; 6.0000000000000E+01; 3.0000000000000E+01; 3.0000000000000E+01; 2.0705000000000E-03; 2.0000000000000E+01; 5.8000000000000E+02; 2.2000000000000E+01; 5.6839411028444E-01; 1.9329805672169E-01; 7.3000000000000E+01; 1.0000000000000E+00; 4.9007394718713E+01; 3.0458513803721E+01; 2.7026800000000E+02; 2.7694200000000E+02; 1.0000000000000E+00; 2.0000000000000E+00; 1.0000000000000E+00; 1.0000000000000E+00; 1.0000000000000E+02; 4.0000000000000E-02; 8.9000000000000E-01;                 NAN; 4.0000000000000E-02; 4.4153807229433E+05; 6.4511541140618E+03; 1.2515716572693E+04; 6.3097331850205E+02; 1.8417466666667E-01; 7.9533371946904E-01; 2.8542985426268E-05; 3.0000000000000E+02; 4.0000000000000E-01; 8.9000000000000E+00; 0.0000000000000E+00; 4.0000000000000E-01; 4.0000000000000E-01; 8.9000000000000E+00
 1.7878533560000E+09; 0.0000000000000E+00; 0.0000000000000E+00; 1.1320022500000E+01; 1.9620490500000E+02; 1.8488488250000E+02; 6.0000000000000E+01; 2.0000000000000E+01; 4.0000000000000E+01; 2.0704761904762E-03; 2.1000000000000E+01; 5.8000000000000E+02; 2.2000000000000E+01; 5.6839706448217E-01; 1.6484352946281E-01; 7.2000000000000E+01; 1.0000000000000E+00; 4.8948702332371E+01; 3.1341829413613E+01; 2.7026600000000E+02; 2.7733400000000E+02; 1.0000000000000E+00; 1.0000000000000E+00; 1.0000000000000E+00; 1.0000000000000E+00; 1.0000000000000E+02; 3.0000000000000E-02; 8.7000000000000E-01;                 NAN; 3.0000000000000E-02; 3.9984152718051E+05; 6.4942597867368E+03; 1.2541711933181E+04; 6.3594481265180E+02; 1.8634725000000E-01; 7.9641732599719E-01; 2.8463432402444E-05; 4.0000000000000E+02; 3.0000000000000E-01; 8.7000000000000E+00; 0.0000000000000E+00; 3.0000000000000E-01; 3.0000000000000E-01; 8.7000000000000E+00
 1.7878533580000E+09; 0.0000000000000E+00; 0.0000000000000E+00; 1.1309305000000E+01; 1.9626737000000E+02; 1.8495806500000E+02; 5.0000000000000E+01; 3.0000000000000E+01; 2.0000000000000E+01; 2.0745000000000E-03; 2.0000000000000E+01; 5.8000000000000E+02; 2.2000000000000E+01; 5.6809937875304E-01; 1.4612744748592E-01; 7.2000000000000E+01; 1.0000000000000E+00; 4.8920144208625E+01; 3.0390466983955E+01; 2.7029200000000E+02; 2.7787400000000E+02; 1.0000000000000E+00; 1.0000000000000E+00; 1.0000000000000E+00; 1.0000000000000E+00; 1.0000000000000E+02; 4.0000000000000E-02; 8.5000000000000E-01;                 NAN; 4.0000000000000E-02; 5.0675519714078E+05; 6.5052543156706E+03; 1.2463564389851E+04; 6.4125472737790E+02; 1.8678900000000E-01; 7.9494220481105E-01; 2.8552559310354E-05; 3.0000000000000E+02; 4.0000000000000E-01; 8.5000000000000E+00; 0.0000000000000E+00; 4.0000000000000E-01; 4.0000000000000E-01; 8.5000000000000E+00
 1.7878533600000E+09; 0.0000000000000E+00; 0.0000000000000E+00; 1.1367165000000E+01; 1.9626218500000E+02; 1.8489502000000E+02; 5.0000000000000E+01; 2.0000000000000E+01; 3.0000000000000E+01; 2.0825000000000E-03; 2.0000000000000E+01; 5.8000000000000E+02; 2.2000000000000E+01; 5.6860826311046E-01; 1.7531743645668E-01; 7.3000000000000E+01; 1.0000000000000E+00; 4.9003946407464E+01; 3.0033601273026E+01; 2.7029500000000E+02; 2.7853500000000E+02; 1.0000000000000E+00; 1.0000000000000E+00; 1.0000000000000E+00; 1.0000000000000E+00; 1.0000000000000E+02; 3.0000000000000E-02; 8.4000000000000E-01;                 NAN; 3.0000000000000E-02; 4.4026689886486E+05; 6.5005497594907E+03; 1.2393005554242E+04; 6.4895905514185E+02; 1.8617625000000E-01; 7.9132789415713E-01; 2.8747395396354E-05; 4.0000000000000E+02; 3.0000000000000E-01; 8.4000000000000E+00; 0.0000000000000E+00; 3.0000000000000E-01; 3.0000000000000E-01; 8.4000000000000E+00
 1.7878533620000E+09; 0.0000000000000E+00; 0.0000000000000E+00; 1.1448806666667E+01; 1.9620820666667E+02; 1.8475940000000E+02; 6.0000000000000E+01; 3.0000000000000E+01; 3.0000000000000E+01; 2.0915000000000E-03; 2.0000000000000E+01; 5.8000000000000E+02; 2.0000000000000E+01; 5.6858379233451E-01; 1.8771873414516E-01; 6.3000000000000E+01; 1.0000000000000E+00; 4.8858002695364E+01;                 NAN; 2.7029200000000E+02; 2.7894100000000E+02; 1.0000000000000E+00; 0.0000000000000E+00; 1.0000000000000E+00; 1.0000000000000E+00; 1.0000000000000E+02; 3.0000000000000E-02; 8.4000000000000E-01;                 NAN; 3.0000000000000E-02; 4.3884406509158E+05; 6.5492063154767E+03; 1.2435389294167E+04; 6.4944333642525E+02; 1.8679233333333E-01; 7.9195614288457E-01; 2.8711451178404E-05; 2.0000000000000E+02; 3.0000000000000E-01; 8.4000000000000E+00; 0.0000000000000E+00; 3.0000000000000E-01; 3.0000000000000E-01; 8.4000000000000E+00
 1.7878533640000E+09; 0.0000000000000E+00; 0.0000000000000E+00; 1.1262565000000E+01; 1.9629126500000E+02; 1.8502870000000E+02; 4.0000000000000E+01; 2.0000000000000E+01; 2.0000000000000E+01; 2.0938095238095E-03; 2.1000000000000E+01; 5.8000000000000E+02; 1.8000000000000E+01; 5.6871698991197E-01; 6.3731044530869E-02; 6.1000000000000E+01; 1.0000000000000E+00; 4.8844335388373E+01; 3.1685954213795E+01; 2.7029800000000E+02; 2.7939500000000E+02; 1.0000000000000E+00; 1.0000000000000E+00; 1.0000000000000E+00; 1.0000000000000E+00; 1.0000000000000E+02; 4.0000000000000E-02; 8.3000000000000E-01;                 NAN; 4.0000000000000E-02; 3.4573206756324E+05; 6.5924361233080E+03; 1.2365637767890E+04; 6.5731872284992E+02; 1.8829133333333E-01; 7.9130437717616E-01; 2.8708314603224E-05; 2.0000000000000E+02; 4.0000000000000E-01; 8.3000000000000E+00; 0.0000000000000E+00; 4.0000000000000E-01; 4.0000000000000E-01; 8.3000000000000E+00
 1.7878533660000E+09; 0.0000000000000E+00; 0.0000000000000E+00; 1.1136200000000E+01; 1.9641339000000E+02; 1.8527719000000E+02; 5.0000000000000E+01; 2.0000000000000E+01; 3.0000000000000E+01; 2.1005000000000E-03; 2.0000000000000E+01; 5.8000000000000E+02; 2.1000000000000E+01; 5.6814721744665E-01; 1.7209663987160E-01; 7.1000000000000E+01; 1.0000000000000E+00; 4.8751661271185E+01; 3.1355324715446E+01; 2.7028400000000E+02; 2.7987600000000E+02; 1.0000000000000E+00; 1.0000000000000E+00; 1.0000000000000E+00; 1.0000000000000E+00; 1.0000000000000E+02; 3.0000000000000E-02; 8.2000000000000E-01;                 NAN; 3.0000000000000E-02; 3.5793404647844E+05; 6.6015624148228E+03; 1.2381985781861E+04; 6.6039734066613E+02; 1.8894125000000E-01; 7.9109621154119E-01; 2.8709265150680E-05; 4.0000000000000E+02; 3.0000000000000E-01; 8.2000000000000E+00; 0.0000000000000E+00; 3.0000000000000E-01; 3.0000000000000E-01; 8.2000000000000E+00
 1.7878533680000E+09; 0.0000000000000E+00; 0.0000000000000E+00; 1.1138136666667E+01; 1.9637124666667E+02; 1.8523311000000E+02; 5.0000000000000E+01; 3.0000000000000E+01; 2.0000000000000E+01; 2.1050000000000E-03; 2.0000000000000E+01; 5.8000000000000E+02; 1.7000000000000E+01; 5.6975446252869E-01; 1.5345664322376E-01; 5.2000000000000E+01; 1.0000000000000E+00; 4.8755804524136E+01; 3.1260308237569E+01; 2.7027700000000E+02; 2.8030500000000E+02; 1.0000000000000E+00; 1.0000000000000E+00; 1.0000000000000E+00; 1.0000000000000E+00; 1.0000000000000E+02; 1.0000000000000E-02; 8.2000000000000E-01;                 NAN; 1.0000000000000E-02; 5.0821913789289E+05; 6.5810947836145E+03; 1.2237033391316E+04; 6.6478338248826E+02; 1.8933633333333E-01; 7.9041885754757E-01; 2.8696723587896E-05; 1.0000000000000E+02; 1.0000000000000E-01; 8.2000000000000E+00; 0.0000000000000E+00; 1.0000000000000E-01; 1.0000000000000E-01; 8.2000000000000E+00
 1.7878533700000E+09;                 NAN; 0.0000000000000E+00; 1.1129083333333E+01; 1.9622305000000E+02; 1.8509396666667E+02; 5.0000000000000E+01; 2.0000000000000E+01; 3.0000000000000E+01; 2.1110000000000E-03; 2.0000000000000E+01; 5.8000000000000E+02; 1.8000000000000E+01; 5.6950027856333E-01; 1.6327117383480E-01; 5.8000000000000E+01; 1.0000000000000E+00;                 NAN; 3.0691960238122E+01; 2.7028800000000E+02; 2.8103500000000E+02; 0.0000000000000E+00; 1.0000000000000E+00; 1.0000000000000E+00; 1.0000000000000E+00; 1.0000000000000E+02; 2.0000000000000E-02; 8.3000000000000E-01;                 NAN; 2.0000000000000E-02; 4.3418451477561E+05; 6.2271824286326E+03; 1.0684577546041E+04; 7.1151046882973E+02; 1.8460850000000E-01; 7.7475249714673E-01; 2.8664937286594E-05; 1.0000000000000E+02; 2.0000000000000E-01; 8.3000000000000E+00; 0.0000000000000E+00; 2.0000000000000E-01; 2.0000000000000E-01; 8.3000000000000E+00
 1.7878533720000E+09; 0.0000000000000E+00; 0.0000000000000E+00; 1.1304020000000E+01; 1.9602104500000E+02; 1.8471702500000E+02; 4.0000000000000E+01; 2.0000000000000E+01; 2.0000000000000E+01; 2.1176190476190E-03; 2.1000000000000E+01; 5.8000000000000E+02; 2.2000000000000E+01; 5.6959066943990E-01; 3.1523156911135E-02; 7.2000000000000E+01; 1.0000000000000E+00; 4.8499425414667E+01; 3.8593355218516E+01; 2.7029700000000E+02; 2.8112100000000E+02; 2.0000000000000E+00; 1.0000000000000E+00; 1.0000000000000E+00; 1.0000000000000E+00; 1.0000000000000E+02; 3.0000000000000E-02; 8.5000000000000E-01;                 NAN; 3.0000000000000E-02; 4.3138675681175E+05; 6.2752027910205E+03; 1.0636300447993E+04; 7.1086113059770E+02; 1.7957500000000E-01; 7.7016893364574E-01; 2.8646227679911E-05; 3.0000000000000E+02; 3.0000000000000E-01; 8.5000000000000E+00; 0.0000000000000E+00; 3.0000000000000E-01; 3.0000000000000E-01; 8.5000000000000E+00
 1.7878533740000E+09;                 NAN; 0.0000000000000E+00; 1.1335080000000E+01; 1.9596496000000E+02; 1.8462988000000E+02; 4.0000000000000E+01; 2.0000000000000E+01; 2.0000000000000E+01; 2.1230000000000E-03; 2.0000000000000E+01; 5.8000000000000E+02; 1.9000000000000E+01; 5.6871994692472E-01; 8.8939428329468E-02; 6.2000000000000E+01; 1.0000000000000E+00;                 NAN; 3.8766313695887E+01; 2.7029100000000E+02; 2.8079400000000E+02; 0.0000000000000E+00; 1.0000000000000E+00; 1.0000000000000E+00; 1.0000000000000E+00; 1.0000000000000E+02; 1.0000000000000E-02; 8.7000000000000E-01;                 NAN; 1.0000000000000E-02; 4.6811801851768E+05; 6.6068511856429E+03; 1.2084936313183E+04; 6.7002591746554E+02; 1.8651466666667E-01; 7.8692766165505E-01; 2.8641597896559E-05; 1.0000000000000E+02; 1.0000000000000E-01; 8.7000000000000E+00; 0.0000000000000E+00; 1.0000000000000E-01; 1.0000000000000E-01; 8.7000000000000E+00
 1.7878533760000E+09; 0.0000000000000E+00; 0.0000000000000E+00; 1.1307646666667E+01; 1.9606811000000E+02; 1.8476046333333E+02; 5.0000000000000E+01; 2.0000000000000E+01; 3.0000000000000E+01; 2.1215000000000E-03; 2.0000000000000E+01; 5.8000000000000E+02; 2.1000000000000E+01; 5.6755478534236E-01; 1.8675504624844E-01; 6.7000000000000E+01; 1.0000000000000E+00; 4.8735305120992E+01; 3.2658061258830E+01; 2.7030300000000E+02; 2.8091200000000E+02; 1.0000000000000E+00; 1.0000000000000E+00; 1.0000000000000E+00; 1.0000000000000E+00; 1.0000000000000E+02; 2.0000000000000E-02; 8.5000000000000E-01;                 NAN; 2.0000000000000E-02; 3.8434558407156E+05; 6.6908260147544E+03; 1.0878089592901E+04; 7.4452953162613E+02; 1.9090900000000E-01; 7.7268677719435E-01; 2.8664824672910E-05; 2.0000000000000E+02; 2.0000000000000E-01; 8.5000000000000E+00; 0.0000000000000E+00; 2.0000000000000E-01; 2.0000000000000E-01; 8.5000000000000E+00
 1.7878533780000E+09; 0.0000000000000E+00; 0.0000000000000E+00; 1.1406431666667E+01; 1.9610398500000E+02; 1.8469755333333E+02; 5.0000000000000E+01; 2.0000000000000E+01; 3.0000000000000E+01; 2.1276190476190E-03; 2.1000000000000E+01; 5.8000000000000E+02; 2.1000000000000E+01; 5.6912771647317E-01; 1.3446159660816E-01; 7.0000000000000E+01; 1.0000000000000E+00; 4.8997098749112E+01; 2.8752785802014E+01; 2.7030900000000E+02; 2.8154600000000E+02; 2.0000000000000E+00; 1.0000000000000E+00; 1.0000000000000E+00; 1.0000000000000E+00; 1.0000000000000E+02; 3.0000000000000E-02; 8.2000000000000E-01;                 NAN; 3.0000000000000E-02; 3.9996284035706E+05; 5.8781133062692E+03; 9.8851798455781E+03; 7.6943258000495E+02; 1.7257733333333E-01; 7.4715757689634E-01; 2.8842607348574E-05; 3.0000000000000E+02; 3.0000000000000E-01; 8.2000000000000E+00; 0.0000000000000E+00; 3.0000000000000E-01; 3.0000000000000E-01; 8.2000000000000E+00
 1.7878533800000E+09; 0.0000000000000E+00; 0.0000000000000E+00; 1.1368760000000E+01; 1.9606174000000E+02; 1.8469298000000E+02; 4.0000000000000E+01; 2.0000000000000E+01; 2.0000000000000E+01; 2.1310000000000E-03; 2.0000000000000E+01; 5.8000000000000E+02; 2.1000000000000E+01; 5.6850438301114E-01; 1.0618459433317E-01; 6.9000000000000E+01; 1.0000000000000E+00; 4.8747146256720E+01; 2.9721187807114E+01; 2.7030900000000E+02; 2.8118900000000E+02; 1.0000000000000E+00; 1.0000000000000E+00; 1.0000000000000E+00; 1.0000000000000E+00; 1.0000000000000E+02; 3.0000000000000E-02; 8.8000000000000E-01;                 NAN; 3.0000000000000E-02; 4.4932108062745E+05; 6.5381628413983E+03; 1.1994033282409E+04; 6.7117601698869E+02; 1.8560975000000E-01; 7.8488321142039E-01; 2.8801640085595E-05; 3.0000000000000E+02; 3.0000000000000E-01; 8.8000000000000E+00; 0.0000000000000E+00; 3.0000000000000E-01; 3.0000000000000E-01; 8.8000000000000E+00
 1.7878533820000E+09; 0.0000000000000E+00; 0.0000000000000E+00; 1.1383706666667E+01; 1.9608040000000E+02; 1.8469669333333E+02; 5.0000000000000E+01; 2.0000000000000E+01; 3.0000000000000E+01; 2.1375000000000E-03; 2.0000000000000E+01; 5.8000000000000E+02; 2.2000000000000E+01; 5.6910393870213E-01; 1.6753174364567E-01; 7.1000000000000E+01; 1.0000000000000E+00; 4.8889963730452E+01; 3.5478788085377E+01; 2.7029700000000E+02; 2.8136500000000E+02; 1.0000000000000E+00; 1.0000000000000E+00; 1.0000000000000E+00; 1.0000000000000E+00; 1.0000000000000E+02; 1.0000000000000E-02; 8.6000000000000E-01;                 NAN; 1.0000000000000E-02; 1.5079275726805E+05; 6.7538961319197E+03; 1.2265369948866E+04; 6.7522744534129E+02; 1.9142500000000E-01; 7.8964493858522E-01; 2.8698108697729E-05; 2.0000000000000E+02; 1.0000000000000E-01; 8.6000000000000E+00; 0.0000000000000E+00; 1.0000000000000E-01; 1.0000000000000E-01; 8.6000000000000E+00
 1.7878533840000E+09; 0.0000000000000E+00; 0.0000000000000E+00; 1.1400140000000E+01; 1.9607357000000E+02; 1.8467343000000E+02; 5.0000000000000E+01; 3.0000000000000E+01; 2.0000000000000E+01; 2.1410000000000E-03; 2.0000000000000E+01; 5.8000000000000E+02; 2.2000000000000E+01; 5.6885188822945E-01; 9.6141822636127E-02; 7.2000000000000E+01; 1.0000000000000E+00; 4.8756550415229E+01; 3.2387428334618E+01; 2.7029600000000E+02; 2.8170700000000E+02; 1.0000000000000E+00; 1.0000000000000E+00; 1.0000000000000E+00; 1.0000000000000E+00; 1.0000000000000E+02; 2.0000000000000E-02; 8.3000000000000E-01;                 NAN; 2.0000000000000E-02; 4.2330599361250E+05; 6.7001263982379E+03; 1.1967836094588E+04; 6.8570044775820E+02; 1.9173875000000E-01; 7.8752598894855E-01; 2.8668170392870E-05; 4.0000000000000E+02; 2.0000000000000E-01; 8.3000000000000E+00; 0.0000000000000E+00; 2.0000000000000E-01; 2.0000000000000E-01; 8.3000000000000E+00
 1.7878533860000E+09; 0.0000000000000E+00; 0.0000000000000E+00; 1.1402513333333E+01; 1.9605367000000E+02; 1.8465115666667E+02; 6.0000000000000E+01; 3.0000000000000E+01; 3.0000000000000E+01; 2.1442857142857E-03; 2.1000000000000E+01; 5.8000000000000E+02; 2.1000000000000E+01; 5.6932442199493E-01; 1.0519552975893E-01; 6.9000000000000E+01; 1.0000000000000E+00; 4.8787076741460E+01; 3.3562204767076E+01; 2.7029100000000E+02; 2.8207400000000E+02; 1.0000000000000E+00; 1.0000000000000E+00; 1.0000000000000E+00; 1.0000000000000E+00; 1.0000000000000E+02; 3.0000000000000E-02; 8.2000000000000E-01;                 NAN; 3.0000000000000E-02; 4.4205300376653E+05; 6.6553371826504E+03; 1.1902645866036E+04; 6.8852151392342E+02; 1.9121666666667E-01; 7.8564707615104E-01; 2.8793452211141E-05; 3.0000000000000E+02; 3.0000000000000E-01; 8.2000000000000E+00; 0.0000000000000E+00; 3.0000000000000E-01; 3.0000000000000E-01; 8.2000000000000E+00
 1.7878533880000E+09;                 NAN; 0.0000000000000E+00; 1.1459845000000E+01; 1.9605614000000E+02; 1.8459629500000E+02; 4.0000000000000E+01; 2.0000000000000E+01; 2.0000000000000E+01; 2.1500000000000E-03; 2.0000000000000E+01; 5.8000000000000E+02; 2.1000000000000E+01; 5.6807637940592E-01; 1.9644276797771E-01; 6.7000000000000E+01; 1.0000000000000E+00;                 NAN; 3.3782899067065E+01; 2.7031000000000E+02; 2.8261800000000E+02; 0.0000000000000E+00; 1.0000000000000E+00; 1.0000000000000E+00; 1.0000000000000E+00; 1.0000000000000E+02; 3.0000000000000E-02; 8.2000000000000E-01;                 NAN; 3.0000000000000E-02; 3.4147921008587E+05; 6.4864376032540E+03; 1.0469833263752E+04; 7.5701357833673E+02; 1.8920500000000E-01; 7.6781684415190E-01; 2.8720077719120E-05; 3.0000000000000E+02; 3.0000000000000E-01; 8.2000000000000E+00; 0.0000000000000E+00; 3.0000000000000E-01; 3.0000000000000E-01; 8.2000000000000E+00
 1.7878533900000E+09; 0.0000000000000E+00; 0.0000000000000E+00; 1.1476203333333E+01; 1.9605365000000E+02; 1.8457744666667E+02; 5.0000000000000E+01; 2.0000000000000E+01; 3.0000000000000E+01; 2.1630000000000E-03; 2.0000000000000E+01; 5.8000000000000E+02; 2.2000000000000E+01; 5.6817102008396E-01; 1.4848597347736E-01; 7.2000000000000E+01; 1.0000000000000E+00; 4.8802819824169E+01; 3.8747377953192E+01; 2.7031200000000E+02; 2.8273100000000E+02; 2.0000000000000E+00; 1.0000000000000E+00; 1.0000000000000E+00; 1.0000000000000E+00; 1.0000000000000E+02; 4.0000000000000E-02; 8.2000000000000E-01;                 NAN; 4.0000000000000E-02; 3.9633252355808E+05; 6.1383220660394E+03; 9.3864241403204E+03; 7.9592172880186E+02; 1.7816760000000E-01; 7.4803923761287E-01; 2.8651706926160E-05; 3.0000000000000E+02; 4.0000000000000E-01; 8.2000000000000E+00; 0.0000000000000E+00; 4.0000000000000E-01; 4.0000000000000E-01; 8.2000000000000E+00
 1.7878533920000E+09; 0.0000000000000E+00; 0.0000000000000E+00; 1.1402936666667E+01; 1.9596796666667E+02; 1.8456503000000E+02; 5.0000000000000E+01; 3.0000000000000E+01; 2.0000000000000E+01; 2.1700000000000E-03; 2.1000000000000E+01; 5.8000000000000E+02; 2.2000000000000E+01; 5.6847573675215E-01; 9.8373547196388E-02; 7.2000000000000E+01; 1.0000000000000E+00; 4.8775000761911E+01; 4.1964820876682E+01; 2.7031900000000E+02; 2.8245900000000E+02; 1.0000000000000E+00; 1.0000000000000E+00; 1.0000000000000E+00; 1.0000000000000E+00; 1.0000000000000E+02; 3.0000000000000E-02; 8.6000000000000E-01;                 NAN; 3.0000000000000E-02; 3.4607240474148E+05; 5.8664070818195E+03; 8.6731663455726E+03; 8.2295305775070E+02; 1.7044175000000E-01; 7.3315146522364E-01; 2.8645448982372E-05; 4.0000000000000E+02; 3.0000000000000E-01; 8.6000000000000E+00; 0.0000000000000E+00; 3.0000000000000E-01; 3.0000000000000E-01; 8.6000000000000E+00
 1.7878533940000E+09; 0.0000000000000E+00; 0.0000000000000E+00; 1.1376166666667E+01; 1.9592080000000E+02; 1.8454463333333E+02; 5.0000000000000E+01; 2.0000000000000E+01; 3.0000000000000E+01; 2.1725000000000E-03; 2.0000000000000E+01; 5.1363636363636E+02; 2.2000000000000E+01; 5.6879015489363E-01; 9.2160217463970E-02; 7.1000000000000E+01; 1.0000000000000E+00; 4.8728849730332E+01; 4.2410299797209E+01; 2.7031600000000E+02; 2.8193800000000E+02; 1.0000000000000E+00; 1.0000000000000E+00; 1.0000000000000E+00; 1.0000000000000E+00; 1.0000000000000E+02; 4.0000000000000E-02; 9.1000000000000E-01;                 NAN; 4.0000000000000E-02; 4.4288353965038E+05; 5.9449491363924E+03; 8.5938078382453E+03; 8.4637530850129E+02; 1.7045433333333E-01; 7.2753221935875E-01; 2.8661015965398E-05; 3.0000000000000E+02; 4.0000000000000E-01; 9.1000000000000E+00; 0.0000000000000E+00; 4.0000000000000E-01; 4.0000000000000E-01; 9.1000000000000E+00
 1.7878533960000E+09; 0.0000000000000E+00; 0.0000000000000E+00; 1.1389683333333E+01; 1.9595784333333E+02; 1.8456816000000E+02; 6.0000000000000E+01; 3.0000000000000E+01; 3.0000000000000E+01; 2.1670000000000E-03; 2.0000000000000E+01; 5.6454545454545E+02; 2.2000000000000E+01; 5.6964698384205E-01; 1.9722893834114E-01; 7.2000000000000E+01; 1.0000000000000E+00; 4.8906886583805E+01; 4.3400047379254E+01; 2.7031100000000E+02; 2.8104800000000E+02; 1.0000000000000E+00; 1.0000000000000E+00; 1.0000000000000E+00; 1.0000000000000E+00; 1.0000000000000E+02; 1.0000000000000E-02; 9.3000000000000E-01;                 NAN; 1.0000000000000E-02; 3.4966262312489E+05; 6.7993688314388E+03; 1.2165102129842E+04; 6.5712584419428E+02; 1.8314720000000E-01; 7.8648026310843E-01; 2.8753156578495E-05; 2.0000000000000E+02; 1.0000000000000E-01; 9.3000000000000E+00; 0.0000000000000E+00; 1.0000000000000E-01; 1.0000000000000E-01; 9.3000000000000E+00
 1.7878533980000E+09;                 NAN; 0.0000000000000E+00;                 NAN; 1.9602924000000E+02;                 NAN; 1.0000000000000E+01; 1.0000000000000E+01; 0.0000000000000E+00; 2.1672727272727E-03; 2.2000000000000E+01; 5.8000000000000E+02; 3.0000000000000E+00; 5.6969821463029E-01; 1.1353915184736E-01; 6.0000000000000E+00; 1.0000000000000E+00;                 NAN;                 NAN;                 NAN;                 NAN; 0.0000000000000E+00; 0.0000000000000E+00; 0.0000000000000E+00; 0.0000000000000E+00;                 NAN; 2.0000000000000E-02; 8.7000000000000E-01;                 NAN; 2.0000000000000E-02; 4.9046149999390E+05; 6.8177600460581E+03;                 NAN;                 NAN;                 NAN;                 NAN; 2.8753156578495E-05; 0.0000000000000E+00; 2.0000000000000E-01; 8.7000000000000E+00; 0.0000000000000E+00; 2.0000000000000E-01; 2.0000000000000E-01; 8.7000000000000E+00
 1.7878534000000E+09; 0.0000000000000E+00; 0.0000000000000E+00; 1.1265445000000E+01; 1.9622284000000E+02; 1.8495739500000E+02; 4.0000000000000E+01; 2.0000000000000E+01; 2.0000000000000E+01; 2.1715789473684E-03; 1.9000000000000E+01; 5.8000000000000E+02; 1.5000000000000E+01; 5.6987590449552E-01; 6.0941386967897E-02; 4.8000000000000E+01; 1.0000000000000E+00; 4.8878649483457E+01; 2.7162636040442E+01; 2.7030100000000E+02; 2.8122900000000E+02; 1.0000000000000E+00; 1.0000000000000E+00; 1.0000000000000E+00; 1.0000000000000E+00;                 NAN; 3.0000000000000E-02; 8.2000000000000E-01;                 NAN; 3.0000000000000E-02; 4.1955630686892E+05; 6.8132206805382E+03;                 NAN;                 NAN; 1.9413633333333E-01;                 NAN; 2.8802516176931E-05; 0.0000000000000E+00; 3.0000000000000E-01; 8.2000000000000E+00; 0.0000000000000E+00; 3.0000000000000E-01; 3.0000000000000E-01; 8.2000000000000E+00
 1.7878534020000E+09; 0.0000000000000E+00; 0.0000000000000E+00; 1.1083470000000E+01; 1.9624342000000E+02; 1.8515995000000E+02; 4.0000000000000E+01; 2.0000000000000E+01; 2.0000000000000E+01; 2.1745000000000E-03; 2.0000000000000E+01; 5.8000000000000E+02; 2.1000000000000E+01; 5.6944382858276E-01; 1.2000609189272E-01; 7.0000000000000E+01; 1.0000000000000E+00; 4.8900324356473E+01; 2.5790095198990E+01; 2.7031500000000E+02; 2.8185400000000E+02; 1.0000000000000E+00; 1.0000000000000E+00; 1.0000000000000E+00; 1.0000000000000E+00; 1.0000000000000E+02; 3.0000000000000E-02; 8.0000000000000E-01;                 NAN; 3.0000000000000E-02; 4.5506859970875E+05; 6.7910678773153E+03; 1.2297743053076E+04; 6.8064563451952E+02; 1.9459825000000E-01; 7.9018208156945E-01; 2.8848076462668E-05; 3.0000000000000E+02; 3.0000000000000E-01; 8.0000000000000E+00; 0.0000000000000E+00; 3.0000000000000E-01; 3.0000000000000E-01; 8.0000000000000E+00
 1.7878534040000E+09; 0.0000000000000E+00; 0.0000000000000E+00; 1.1131210000000E+01; 1.9627991500000E+02; 1.8514870500000E+02; 4.0000000000000E+01; 2.0000000000000E+01; 2.0000000000000E+01; 2.1800000000000E-03; 2.0000000000000E+01; 5.8000000000000E+02; 2.2000000000000E+01; 5.7077650934458E-01; 1.7650938034058E-01; 7.0000000000000E+01; 1.0000000000000E+00; 4.8932993554988E+01; 2.6087786561764E+01; 2.7031100000000E+02; 2.8234300000000E+02; 1.0000000000000E+00; 1.0000000000000E+00; 1.0000000000000E+00; 1.0000000000000E+00; 1.0000000000000E+02; 3.0000000000000E-02; 7.9000000000000E-01;                 NAN; 3.0000000000000E-02; 4.4316731915750E+05; 6.8238466704904E+03; 1.2150005445335E+04; 6.8436351176000E+02; 1.9487225000000E-01; 7.8969519862424E-01; 2.8816182135030E-05; 3.0000000000000E+02; 3.0000000000000E-01; 7.9000000000000E+00; 0.0000000000000E+00; 3.0000000000000E-01; 3.0000000000000E-01; 7.9000000000000E+00
 1.7878534060000E+09;                 NAN; 0.0000000000000E+00; 1.1131430000000E+01; 1.9633952000000E+02; 1.8520809000000E+02; 2.0000000000000E+01; 1.0000000000000E+01; 1.0000000000000E+01; 2.1886363636364E-03; 2.2000000000000E+01; 5.8000000000000E+02; 1.2000000000000E+01; 5.7052313466867E-01; 9.3656487762928E-02; 3.0000000000000E+01; 1.0000000000000E+00;                 NAN; 2.6612104040140E+01; 2.7031500000000E+02;                 NAN; 0.0000000000000E+00; 1.0000000000000E+00; 1.0000000000000E+00; 0.0000000000000E+00;                 NAN; 1.0000000000000E-02; 7.8000000000000E-01;                 NAN; 1.0000000000000E-02; 3.6566489842870E+05; 6.7950937612629E+03;                 NAN;                 NAN; 1.9513150000000E-01;                 NAN; 2.8475346970336E-05; 0.0000000000000E+00; 1.0000000000000E-01; 7.8000000000000E+00; 0.0000000000000E+00; 1.0000000000000E-01; 1.0000000000000E-01; 7.8000000000000E+00
 1.7878534080000E+09; 0.0000000000000E+00; 0.0000000000000E+00; 1.1065883333333E+01; 1.9642964666667E+02; 1.8536376333333E+02; 6.0000000000000E+01; 3.0000000000000E+01; 3.0000000000000E+01; 2.1910526315789E-03; 1.9000000000000E+01; 5.8000000000000E+02; 1.5000000000000E+01; 5.7152314841747E-01; 1.0643819719553E-01; 4.9000000000000E+01; 1.0000000000000E+00; 4.8954822256877E+01; 2.6329613988806E+01;                 NAN; 2.8276900000000E+02; 1.0000000000000E+00; 1.0000000000000E+00; 0.0000000000000E+00; 1.0000000000000E+00; 1.0000000000000E+02; 2.0000000000000E-02; 7.9000000000000E-01;                 NAN; 2.0000000000000E-02; 3.8214555244664E+05; 6.8287547585874E+03; 1.2147906441072E+04; 6.9196388887876E+02; 1.9527766666667E-01; 7.9016199195572E-01; 2.8478739452081E-05; 1.0000000000000E+02; 2.0000000000000E-01; 7.9000000000000E+00; 0.0000000000000E+00; 2.0000000000000E-01; 2.0000000000000E-01; 7.9000000000000E+00
 1.7878534100000E+09; 0.0000000000000E+00; 0.0000000000000E+00; 1.1037520000000E+01; 1.9656832500000E+02; 1.8553080500000E+02; 4.0000000000000E+01; 2.0000000000000E+01; 2.0000000000000E+01; 2.1995000000000E-03; 2.0000000000000E+01; 5.8000000000000E+02; 1.9000000000000E+01; 5.6938003946726E-01; 1.1757020950317E+01; 6.5000000000000E+01; 1.0000000000000E+00; 4.8938772678753E+01; 2.5540841329472E+01; 2.7032000000000E+02; 2.8325200000000E+02; 1.0000000000000E+00; 1.0000000000000E+00; 2.0000000000000E+00; 1.0000000000000E+00; 1.0000000000000E+02; 3.0000000000000E-02; 7.8000000000000E-01;                 NAN; 3.0000000000000E-02; 5.1052932982067E+05; 6.8154604598501E+03; 1.2186415096204E+04; 6.9799107766469E+02; 1.9552450000000E-01; 7.8874403183680E-01; 2.8510695406672E-05; 2.0000000000000E+02; 3.0000000000000E-01; 7.8000000000000E+00; 0.0000000000000E+00; 3.0000000000000E-01; 3.0000000000000E-01; 7.8000000000000E+00
 1.7878534120000E+09; 0.0000000000000E+00; 0.0000000000000E+00; 1.1107765000000E+01; 1.9670755500000E+02; 1.8559979000000E+02; 4.0000000000000E+01; 2.0000000000000E+01; 2.0000000000000E+01; 2.2085000000000E-03; 2.0000000000000E+01; 5.8000000000000E+02; 1.8000000000000E+01; 5.6476797488229E-01; 9.2538337707520E+00; 5.8000000000000E+01; 1.0000000000000E+00; 4.8935799113547E+01; 2.4288024986584E+01;                 NAN; 2.8362100000000E+02; 1.0000000000000E+00; 1.0000000000000E+00; 0.0000000000000E+00; 1.0000000000000E+00; 1.0000000000000E+02; 3.0000000000000E-02; 7.9000000000000E-01;                 NAN; 3.0000000000000E-02; 4.2979150044522E+05; 6.8502842929455E+03; 1.2119085497923E+04; 7.0252620462055E+02; 1.9594200000000E-01; 7.8796965598574E-01; 2.8519186246744E-05; 2.0000000000000E+02; 3.0000000000000E-01; 7.9000000000000E+00; 0.0000000000000E+00; 3.0000000000000E-01; 3.0000000000000E-01; 7.9000000000000E+00
 1.7878534140000E+09; 0.0000000000000E+00; 0.0000000000000E+00; 1.1128975000000E+01; 1.9663115000000E+02; 1.8550217500000E+02; 4.0000000000000E+01; 2.0000000000000E+01; 2.0000000000000E+01; 2.2128571428571E-03; 2.1000000000000E+01; 5.8000000000000E+02; 2.1000000000000E+01; 5.6774349719706E-01; 3.8695117831230E-01; 7.1000000000000E+01; 1.0000000000000E+00; 4.8939861721465E+01; 2.5324137138833E+01; 2.7031900000000E+02; 2.8417500000000E+02; 1.0000000000000E+00; 1.0000000000000E+00; 1.0000000000000E+00; 1.0000000000000E+00; 1.0000000000000E+02; 3.0000000000000E-02; 7.9000000000000E-01;                 NAN; 3.0000000000000E-02; 4.8629827541759E+05; 6.8616030478893E+03; 1.2021158875961E+04; 7.0365338750493E+02; 1.9620300000000E-01; 7.8771466145390E-01; 2.8554958230862E-05; 3.0000000000000E+02; 3.0000000000000E-01; 7.9000000000000E+00; 0.0000000000000E+00; 3.0000000000000E-01; 3.0000000000000E-01; 7.9000000000000E+00
 1.7878534160000E+09; 0.0000000000000E+00; 0.0000000000000E+00; 1.1222030000000E+01; 1.9633869500000E+02; 1.8511666500000E+02; 4.0000000000000E+01; 2.0000000000000E+01; 2.0000000000000E+01; 2.2230000000000E-03; 2.0000000000000E+01; 5.8000000000000E+02; 2.1000000000000E+01; 5.6466410501280E-01; 1.8202022314072E+00; 6.9000000000000E+01; 1.0000000000000E+00; 4.8933705368852E+01; 2.5832287783198E+01; 2.7030500000000E+02; 2.8450400000000E+02; 1.0000000000000E+00; 1.0000000000000E+00; 1.0000000000000E+00; 1.0000000000000E+00; 1.0000000000000E+02; 1.0000000000000E-02; 7.9000000000000E-01;                 NAN; 1.0000000000000E-02; 3.2308523560333E+05; 6.8681227407470E+03; 1.1954152201412E+04; 7.0762720831741E+02; 1.9648525000000E-01; 7.8696841955522E-01; 2.8562466741367E-05; 1.0000000000000E+02; 1.0000000000000E-01; 7.9000000000000E+00; 0.0000000000000E+00; 1.0000000000000E-01; 1.0000000000000E-01; 7.9000000000000E+00
 1.7878534180000E+09; 0.0000000000000E+00; 0.0000000000000E+00; 1.1258755000000E+01; 1.9623777000000E+02; 1.8497901500000E+02; 4.0000000000000E+01; 2.0000000000000E+01; 2.0000000000000E+01; 2.2280000000000E-03; 2.0000000000000E+01; 5.8000000000000E+02; 1.5000000000000E+01; 5.6966693010441E-01; 1.8795967102051E+00; 4.3000000000000E+01; 1.0000000000000E+00; 4.8525649175912E+01;                 NAN; 2.7032100000000E+02; 2.8505100000000E+02; 1.0000000000000E+00; 0.0000000000000E+00; 1.0000000000000E+00; 1.0000000000000E+00; 1.0000000000000E+02; 2.0000000000000E-02; 7.9000000000000E-01;                 NAN; 2.0000000000000E-02; 4.9836457750555E+05; 6.7867247392101E+03; 8.8686159348295E+03; 9.8159995379347E+02; 1.9440033333333E-01; 7.2472361825011E-01; 2.8585290423046E-05; 1.0000000000000E+02; 2.0000000000000E-01; 7.9000000000000E+00; 0.0000000000000E+00; 2.0000000000000E-01; 2.0000000000000E-01; 7.9000000000000E+00
 1.7878534200000E+09;                 NAN; 0.0000000000000E+00; 1.1296070000000E+01; 1.9608661500000E+02; 1.8479054500000E+02; 4.0000000000000E+01; 2.0000000000000E+01; 2.0000000000000E+01; 2.2452380952381E-03; 2.1000000000000E+01; 5.8000000000000E+02; 2.1000000000000E+01; 5.3609194995606E-01; 3.0252590775490E-01; 7.3000000000000E+01; 1.0000000000000E+00;                 NAN; 4.0781880089241E+01; 2.7032400000000E+02; 2.8529000000000E+02; 0.0000000000000E+00; 1.0000000000000E+00; 1.0000000000000E+00; 1.0000000000000E+00; 1.0000000000000E+02; 3.0000000000000E-02; 7.9000000000000E-01;                 NAN; 3.0000000000000E-02; 4.0296052223106E+05; 5.4751910113085E+03; 5.9857143105576E+03; 1.3490367871615E+03; 1.5694766666667E-01; 6.0728878383391E-01; 2.8588588433959E-05; 3.0000000000000E+02; 3.0000000000000E-01; 7.9000000000000E+00; 0.0000000000000E+00; 3.0000000000000E-01; 3.0000000000000E-01; 7.9000000000000E+00
 1.7878534220000E+09; 0.0000000000000E+00; 0.0000000000000E+00; 1.1301423333333E+01; 1.9581355000000E+02; 1.8451212666667E+02; 5.0000000000000E+01; 2.0000000000000E+01; 3.0000000000000E+01; 2.2614285714286E-03; 2.1000000000000E+01; 4.5000000000000E+02; 1.7000000000000E+01; 5.6200227480668E-01; 9.9826705455780E-01; 5.2000000000000E+01; 1.0000000000000E+00; 4.9386077774966E+01; 4.5019586932726E+01; 2.7033200000000E+02; 2.8476200000000E+02; 1.0000000000000E+00; 1.0000000000000E+00; 1.0000000000000E+00; 1.0000000000000E+00; 1.0000000000000E+02; 4.0000000000000E-02; 9.2000000000000E-01;                 NAN; 4.0000000000000E-02; 2.9120178299842E+05; 5.1258106548471E+03; 7.7288566200306E+03; 8.5952060174690E+02; 1.3635400000000E-01; 6.7830798196074E-01; 2.8589630738712E-05; 2.0000000000000E+02; 4.0000000000000E-01; 9.2000000000000E+00; 0.0000000000000E+00; 4.0000000000000E-01; 4.0000000000000E-01; 9.2000000000000E+00
 1.7878534240000E+09; 0.0000000000000E+00; 0.0000000000000E+00; 1.1283603333333E+01; 1.9575105333333E+02; 1.8446745000000E+02; 6.0000000000000E+01; 3.0000000000000E+01; 3.0000000000000E+01; 2.2610526315789E-03; 1.9000000000000E+01; 2.8055555555556E+02; 1.8000000000000E+01; 5.6933273402311E-01; 1.1663313955069E-01; 5.9000000000000E+01; 1.0000000000000E+00; 4.9330302045694E+01; 4.2066569272888E+01; 2.7033800000000E+02; 2.8382200000000E+02; 1.0000000000000E+00; 1.0000000000000E+00; 1.0000000000000E+00; 1.0000000000000E+00; 1.0000000000000E+02; 4.0000000000000E-02; 1.0400000000000E+00;                 NAN; 4.0000000000000E-02; 2.9245014221452E+05; 3.7071179763007E+03; 5.5156705848155E+03; 1.2671351263486E+03; 1.2975650000000E-01; 5.7643476871717E-01; 2.8593013164889E-05; 2.0000000000000E+02; 4.0000000000000E-01; 9.3600000000000E+00; 0.0000000000000E+00; 4.0000000000000E-01; 4.0000000000000E-01; 9.3600000000000E+00
 1.7878534260000E+09; 0.0000000000000E+00; 0.0000000000000E+00; 1.1275250000000E+01; 1.9574798000000E+02; 1.8447273000000E+02; 4.0000000000000E+01; 2.0000000000000E+01; 2.0000000000000E+01; 2.2570000000000E-03; 2.0000000000000E+01; 2.3954545454545E+02; 2.2000000000000E+01; 5.6666429920743E-01; 2.9856967926025E-01; 7.2000000000000E+01; 1.0000000000000E+00; 4.9269633109550E+01; 4.2817903948008E+01; 2.7033700000000E+02; 2.8294000000000E+02; 1.0000000000000E+00; 1.0000000000000E+00; 1.0000000000000E+00; 1.0000000000000E+00;                 NAN; 2.0000000000000E-02; 1.4000000000000E-01;                 NAN; 2.0000000000000E-02; 2.7057669075716E+05; 5.3762914917442E+03;                 NAN;                 NAN; 1.6165166666667E-01;                 NAN; 2.8602292633558E-05; 0.0000000000000E+00; 2.0000000000000E-01; 1.4000000000000E+00; 0.0000000000000E+00; 2.0000000000000E-01; 2.0000000000000E-01; 1.4000000000000E+00
 1.7878534280000E+09; 0.0000000000000E+00; 0.0000000000000E+00; 1.1279766666667E+01; 1.9572886666667E+02; 1.8444910000000E+02; 5.0000000000000E+01; 3.0000000000000E+01; 2.0000000000000E+01; 2.2733333333333E-03; 2.1000000000000E+01; 1.2227272727273E+02; 2.2000000000000E+01; 5.6232353714605E-01; 4.0644326210022E+00; 7.2000000000000E+01; 1.0000000000000E+00; 4.9396196670651E+01; 4.5920037720848E+01; 2.7033100000000E+02; 2.8205800000000E+02; 1.0000000000000E+00; 1.0000000000000E+00; 1.0000000000000E+00; 1.0000000000000E+00; 1.0000000000000E+02; 4.0000000000000E-02; 5.9000000000000E-01;                 NAN; 4.0000000000000E-02; 2.8832160038385E+05; 3.9131503450354E+03; 5.4932766194986E+03; 1.4078540057045E+03; 1.1736200000000E-01; 5.2540980437384E-01; 2.8613703130808E-05; 4.0000000000000E+02; 4.0000000000000E-01; 5.9000000000000E+00; 0.0000000000000E+00; 4.0000000000000E-01; 4.0000000000000E-01; 5.9000000000000E+00
 1.7878534300000E+09; 0.0000000000000E+00; 0.0000000000000E+00; 1.1300480000000E+01; 1.9567069000000E+02; 1.8437021000000E+02; 5.0000000000000E+01; 2.0000000000000E+01; 3.0000000000000E+01; 2.2710000000000E-03; 2.0000000000000E+01; 1.0809523809524E+02; 2.1000000000000E+01; 5.6887063028131E-01; 2.3055270314217E-01; 7.0000000000000E+01; 1.0000000000000E+00; 4.9375621143185E+01; 4.1894873492017E+01; 2.7033800000000E+02; 2.8103900000000E+02; 1.0000000000000E+00; 1.0000000000000E+00; 1.0000000000000E+00; 1.0000000000000E+00; 1.0000000000000E+02; 1.0000000000000E-02; 1.0600000000000E+00;                 NAN; 1.0000000000000E-02; 2.8484366553004E+05; 5.8265132353333E+03; 8.5837972025295E+03; 7.5400089038083E+02; 1.4623800000000E-01; 7.2291294471741E-01; 2.8248943668130E-05; 1.0000000000000E+02; 1.0000000000000E-01; 9.5400000000000E+00; 0.0000000000000E+00; 1.0000000000000E-01; 1.0000000000000E-01; 9.5400000000000E+00
 1.7878534320000E+09; 0.0000000000000E+00; 0.0000000000000E+00; 1.1295640000000E+01; 1.9568385500000E+02; 1.8438821500000E+02; 4.0000000000000E+01; 2.0000000000000E+01; 2.0000000000000E+01; 2.2610000000000E-03; 2.0000000000000E+01; 1.2619047619048E+02; 2.1000000000000E+01; 5.6940647883450E-01; 2.2758550941944E-01; 6.8000000000000E+01; 1.0000000000000E+00; 4.8896187700574E+01; 4.1684627539904E+01; 2.7033100000000E+02; 2.8028600000000E+02; 1.0000000000000E+00; 1.0000000000000E+00; 1.0000000000000E+00; 1.0000000000000E+00; 1.0000000000000E+02; 2.0000000000000E-02; 9.8000000000000E-01;                 NAN; 2.0000000000000E-02; 4.3920956094877E+05; 5.7991371767430E+03; 8.5762084948095E+03; 7.6760693846972E+02; 1.6764625000000E-01; 7.3793686558379E-01; 2.9473062981356E-05; 3.0000000000000E+02; 2.0000000000000E-01; 9.8000000000000E+00; 0.0000000000000E+00; 2.0000000000000E-01; 2.0000000000000E-01; 9.8000000000000E+00
 1.7878534340000E+09; 0.0000000000000E+00; 0.0000000000000E+00; 1.1271240000000E+01; 1.9576140500000E+02; 1.8449016500000E+02; 4.0000000000000E+01; 2.0000000000000E+01; 2.0000000000000E+01; 2.2635000000000E-03; 2.0000000000000E+01; 1.4950000000000E+02; 2.0000000000000E+01; 5.7129683851293E-01; 1.6403199732304E-01; 6.6000000000000E+01; 1.0000000000000E+00; 4.8969544367689E+01; 4.1479045567005E+01; 2.7033400000000E+02; 2.7964200000000E+02; 1.0000000000000E+00; 1.0000000000000E+00; 1.0000000000000E+00; 1.0000000000000E+00; 1.0000000000000E+02; 4.0000000000000E-02; 9.5000000000000E-01;                 NAN; 4.0000000000000E-02; 3.0224550057689E+05; 5.8131768044913E+03; 8.5175978373124E+03; 7.7235633584890E+02; 1.6771266666667E-01; 7.3611080509253E-01; 2.9580816881876E-05; 3.0000000000000E+02; 4.0000000000000E-01; 9.5000000000000E+00; 0.0000000000000E+00; 4.0000000000000E-01; 4.0000000000000E-01; 9.5000000000000E+00
 1.7878534360000E+09; 0.0000000000000E+00; 0.0000000000000E+00; 1.1273586666667E+01; 1.9583495666667E+02; 1.8456137000000E+02; 5.0000000000000E+01; 3.0000000000000E+01; 2.0000000000000E+01; 2.2633333333333E-03; 2.1000000000000E+01; 1.6850000000000E+02; 2.0000000000000E+01; 5.7129090144779E-01; 1.9593556225300E-01; 6.6000000000000E+01; 1.0000000000000E+00; 4.8975126212148E+01; 4.1567581739363E+01; 2.7034000000000E+02; 2.7917000000000E+02; 1.0000000000000E+00; 1.0000000000000E+00; 1.0000000000000E+00; 1.0000000000000E+00; 1.0000000000000E+02; 4.0000000000000E-02; 9.3000000000000E-01;                 NAN; 4.0000000000000E-02; 3.5772995035236E+05; 5.8380126175306E+03; 8.4103871580340E+03; 7.7677282835629E+02; 1.6767633333333E-01; 7.3446937660024E-01; 2.9655295909842E-05; 3.0000000000000E+02; 4.0000000000000E-01; 9.3000000000000E+00; 0.0000000000000E+00; 4.0000000000000E-01; 4.0000000000000E-01; 9.3000000000000E+00
 1.7878534380000E+09; 0.0000000000000E+00; 0.0000000000000E+00; 1.1265550000000E+01; 1.9578188000000E+02; 1.8451633000000E+02; 2.0000000000000E+01; 1.0000000000000E+01; 1.0000000000000E+01; 2.2700000000000E-03; 2.0000000000000E+01; 1.7666666666667E+02; 9.0000000000000E+00; 5.7163452772299E-01; 1.6735422611237E-01; 3.0000000000000E+01; 1.0000000000000E+00; 4.8994488238002E+01; 4.1546294767210E+01;                 NAN;                 NAN; 1.0000000000000E+00; 1.0000000000000E+00; 0.0000000000000E+00; 0.0000000000000E+00;                 NAN; 3.0000000000000E-02; 9.3000000000000E-01;                 NAN; 3.0000000000000E-02; 3.4842920165266E+05; 5.7875322347167E+03;                 NAN;                 NAN; 1.6762966666667E-01;                 NAN; 2.8829328071058E-05; 0.0000000000000E+00; 3.0000000000000E-01; 9.3000000000000E+00; 0.0000000000000E+00; 3.0000000000000E-01; 3.0000000000000E-01; 9.3000000000000E+00
 1.7878534400000E+09; 0.0000000000000E+00; 0.0000000000000E+00; 1.1228180000000E+01; 1.9577762500000E+02; 1.8454944500000E+02; 4.0000000000000E+01; 2.0000000000000E+01; 2.0000000000000E+01; 2.2750000000000E-03; 2.0000000000000E+01; 1.8842105263158E+02; 1.9000000000000E+01; 5.7193762826541E-01; 2.6697042584419E-01; 6.3000000000000E+01; 1.0000000000000E+00; 4.8978106755964E+01; 4.1531414093261E+01; 2.7034300000000E+02; 2.7851900000000E+02; 1.0000000000000E+00; 1.0000000000000E+00; 1.0000000000000E+00; 1.0000000000000E+00; 1.0000000000000E+02; 4.0000000000000E-02; 9.2000000000000E-01;                 NAN; 4.0000000000000E-02; 3.4372152819411E+05; 5.8078528358448E+03; 8.3631595621169E+03; 7.8197304650566E+02; 1.6754766666667E-01; 7.3841098426894E-01; 2.8843738676020E-05; 2.0000000000000E+02; 4.0000000000000E-01; 9.2000000000000E+00; 0.0000000000000E+00; 4.0000000000000E-01; 4.0000000000000E-01; 9.2000000000000E+00
 1.7878534420000E+09; 0.0000000000000E+00; 0.0000000000000E+00; 1.1230900000000E+01; 1.9577426000000E+02; 1.8454336000000E+02; 5.0000000000000E+01; 2.0000000000000E+01; 3.0000000000000E+01; 2.2833333333333E-03; 2.1000000000000E+01; 1.9954545454545E+02; 2.2000000000000E+01; 5.7119618973870E-01; 1.6504640877247E-01; 6.9000000000000E+01; 1.0000000000000E+00; 4.8957883056082E+01; 4.1583243479181E+01; 2.7033700000000E+02; 2.7822900000000E+02; 1.0000000000000E+00; 1.0000000000000E+00; 1.0000000000000E+00; 1.0000000000000E+00; 1.0000000000000E+02; 4.0000000000000E-02; 9.3000000000000E-01;                 NAN; 4.0000000000000E-02; 3.4475288516792E+05; 5.7892613623315E+03; 8.3679226871752E+03; 7.8369665241912E+02; 1.6749066666667E-01; 7.3791153582555E-01; 2.8844952112156E-05; 3.0000000000000E+02; 4.0000000000000E-01; 9.3000000000000E+00; 0.0000000000000E+00; 4.0000000000000E-01; 4.0000000000000E-01; 9.3000000000000E+00
 1.7878534440000E+09; 0.0000000000000E+00; 0.0000000000000E+00; 1.1225055000000E+01; 1.9577099500000E+02; 1.8454594000000E+02; 4.0000000000000E+01; 2.0000000000000E+01; 2.0000000000000E+01; 2.2915000000000E-03; 2.0000000000000E+01; 2.0000000000000E+02; 2.0000000000000E+01; 5.7149465578444E-01; 2.7670890092850E-01; 6.8000000000000E+01; 1.0000000000000E+00; 4.8959476569840E+01; 4.1639351750099E+01; 2.7034100000000E+02; 2.7799700000000E+02; 1.0000000000000E+00; 1.0000000000000E+00; 1.0000000000000E+00; 1.0000000000000E+00; 1.0000000000000E+02; 4.0000000000000E-02; 9.3000000000000E-01;                 NAN; 4.0000000000000E-02; 4.2252859096930E+05; 5.8140967813463E+03; 8.3328854621701E+03; 7.8419443201436E+02; 1.6749050000000E-01; 7.3793866901025E-01; 2.8822569505585E-05; 3.0000000000000E+02; 4.0000000000000E-01; 9.3000000000000E+00; 0.0000000000000E+00; 4.0000000000000E-01; 4.0000000000000E-01; 9.3000000000000E+00
 1.7878534460000E+09; 0.0000000000000E+00; 0.0000000000000E+00; 1.1248621666667E+01; 1.9577664500000E+02; 1.8452802333333E+02; 5.0000000000000E+01; 2.0000000000000E+01; 3.0000000000000E+01; 2.3005000000000E-03; 2.0000000000000E+01; 2.0045454545455E+02; 2.2000000000000E+01; 5.5493178244574E-01; 1.9139601290226E-01; 7.0000000000000E+01; 1.0000000000000E+00; 4.9079510381571E+01; 4.2121312564166E+01; 2.7034700000000E+02; 2.7776900000000E+02; 1.0000000000000E+00; 1.0000000000000E+00; 1.0000000000000E+00; 1.0000000000000E+00; 1.0000000000000E+02; 4.0000000000000E-02; 9.3000000000000E-01;                 NAN; 4.0000000000000E-02; 3.6547215412252E+05; 5.7620554696027E+03; 8.1813938660360E+03; 8.0387010690366E+02; 1.6586175000000E-01; 7.3102727550459E-01; 2.8848193444727E-05; 4.0000000000000E+02; 4.0000000000000E-01; 9.3000000000000E+00; 0.0000000000000E+00; 4.0000000000000E-01; 4.0000000000000E-01; 9.3000000000000E+00
 1.7878534480000E+09;                 NAN; 0.0000000000000E+00; 1.1266440000000E+01; 1.9577255000000E+02; 1.8450611000000E+02; 3.0000000000000E+01; 2.0000000000000E+01; 1.0000000000000E+01; 2.3109523809524E-03; 2.1000000000000E+01; 2.0000000000000E+02; 1.0000000000000E+01; 5.6660034614581E-01; 2.5571036338806E-01; 2.7000000000000E+01; 1.0000000000000E+00;                 NAN;                 NAN; 2.7034500000000E+02; 2.7752700000000E+02; 0.0000000000000E+00; 0.0000000000000E+00; 1.0000000000000E+00; 1.0000000000000E+00;                 NAN; 3.0000000000000E-02; 9.3000000000000E-01;                 NAN; 3.0000000000000E-02; 3.5043727220529E+05; 5.7521835561628E+03;                 NAN;                 NAN; 1.6602600000000E-01;                 NAN; 2.8848243524737E-05; 0.0000000000000E+00; 3.0000000000000E-01; 9.3000000000000E+00; 0.0000000000000E+00; 3.0000000000000E-01; 3.0000000000000E-01; 9.3000000000000E+00
 1.7878534500000E+09; 0.0000000000000E+00; 0.0000000000000E+00; 1.1185510000000E+01; 1.9575934333333E+02; 1.8457383333333E+02; 6.0000000000000E+01; 3.0000000000000E+01; 3.0000000000000E+01; 2.3150000000000E-03; 2.0000000000000E+01; 2.0000000000000E+02; 1.7000000000000E+01; 5.6995254809574E-01; 2.2088272571564E+00; 5.9000000000000E+01; 1.0000000000000E+00; 4.9070642335651E+01; 4.2004956781799E+01; 2.7034500000000E+02;                 NAN; 1.0000000000000E+00; 1.0000000000000E+00; 1.0000000000000E+00; 0.0000000000000E+00; 1.0000000000000E+02; 4.0000000000000E-02; 9.5000000000000E-01;                 NAN; 4.0000000000000E-02; 3.5667167426991E+05; 5.7668708280611E+03; 8.1095837009621E+03; 8.0213069800023E+02; 1.6599200000000E-01; 7.3150438510182E-01; 2.8863293141986E-05; 2.0000000000000E+02; 4.0000000000000E-01; 9.5000000000000E+00; 0.0000000000000E+00; 4.0000000000000E-01; 4.0000000000000E-01; 9.5000000000000E+00
 1.7878534520000E+09; 0.0000000000000E+00; 0.0000000000000E+00; 1.1158855000000E+01; 1.9574834000000E+02; 1.8458948500000E+02; 4.0000000000000E+01; 2.0000000000000E+01; 2.0000000000000E+01; 2.3200000000000E-03; 2.0000000000000E+01; 2.0000000000000E+02; 1.9000000000000E+01; 5.7077112439275E-01; 1.9476896524429E-01; 6.0000000000000E+01; 1.0000000000000E+00; 4.9094639276666E+01; 4.2008863863795E+01; 2.7035500000000E+02; 2.7729200000000E+02; 1.0000000000000E+00; 1.0000000000000E+00; 1.0000000000000E+00; 1.0000000000000E+00; 1.0000000000000E+02; 4.0000000000000E-02; 9.5000000000000E-01;                 NAN; 4.0000000000000E-02; 3.9417238963241E+05; 5.7742776153150E+03; 8.1754601424465E+03; 8.0210872857975E+02; 1.6594600000000E-01; 7.3152396754156E-01; 2.8853207838293E-05; 2.0000000000000E+02; 4.0000000000000E-01; 9.5000000000000E+00; 0.0000000000000E+00; 4.0000000000000E-01; 4.0000000000000E-01; 9.5000000000000E+00
 1.7878534540000E+09; 0.0000000000000E+00; 0.0000000000000E+00; 1.1183840000000E+01; 1.9571786000000E+02; 1.8453402000000E+02; 4.0000000000000E+01; 2.0000000000000E+01; 2.0000000000000E+01; 2.3220000000000E-03; 2.0000000000000E+01; 2.0000000000000E+02; 2.1000000000000E+01; 5.6962265420486E-01; 1.3908989429474E+00; 6.8000000000000E+01; 1.0000000000000E+00; 4.9064479734095E+01; 4.2048767677632E+01; 2.7034900000000E+02; 2.7712300000000E+02; 1.0000000000000E+00; 1.0000000000000E+00; 1.0000000000000E+00; 1.0000000000000E+00; 1.0000000000000E+02; 4.0000000000000E-02; 9.5000000000000E-01;                 NAN; 4.0000000000000E-02; 3.8472851272236E+05; 5.7480686567591E+03; 8.2135651429129E+03; 7.9978570675794E+02; 1.6590600000000E-01; 7.3212977257078E-01; 2.8840874788809E-05; 3.0000000000000E+02; 4.0000000000000E-01; 9.5000000000000E+00; 0.0000000000000E+00; 4.0000000000000E-01; 4.0000000000000E-01; 9.5000000000000E+00
 1.7878534560000E+09; 0.0000000000000E+00; 0.0000000000000E+00; 1.1215630000000E+01; 1.9570884000000E+02; 1.8449321000000E+02; 4.0000000000000E+01; 2.0000000000000E+01; 2.0000000000000E+01; 2.3238095238095E-03; 2.1000000000000E+01; 1.9952380952381E+02; 2.1000000000000E+01; 5.5897353946311E-01; 3.0026882886887E-01; 7.0000000000000E+01; 1.0000000000000E+00; 4.9047270369848E+01; 4.1812152951861E+01; 2.7035600000000E+02; 2.7696700000000E+02; 1.0000000000000E+00; 1.0000000000000E+00; 1.0000000000000E+00; 1.0000000000000E+00; 1.0000000000000E+02; 4.0000000000000E-02; 9.5000000000000E-01;                 NAN; 4.0000000000000E-02; 3.7661938618865E+05; 5.7786351803501E+03; 8.1683558203256E+03; 7.9948646929468E+02; 1.6586133333333E-01; 7.3212292969394E-01; 2.8844908288286E-05; 3.0000000000000E+02; 4.0000000000000E-01; 9.5000000000000E+00; 0.0000000000000E+00; 4.0000000000000E-01; 4.0000000000000E-01; 9.5000000000000E+00
 1.7878534580000E+09; 0.0000000000000E+00; 0.0000000000000E+00; 1.1269260000000E+01; 1.9568484000000E+02; 1.8441558000000E+02; 5.0000000000000E+01; 2.0000000000000E+01; 3.0000000000000E+01; 2.3295000000000E-03; 2.0000000000000E+01; 1.9900000000000E+02; 2.0000000000000E+01; 5.6918100817880E-01; 2.3000998497009E+00; 6.7000000000000E+01; 1.0000000000000E+00; 4.9073766723203E+01; 4.1921959486688E+01; 2.7036400000000E+02; 2.7683300000000E+02; 1.0000000000000E+00; 1.0000000000000E+00; 1.0000000000000E+00; 1.0000000000000E+00; 1.0000000000000E+02; 3.0000000000000E-02; 9.6000000000000E-01;                 NAN; 3.0000000000000E-02; 4.1766673494091E+05; 5.7677947436689E+03; 8.1594754176745E+03; 8.0128033954600E+02; 1.6581650000000E-01; 7.3170557590660E-01; 2.8833816884506E-05; 3.0000000000000E+02; 3.0000000000000E-01; 9.6000000000000E+00; 0.0000000000000E+00; 3.0000000000000E-01; 3.0000000000000E-01; 9.6000000000000E+00
 1.7878534600000E+09; 0.0000000000000E+00; 0.0000000000000E+00; 1.1289851666667E+01; 1.9567440666667E+02; 1.8438455500000E+02; 5.0000000000000E+01; 3.0000000000000E+01; 2.0000000000000E+01; 2.3350000000000E-03; 2.0000000000000E+01; 1.9952380952381E+02; 2.1000000000000E+01; 5.7122072670390E-01; 2.2776304185390E-01; 6.8000000000000E+01; 1.0000000000000E+00; 4.9085467313367E+01; 4.2114452704216E+01; 2.7034800000000E+02; 2.7669600000000E+02; 1.0000000000000E+00; 1.0000000000000E+00; 1.0000000000000E+00; 1.0000000000000E+00; 1.0000000000000E+02; 4.0000000000000E-02; 9.5000000000000E-01;                 NAN; 4.0000000000000E-02; 4.0690300790825E+05; 5.7388775484150E+03; 8.1187870273460E+03; 7.9826774588103E+02; 1.6577475000000E-01; 7.3251210365237E-01; 2.8816599224712E-05; 3.0000000000000E+02; 4.0000000000000E-01; 9.5000000000000E+00; 0.0000000000000E+00; 4.0000000000000E-01; 4.0000000000000E-01; 9.5000000000000E+00
 1.7878534620000E+09; 0.0000000000000E+00; 0.0000000000000E+00; 1.1283480000000E+01; 1.9566488500000E+02; 1.8438140500000E+02; 4.0000000000000E+01; 2.0000000000000E+01; 2.0000000000000E+01; 2.3405000000000E-03; 2.0000000000000E+01; 1.9954545454545E+02; 2.2000000000000E+01; 5.7054315512521E-01; 4.2965832352638E-01; 7.0000000000000E+01; 1.0000000000000E+00; 4.9078454412222E+01; 4.2053720294401E+01; 2.7035700000000E+02; 2.7657000000000E+02; 1.0000000000000E+00; 1.0000000000000E+00; 1.0000000000000E+00; 1.0000000000000E+00; 1.0000000000000E+02; 4.0000000000000E-02; 9.6000000000000E-01;                 NAN; 4.0000000000000E-02; 3.6219034223193E+05; 5.7503864197382E+03; 8.2109817530508E+03; 8.0031173209290E+02; 1.6574100000000E-01; 7.3191364676706E-01; 2.8824994312603E-05; 3.0000000000000E+02; 4.0000000000000E-01; 9.6000000000000E+00; 0.0000000000000E+00; 4.0000000000000E-01; 4.0000000000000E-01; 9.6000000000000E+00
 1.7878534640000E+09; 0.0000000000000E+00; 0.0000000000000E+00; 1.1285071666667E+01; 1.9565700500000E+02; 1.8437193333333E+02; 5.0000000000000E+01; 2.0000000000000E+01; 3.0000000000000E+01; 2.3452380952381E-03; 2.1000000000000E+01; 1.9809523809524E+02; 2.1000000000000E+01; 5.9386082894272E-01; 1.6225676238537E-01; 7.2000000000000E+01; 1.0000000000000E+00; 4.9068236115256E+01; 4.1935413483781E+01; 2.7035600000000E+02; 2.7646100000000E+02; 1.0000000000000E+00; 1.0000000000000E+00; 1.0000000000000E+00; 1.0000000000000E+00; 1.0000000000000E+02; 4.0000000000000E-02; 9.6000000000000E-01;                 NAN; 4.0000000000000E-02; 3.8523063765777E+05; 5.7057630563559E+03; 8.1388082987775E+03; 7.9789831994936E+02; 1.6569600000000E-01; 7.3260359777070E-01; 2.8802791651006E-05; 3.0000000000000E+02; 4.0000000000000E-01; 9.6000000000000E+00; 0.0000000000000E+00; 4.0000000000000E-01; 4.0000000000000E-01; 9.6000000000000E+00
 1.7878534660000E+09; 0.0000000000000E+00; 0.0000000000000E+00; 1.1294078333333E+01; 1.9564492500000E+02; 1.8435084666667E+02; 5.0000000000000E+01; 2.0000000000000E+01; 3.0000000000000E+01; 2.3595000000000E-03; 2.0000000000000E+01; 1.9954545454545E+02; 2.2000000000000E+01; 5.6326123318035E-01; 1.2456490516663E+01; 7.3000000000000E+01; 1.0000000000000E+00; 4.9053004838612E+01; 4.1912632414515E+01; 2.7035600000000E+02; 2.7636300000000E+02; 1.0000000000000E+00; 1.0000000000000E+00; 1.0000000000000E+00; 1.0000000000000E+00; 1.0000000000000E+02; 3.0000000000000E-02; 9.6000000000000E-01;                 NAN; 3.0000000000000E-02; 3.3784946026296E+05; 5.7621482165478E+03; 8.1130954965559E+03; 7.9746710879192E+02; 1.6564900000000E-01; 7.3272062503009E-01; 2.8792983331894E-05; 4.0000000000000E+02; 3.0000000000000E-01; 9.6000000000000E+00; 0.0000000000000E+00; 3.0000000000000E-01; 3.0000000000000E-01; 9.6000000000000E+00
 1.7878534680000E+09; 0.0000000000000E+00; 0.0000000000000E+00; 1.1263931666667E+01; 1.9564425500000E+02; 1.8438032333333E+02; 5.0000000000000E+01; 2.0000000000000E+01; 3.0000000000000E+01; 2.3909090909091E-03; 2.2000000000000E+01; 1.9800000000000E+02; 1.5000000000000E+01; 5.8452168508687E-01; 4.4757046699524E+00; 4.4000000000000E+01; 1.0000000000000E+00; 4.9109782067059E+01; 4.2014222549802E+01;                 NAN; 2.7627200000000E+02; 1.0000000000000E+00; 1.0000000000000E+00; 0.0000000000000E+00; 1.0000000000000E+00; 1.0000000000000E+02; 4.0000000000000E-02; 9.5000000000000E-01;                 NAN; 4.0000000000000E-02; 3.6856557777848E+05; 5.7388386790787E+03; 7.9841278307824E+03; 7.9725847038087E+02; 1.6561550000000E-01; 7.3261726690848E-01; 2.8809892819205E-05; 1.0000000000000E+02; 4.0000000000000E-01; 9.5000000000000E+00; 0.0000000000000E+00; 4.0000000000000E-01; 4.0000000000000E-01; 9.5000000000000E+00
 1.7878534700000E+09;                 NAN; 0.0000000000000E+00; 1.1252785000000E+01; 1.9565467500000E+02; 1.8440189000000E+02; 4.0000000000000E+01; 2.0000000000000E+01; 2.0000000000000E+01; 2.4142105263158E-03; 1.9000000000000E+01; 1.9700000000000E+02; 1.0000000000000E+01; 5.4331664431095E-01; 7.9349842071533E+00; 3.5000000000000E+01; 1.0000000000000E+00;                 NAN;                 NAN; 2.7035900000000E+02; 2.7616200000000E+02; 0.0000000000000E+00; 0.0000000000000E+00; 1.0000000000000E+00; 1.0000000000000E+00;                 NAN; 4.0000000000000E-02; 9.6000000000000E-01;                 NAN; 4.0000000000000E-02; 3.6447457314544E+05; 5.7376809805298E+03;                 NAN;                 NAN; 1.6556500000000E-01;                 NAN; 2.8812193478207E-05; 0.0000000000000E+00; 4.0000000000000E-01; 9.6000000000000E+00; 0.0000000000000E+00; 4.0000000000000E-01; 4.0000000000000E-01; 9.6000000000000E+00
 1.7878534720000E+09; 0.0000000000000E+00; 0.0000000000000E+00; 1.1246385000000E+01; 1.9564446000000E+02; 1.8439807500000E+02; 4.0000000000000E+01; 2.0000000000000E+01; 2.0000000000000E+01; 2.4280000000000E-03; 2.0000000000000E+01; 1.9857142857143E+02; 2.1000000000000E+01; 5.6496691885202E-01; 5.3746598958969E-01; 6.9000000000000E+01; 1.0000000000000E+00; 4.9077060636028E+01; 4.1947345900826E+01; 2.7035900000000E+02; 2.7601800000000E+02; 1.0000000000000E+00; 1.0000000000000E+00; 1.0000000000000E+00; 1.0000000000000E+00; 1.0000000000000E+02; 4.0000000000000E-02; 9.6000000000000E-01;                 NAN; 4.0000000000000E-02; 4.0368977197389E+05; 5.7640735522801E+03; 8.0159358184599E+03; 7.9620136006672E+02; 1.6550033333333E-01; 7.3244454093073E-01; 2.8853508154133E-05; 3.0000000000000E+02; 4.0000000000000E-01; 9.6000000000000E+00; 0.0000000000000E+00; 4.0000000000000E-01; 4.0000000000000E-01; 9.6000000000000E+00
 1.7878534740000E+09; 0.0000000000000E+00; 0.0000000000000E+00; 1.1259410000000E+01; 1.9562642000000E+02; 1.8436701000000E+02; 5.0000000000000E+01; 2.0000000000000E+01; 3.0000000000000E+01; 2.4360000000000E-03; 2.0000000000000E+01; 1.9600000000000E+02; 2.0000000000000E+01; 5.6814164093046E-01; 1.5239150822163E-01; 6.6000000000000E+01; 1.0000000000000E+00; 4.9073555737611E+01; 4.1997478195220E+01; 2.7036700000000E+02; 2.7594100000000E+02; 2.0000000000000E+00; 1.0000000000000E+00; 1.0000000000000E+00; 1.0000000000000E+00; 1.0000000000000E+02; 4.0000000000000E-02; 9.5000000000000E-01;                 NAN; 4.0000000000000E-02; 3.4786804767457E+05; 5.7445423547460E+03; 8.0454833400080E+03; 7.9617199062924E+02; 1.6546575000000E-01; 7.3254100903561E-01; 2.8834343858396E-05; 3.0000000000000E+02; 4.0000000000000E-01; 9.5000000000000E+00; 0.0000000000000E+00; 4.0000000000000E-01; 4.0000000000000E-01; 9.5000000000000E+00
 1.7878534760000E+09; 0.0000000000000E+00; 0.0000000000000E+00; 1.1258210000000E+01; 1.9563539000000E+02; 1.8437718000000E+02; 4.0000000000000E+01; 2.0000000000000E+01; 2.0000000000000E+01; 2.4390000000000E-03; 2.0000000000000E+01; 1.9954545454545E+02; 2.2000000000000E+01; 5.7055599813876E-01; 2.1328216791153E-01; 6.9000000000000E+01; 1.0000000000000E+00; 4.9066336714813E+01; 4.1981630993639E+01; 2.7036600000000E+02; 2.7587500000000E+02; 1.0000000000000E+00; 1.0000000000000E+00; 1.0000000000000E+00; 1.0000000000000E+00; 1.0000000000000E+02; 3.0000000000000E-02; 9.6000000000000E-01;                 NAN; 3.0000000000000E-02; 4.1023959841517E+05; 5.7399562839841E+03; 8.0188421320548E+03; 7.9570273085896E+02; 1.6540775000000E-01; 7.3255781769118E-01; 2.8838761285108E-05; 3.0000000000000E+02; 3.0000000000000E-01; 9.6000000000000E+00; 0.0000000000000E+00; 3.0000000000000E-01; 3.0000000000000E-01; 9.6000000000000E+00
 1.7878534780000E+09; 0.0000000000000E+00; 0.0000000000000E+00; 1.1254690000000E+01; 1.9562067000000E+02; 1.8436598000000E+02; 5.0000000000000E+01; 2.0000000000000E+01; 3.0000000000000E+01; 2.4400000000000E-03; 2.1000000000000E+01; 1.9684210526316E+02; 1.9000000000000E+01; 5.7132271491922E-01; 1.9225828349590E-01; 6.4000000000000E+01; 1.0000000000000E+00; 4.9049378399855E+01; 4.1939093351081E+01; 2.7036300000000E+02; 2.7580800000000E+02; 1.0000000000000E+00; 1.0000000000000E+00; 1.0000000000000E+00; 1.0000000000000E+00; 1.0000000000000E+02; 4.0000000000000E-02; 9.6000000000000E-01;                 NAN; 4.0000000000000E-02; 4.0854776099597E+05; 5.7593960941158E+03; 8.0715594314289E+03; 7.9384667827186E+02; 1.6537400000000E-01; 7.3295427941600E-01; 2.8841838037954E-05; 2.0000000000000E+02; 4.0000000000000E-01; 9.6000000000000E+00; 0.0000000000000E+00; 4.0000000000000E-01; 4.0000000000000E-01; 9.6000000000000E+00
 1.7878534800000E+09; 0.0000000000000E+00; 0.0000000000000E+00; 1.1268025000000E+01; 1.9559288500000E+02; 1.8432486000000E+02; 4.0000000000000E+01; 2.0000000000000E+01; 2.0000000000000E+01; 2.4445000000000E-03; 2.0000000000000E+01; 1.9700000000000E+02; 2.0000000000000E+01; 5.7200629131118E-01; 1.4886638522148E-01; 6.7000000000000E+01; 1.0000000000000E+00; 4.9062496371210E+01; 4.1883135676409E+01; 2.7037200000000E+02; 2.7574000000000E+02; 1.0000000000000E+00; 1.0000000000000E+00; 1.0000000000000E+00; 1.0000000000000E+00; 1.0000000000000E+02; 4.0000000000000E-02; 9.6000000000000E-01;                 NAN; 4.0000000000000E-02; 3.8623583384647E+05; 5.7421886401607E+03; 8.0530720477280E+03; 7.9216290208706E+02; 1.6533766666667E-01; 7.3348583676533E-01; 2.8818373262927E-05; 3.0000000000000E+02; 4.0000000000000E-01; 9.6000000000000E+00; 0.0000000000000E+00; 4.0000000000000E-01; 4.0000000000000E-01; 9.6000000000000E+00
 1.7878534820000E+09; 0.0000000000000E+00; 0.0000000000000E+00; 1.1285480000000E+01; 1.9559636000000E+02; 1.8431088000000E+02; 4.0000000000000E+01; 2.0000000000000E+01; 2.0000000000000E+01; 2.4500000000000E-03; 2.0000000000000E+01; 1.9722222222222E+02; 1.8000000000000E+01; 5.7173400334517E-01; 1.9175106287003E-01; 6.0000000000000E+01; 1.0000000000000E+00; 4.9057011711145E+01; 4.2090375438089E+01; 2.7036200000000E+02; 2.7567200000000E+02; 1.0000000000000E+00; 1.0000000000000E+00; 1.0000000000000E+00; 1.0000000000000E+00; 1.0000000000000E+02; 4.0000000000000E-02; 9.6000000000000E-01;                 NAN; 4.0000000000000E-02; 3.4347481637856E+05; 5.7610168177290E+03; 8.0100424603369E+03; 7.9036651508060E+02; 1.6529466666667E-01; 7.3389627596838E-01; 2.8815766318178E-05; 2.0000000000000E+02; 4.0000000000000E-01; 9.6000000000000E+00; 0.0000000000000E+00; 4.0000000000000E-01; 4.0000000000000E-01; 9.6000000000000E+00
 1.7878534840000E+09; 0.0000000000000E+00; 0.0000000000000E+00; 1.1261660000000E+01; 1.9559978000000E+02; 1.8433812000000E+02; 4.0000000000000E+01; 2.0000000000000E+01; 2.0000000000000E+01; 2.4585714285714E-03; 2.1000000000000E+01; 1.9952380952381E+02; 2.1000000000000E+01; 5.7134669836723E-01; 1.4934824407101E-01; 6.6000000000000E+01; 1.0000000000000E+00; 4.9022415812193E+01; 4.2002649858430E+01; 2.7036700000000E+02; 2.7560800000000E+02; 1.0000000000000E+00; 1.0000000000000E+00; 1.0000000000000E+00; 1.0000000000000E+00; 1.0000000000000E+02; 4.0000000000000E-02; 9.6000000000000E-01;                 NAN; 4.0000000000000E-02; 3.5195344665404E+05; 5.7463218821428E+03; 8.1200787222770E+03; 7.9182994684101E+02; 1.6526666666667E-01; 7.3350034401758E-01; 2.8815971938571E-05; 3.0000000000000E+02; 4.0000000000000E-01; 9.6000000000000E+00; 0.0000000000000E+00; 4.0000000000000E-01; 4.0000000000000E-01; 9.6000000000000E+00
 1.7878534860000E+09; 0.0000000000000E+00; 0.0000000000000E+00; 1.1266222500000E+01; 1.9557739000000E+02; 1.8431116750000E+02; 6.0000000000000E+01; 2.0000000000000E+01; 4.0000000000000E+01; 2.4680000000000E-03; 2.0000000000000E+01; 1.9857142857143E+02; 2.1000000000000E+01; 5.7429495782080E-01; 1.2756353616714E-01; 7.1000000000000E+01; 1.0000000000000E+00; 4.9031637147606E+01; 4.1966010830455E+01; 2.7037400000000E+02; 2.7554900000000E+02; 1.0000000000000E+00; 1.0000000000000E+00; 1.0000000000000E+00; 1.0000000000000E+00; 1.0000000000000E+02; 3.0000000000000E-02; 9.6000000000000E-01;                 NAN; 3.0000000000000E-02; 3.6755123269634E+05; 5.7445225502358E+03; 8.0617506230461E+03; 7.9402345299152E+02; 1.6523725000000E-01; 7.3305025653224E-01; 2.8797446663730E-05; 4.0000000000000E+02; 3.0000000000000E-01; 9.6000000000000E+00; 0.0000000000000E+00; 3.0000000000000E-01; 3.0000000000000E-01; 9.6000000000000E+00
 1.7878534880000E+09; 0.0000000000000E+00; 0.0000000000000E+00; 1.1271886666667E+01; 1.9557698666667E+02; 1.8430510000000E+02; 5.0000000000000E+01; 3.0000000000000E+01; 2.0000000000000E+01; 2.4805000000000E-03; 2.0000000000000E+01; 1.9619047619048E+02; 2.1000000000000E+01; 5.7053956458398E-01; 3.1887838840485E+00; 7.0000000000000E+01; 1.0000000000000E+00; 4.9064437532409E+01; 4.2035103592254E+01; 2.7037700000000E+02; 2.7550900000000E+02; 1.0000000000000E+00; 1.0000000000000E+00; 1.0000000000000E+00; 1.0000000000000E+00; 1.0000000000000E+02; 4.0000000000000E-02; 9.5000000000000E-01;                 NAN; 4.0000000000000E-02; 3.6580448256449E+05; 5.7362702771396E+03; 8.0551710519910E+03; 7.9161576441895E+02; 1.6519675000000E-01; 7.3360107358498E-01; 2.8796729930887E-05; 3.0000000000000E+02; 4.0000000000000E-01; 9.5000000000000E+00; 0.0000000000000E+00; 4.0000000000000E-01; 4.0000000000000E-01; 9.5000000000000E+00
 1.7878534900000E+09; 0.0000000000000E+00; 0.0000000000000E+00; 1.1285283333333E+01; 1.9559957000000E+02; 1.8431428666667E+02; 5.0000000000000E+01; 2.0000000000000E+01; 3.0000000000000E+01; 2.4925000000000E-03; 2.0000000000000E+01; 1.9500000000000E+02; 2.2000000000000E+01; 5.6649753863681E-01; 1.7453125119209E-01; 7.3000000000000E+01; 1.0000000000000E+00; 4.9021110922032E+01; 4.1944409067060E+01; 2.7037400000000E+02; 2.7543900000000E+02; 1.0000000000000E+00; 1.0000000000000E+00; 1.0000000000000E+00; 1.0000000000000E+00; 1.0000000000000E+02; 4.0000000000000E-02; 9.6000000000000E-01;                 NAN; 4.0000000000000E-02; 4.1044544564697E+05; 5.7417351902249E+03; 8.0680880013016E+03; 7.9395602999302E+02; 1.6515150000000E-01; 7.3309930432507E-01; 2.8777732152416E-05; 3.0000000000000E+02; 4.0000000000000E-01; 9.6000000000000E+00; 0.0000000000000E+00; 4.0000000000000E-01; 4.0000000000000E-01; 9.6000000000000E+00
 1.7878534920000E+09; 0.0000000000000E+00; 0.0000000000000E+00; 1.1273516666667E+01; 1.9556386000000E+02; 1.8429034333333E+02; 5.0000000000000E+01; 2.0000000000000E+01; 3.0000000000000E+01; 2.4995238095238E-03; 2.1000000000000E+01; 1.9727272727273E+02; 2.2000000000000E+01; 5.7216304954509E-01; 1.2989670038223E-01; 7.1000000000000E+01; 1.0000000000000E+00; 4.9024941696877E+01; 4.1968799869484E+01; 2.7037300000000E+02; 2.7539700000000E+02; 1.0000000000000E+00; 1.0000000000000E+00; 1.0000000000000E+00; 1.0000000000000E+00; 1.0000000000000E+02; 4.0000000000000E-02; 9.6000000000000E-01;                 NAN; 4.0000000000000E-02; 4.1075978290537E+05; 5.7320010403571E+03; 8.0107690387356E+03; 7.8974073062548E+02; 1.6509400000000E-01; 7.3409291699737E-01; 2.8774595123462E-05; 3.0000000000000E+02; 4.0000000000000E-01; 9.6000000000000E+00; 0.0000000000000E+00; 4.0000000000000E-01; 4.0000000000000E-01; 9.6000000000000E+00
 1.7878534940000E+09; 0.0000000000000E+00; 0.0000000000000E+00; 1.1262975000000E+01; 1.9554316000000E+02; 1.8428018500000E+02; 5.0000000000000E+01; 3.0000000000000E+01; 2.0000000000000E+01; 2.5105000000000E-03; 2.0000000000000E+01; 1.9809523809524E+02; 2.1000000000000E+01; 5.7229717921721E-01; 1.3113936781883E-01; 7.3000000000000E+01; 1.0000000000000E+00; 4.9059669434912E+01; 4.1968539554131E+01; 2.7037800000000E+02; 2.7536100000000E+02; 1.0000000000000E+00; 1.0000000000000E+00; 1.0000000000000E+00; 1.0000000000000E+00; 1.0000000000000E+02; 4.0000000000000E-02; 9.6000000000000E-01;                 NAN; 4.0000000000000E-02; 3.3572404688127E+05; 5.7377478599096E+03; 7.9982961095575E+03; 7.9137071477071E+02; 1.6506600000000E-01; 7.3366976817377E-01; 2.8772731458857E-05; 4.0000000000000E+02; 4.0000000000000E-01; 9.6000000000000E+00; 0.0000000000000E+00; 4.0000000000000E-01; 4.0000000000000E-01; 9.6000000000000E+00
 1.7878534960000E+09; 0.0000000000000E+00; 0.0000000000000E+00; 1.1244213333333E+01; 1.9556349000000E+02; 1.8431927666667E+02; 5.0000000000000E+01; 2.0000000000000E+01; 3.0000000000000E+01; 2.5155000000000E-03; 2.0000000000000E+01; 1.9500000000000E+02; 2.2000000000000E+01; 5.7109177090440E-01; 2.0521751046181E-01; 7.0000000000000E+01; 1.0000000000000E+00; 4.9076849468073E+01; 4.1961920454813E+01; 2.7037600000000E+02; 2.7531500000000E+02; 1.0000000000000E+00; 1.0000000000000E+00; 1.0000000000000E+00; 1.0000000000000E+00; 1.0000000000000E+02; 3.0000000000000E-02; 9.6000000000000E-01;                 NAN; 3.0000000000000E-02; 3.6524431477857E+05; 5.7464978159409E+03; 7.9610387838896E+03; 7.8897147172248E+02; 1.6502666666667E-01; 7.3418430032970E-01; 2.8777426848714E-05; 3.0000000000000E+02; 3.0000000000000E-01; 9.6000000000000E+00; 0.0000000000000E+00; 3.0000000000000E-01; 3.0000000000000E-01; 9.6000000000000E+00
 1.7878534980000E+09; 0.0000000000000E+00; 0.0000000000000E+00; 1.1214145000000E+01; 1.9557951000000E+02; 1.8436536500000E+02; 5.0000000000000E+01; 3.0000000000000E+01; 2.0000000000000E+01; 2.5225000000000E-03; 2.0000000000000E+01; 1.9714285714286E+02; 2.1000000000000E+01; 5.7212587188515E-01; 2.1462628245354E-01; 7.2000000000000E+01; 1.0000000000000E+00; 4.9070304599387E+01; 4.1906241666675E+01; 2.7037800000000E+02; 2.7528000000000E+02; 1.0000000000000E+00; 1.0000000000000E+00; 1.0000000000000E+00; 1.0000000000000E+00; 1.0000000000000E+02; 4.0000000000000E-02; 9.6000000000000E-01;                 NAN; 4.0000000000000E-02; 4.3993478651032E+05; 5.7312544860046E+03; 7.9563563897645E+03; 7.9158356615029E+02; 1.6500300000000E-01; 7.3352805559301E-01; 2.8774873921370E-05; 3.0000000000000E+02; 4.0000000000000E-01; 9.6000000000000E+00; 0.0000000000000E+00; 4.0000000000000E-01; 4.0000000000000E-01; 9.6000000000000E+00
 1.7878535000000E+09; 0.0000000000000E+00; 0.0000000000000E+00; 1.1244447500000E+01; 1.9556531000000E+02; 1.8432086250000E+02; 6.0000000000000E+01; 2.0000000000000E+01; 4.0000000000000E+01; 2.5266666666667E-03; 2.1000000000000E+01; 1.9500000000000E+02; 2.2000000000000E+01; 5.7068452141654E-01; 2.1371330320835E-01; 7.1000000000000E+01; 1.0000000000000E+00; 4.9056969528492E+01; 4.2028775241625E+01; 2.7038600000000E+02; 2.7526200000000E+02; 1.0000000000000E+00; 1.0000000000000E+00; 1.0000000000000E+00; 1.0000000000000E+00; 1.0000000000000E+02; 4.0000000000000E-02; 9.6000000000000E-01;                 NAN; 4.0000000000000E-02; 3.3828498463385E+05; 5.7291617591955E+03; 7.9710494196053E+03; 7.8966972925784E+02; 1.6496280000000E-01; 7.3391980488273E-01; 2.8779819697757E-05; 4.0000000000000E+02; 4.0000000000000E-01; 9.6000000000000E+00; 0.0000000000000E+00; 4.0000000000000E-01; 4.0000000000000E-01; 9.6000000000000E+00
 1.7878535020000E+09; 0.0000000000000E+00; 0.0000000000000E+00; 1.1251183333333E+01; 1.9560674333333E+02; 1.8435556000000E+02; 5.0000000000000E+01; 3.0000000000000E+01; 2.0000000000000E+01; 2.5300000000000E-03; 2.0000000000000E+01; 1.9590909090909E+02; 2.2000000000000E+01; 5.8284931482540E-01; 1.8011057376862E-01; 7.2000000000000E+01; 1.0000000000000E+00; 4.9030626340692E+01; 4.1963296279984E+01; 2.7038200000000E+02; 2.7522200000000E+02; 1.0000000000000E+00; 1.0000000000000E+00; 1.0000000000000E+00; 1.0000000000000E+00; 1.0000000000000E+02; 4.0000000000000E-02; 9.6000000000000E-01;                 NAN; 4.0000000000000E-02; 3.4474387387801E+05; 5.7281762339865E+03; 7.9926853097007E+03; 7.8870176572916E+02; 1.6491100000000E-01; 7.3411195923883E-01; 2.8777755169575E-05; 3.0000000000000E+02; 4.0000000000000E-01; 9.6000000000000E+00; 0.0000000000000E+00; 4.0000000000000E-01; 4.0000000000000E-01; 9.6000000000000E+00
 1.7878535040000E+09; 0.0000000000000E+00; 0.0000000000000E+00; 1.1251160000000E+01; 1.9558288500000E+02; 1.8433172500000E+02; 4.0000000000000E+01; 2.0000000000000E+01; 2.0000000000000E+01; 2.5355000000000E-03; 2.0000000000000E+01; 1.9523809523810E+02; 2.1000000000000E+01; 5.7155572833358E-01; 1.3575473785400E+01; 6.9000000000000E+01; 1.0000000000000E+00; 4.9036734236006E+01; 4.1810928384679E+01; 2.7038400000000E+02; 2.7517600000000E+02; 1.0000000000000E+00; 1.0000000000000E+00; 1.0000000000000E+00; 1.0000000000000E+00; 1.0000000000000E+02; 4.0000000000000E-02; 9.6000000000000E-01;                 NAN; 4.0000000000000E-02; 4.1980062619179E+05; 5.7221545158910E+03; 7.9618460932215E+03; 7.9053301706299E+02; 1.6486700000000E-01; 7.3368072100976E-01; 2.8766883724512E-05; 3.0000000000000E+02; 4.0000000000000E-01; 9.6000000000000E+00; 0.0000000000000E+00; 4.0000000000000E-01; 4.0000000000000E-01; 9.6000000000000E+00
 1.7878535060000E+09; 0.0000000000000E+00; 0.0000000000000E+00; 1.1233071666667E+01; 1.9555141500000E+02; 1.8431834333333E+02; 5.0000000000000E+01; 2.0000000000000E+01; 3.0000000000000E+01; 2.5395238095238E-03; 2.1000000000000E+01; 1.9545454545455E+02; 2.2000000000000E+01; 5.7194086616986E-01; 1.7628113925457E-01; 7.3000000000000E+01; 1.0000000000000E+00; 4.9018711874898E+01; 4.1946267807717E+01; 2.7038700000000E+02; 2.7514000000000E+02; 1.0000000000000E+00; 1.0000000000000E+00; 1.0000000000000E+00; 1.0000000000000E+00; 1.0000000000000E+02; 3.0000000000000E-02; 9.5000000000000E-01;                 NAN; 3.0000000000000E-02; 3.3313581218948E+05; 5.7208703262002E+03; 7.9560334660317E+03; 7.8917873575519E+02; 1.6481800000000E-01; 7.3392908705205E-01; 2.8771079793326E-05; 3.0000000000000E+02; 3.0000000000000E-01; 9.5000000000000E+00; 0.0000000000000E+00; 3.0000000000000E-01; 3.0000000000000E-01; 9.5000000000000E+00
 1.7878535080000E+09; 0.0000000000000E+00; 0.0000000000000E+00; 1.1264946666667E+01; 1.9558542000000E+02; 1.8432047333333E+02; 6.0000000000000E+01; 3.0000000000000E+01; 3.0000000000000E+01; 2.5400000000000E-03; 2.0000000000000E+01; 1.9227272727273E+02; 2.2000000000000E+01; 5.7211115654925E-01; 1.8667896091938E-01; 7.1000000000000E+01; 1.0000000000000E+00; 4.9023510315128E+01; 4.2105841821904E+01; 2.7038600000000E+02; 2.7511300000000E+02; 1.0000000000000E+00; 1.0000000000000E+00; 1.0000000000000E+00; 1.0000000000000E+00; 1.0000000000000E+02; 4.0000000000000E-02; 9.6000000000000E-01;                 NAN; 4.0000000000000E-02; 3.8280524280913E+05; 5.7147169286885E+03; 7.9146184973044E+03; 7.8833989030316E+02; 1.6478975000000E-01; 7.3407564397734E-01; 2.8775149610513E-05; 4.0000000000000E+02; 4.0000000000000E-01; 9.6000000000000E+00; 0.0000000000000E+00; 4.0000000000000E-01; 4.0000000000000E-01; 9.6000000000000E+00
 1.7878535100000E+09; 0.0000000000000E+00; 0.0000000000000E+00; 1.1278090000000E+01; 1.9557158000000E+02; 1.8429349000000E+02; 4.0000000000000E+01; 2.0000000000000E+01; 2.0000000000000E+01; 2.5445000000000E-03; 2.0000000000000E+01; 1.9476190476190E+02; 2.1000000000000E+01; 5.7086485815900E-01; 1.8589277565479E-01; 7.0000000000000E+01; 1.0000000000000E+00; 4.9019721957853E+01; 4.1877713139914E+01; 2.7037600000000E+02; 2.7509600000000E+02; 1.0000000000000E+00; 1.0000000000000E+00; 1.0000000000000E+00; 1.0000000000000E+00; 1.0000000000000E+02; 4.0000000000000E-02; 9.6000000000000E-01;                 NAN; 4.0000000000000E-02; 3.6487632562833E+05; 5.7386650148656E+03; 7.9586168558938E+03; 7.8778426591427E+02; 1.6474466666667E-01; 7.3414228276092E-01; 2.8777740461756E-05; 3.0000000000000E+02; 4.0000000000000E-01; 9.6000000000000E+00; 0.0000000000000E+00; 4.0000000000000E-01; 4.0000000000000E-01; 9.6000000000000E+00
 1.7878535120000E+09;                 NAN; 0.0000000000000E+00; 1.1246315000000E+01; 1.9554765000000E+02; 1.8430133500000E+02; 5.0000000000000E+01; 3.0000000000000E+01; 2.0000000000000E+01; 2.5495000000000E-03; 2.0000000000000E+01; 1.9363636363636E+02; 2.2000000000000E+01; 5.7100443467288E-01; 1.8074458837509E-01; 7.1000000000000E+01; 1.0000000000000E+00;                 NAN; 4.1948907307743E+01; 2.7038400000000E+02; 2.7507600000000E+02; 0.0000000000000E+00; 1.0000000000000E+00; 1.0000000000000E+00; 1.0000000000000E+00; 1.0000000000000E+02; 4.0000000000000E-02; 9.6000000000000E-01;                 NAN; 4.0000000000000E-02; 4.3491017568222E+05; 5.7187319494605E+03; 7.9331058810053E+03; 7.8744659508448E+02; 1.6474420000000E-01; 7.3418322988623E-01; 2.8783959661939E-05; 3.0000000000000E+02; 4.0000000000000E-01; 9.6000000000000E+00; 0.0000000000000E+00; 4.0000000000000E-01; 4.0000000000000E-01; 9.6000000000000E+00
 1.7878535140000E+09; 0.0000000000000E+00; 0.0000000000000E+00; 1.1240285000000E+01; 1.9553685500000E+02; 1.8429657000000E+02; 5.0000000000000E+01; 2.0000000000000E+01; 3.0000000000000E+01; 2.5547619047619E-03; 2.1000000000000E+01; 1.9380952380952E+02; 2.1000000000000E+01; 5.5329759943975E-01; 1.0930394381285E-01; 7.3000000000000E+01; 1.0000000000000E+00; 4.8986820550378E+01; 4.1850717681494E+01; 2.7039300000000E+02; 2.7503200000000E+02; 2.0000000000000E+00; 1.0000000000000E+00; 1.0000000000000E+00; 1.0000000000000E+00; 1.0000000000000E+02; 4.0000000000000E-02; 9.6000000000000E-01;                 NAN; 4.0000000000000E-02; 4.1804960547763E+05; 5.7432633107418E+03; 7.9037198213235E+03; 7.8704057655951E+02; 1.6471125000000E-01; 7.3421290147031E-01; 2.8788671289453E-05; 4.0000000000000E+02; 4.0000000000000E-01; 9.6000000000000E+00; 0.0000000000000E+00; 4.0000000000000E-01; 4.0000000000000E-01; 9.6000000000000E+00
 1.7878535160000E+09; 0.0000000000000E+00; 0.0000000000000E+00; 1.1209255000000E+01; 1.9551116000000E+02; 1.8430190500000E+02; 5.0000000000000E+01; 3.0000000000000E+01; 2.0000000000000E+01; 2.5645000000000E-03; 2.0000000000000E+01; 1.8181818181818E+02; 2.2000000000000E+01; 5.6945274744235E-01; 1.1080021411180E-01; 7.1000000000000E+01; 1.0000000000000E+00; 4.9123879918352E+01; 4.2015711156629E+01; 2.7039500000000E+02; 2.7501200000000E+02; 1.0000000000000E+00; 1.0000000000000E+00; 1.0000000000000E+00; 1.0000000000000E+00; 1.0000000000000E+02; 3.0000000000000E-02; 9.6000000000000E-01;                 NAN; 3.0000000000000E-02; 3.7906026100954E+05; 5.6835717808894E+03; 7.6797722126501E+03; 8.2552456350764E+02; 1.6376000000000E-01; 7.2357688077130E-01; 2.8797256005402E-05; 3.0000000000000E+02; 3.0000000000000E-01; 9.6000000000000E+00; 0.0000000000000E+00; 3.0000000000000E-01; 3.0000000000000E-01; 9.6000000000000E+00
 1.7878535180000E+09; 0.0000000000000E+00; 0.0000000000000E+00; 1.1190941666667E+01; 1.9544276500000E+02; 1.8425182333333E+02; 5.0000000000000E+01; 2.0000000000000E+01; 3.0000000000000E+01; 2.5790000000000E-03; 2.0000000000000E+01; 1.4545454545455E+02; 2.2000000000000E+01; 5.7160217436651E-01; 1.3643972575665E-01; 7.2000000000000E+01; 1.0000000000000E+00; 4.9089566592961E+01; 4.4919922027801E+01; 2.7038900000000E+02; 2.7488100000000E+02; 1.0000000000000E+00; 1.0000000000000E+00; 1.0000000000000E+00; 1.0000000000000E+00; 1.0000000000000E+02; 4.0000000000000E-02; 9.7000000000000E-01;                 NAN; 4.0000000000000E-02; 3.8302915846908E+05; 5.7090531815576E+03; 7.8677138251201E+03; 7.7405855591343E+02; 1.5752500000000E-01; 7.2876996071055E-01; 2.8781047305131E-05; 3.0000000000000E+02; 4.0000000000000E-01; 9.7000000000000E+00; 0.0000000000000E+00; 4.0000000000000E-01; 4.0000000000000E-01; 9.7000000000000E+00
 1.7878535200000E+09; 0.0000000000000E+00; 0.0000000000000E+00; 1.1189610000000E+01; 1.9548016000000E+02; 1.8429055000000E+02; 5.0000000000000E+01; 3.0000000000000E+01; 2.0000000000000E+01; 2.5790476190476E-03; 2.1000000000000E+01; 1.5090909090909E+02; 2.2000000000000E+01; 5.7111951224293E-01; 2.2761087119579E-01; 7.0000000000000E+01; 1.0000000000000E+00; 4.9074526798663E+01; 4.1949241899670E+01; 2.7039500000000E+02; 2.7476400000000E+02; 1.0000000000000E+00; 1.0000000000000E+00; 1.0000000000000E+00; 1.0000000000000E+00; 1.0000000000000E+02; 4.0000000000000E-02; 9.6000000000000E-01;                 NAN; 4.0000000000000E-02; 3.8951341905666E+05; 5.7024467667693E+03; 7.8631525273948E+03; 7.8480664018895E+02; 1.6348725000000E-01; 7.3332986833739E-01; 2.8785900351452E-05; 4.0000000000000E+02; 4.0000000000000E-01; 9.6000000000000E+00; 0.0000000000000E+00; 4.0000000000000E-01; 4.0000000000000E-01; 9.6000000000000E+00
 1.7878535220000E+09; 0.0000000000000E+00; 0.0000000000000E+00; 1.1202560000000E+01; 1.9548771000000E+02; 1.8428515000000E+02; 5.0000000000000E+01; 2.0000000000000E+01; 3.0000000000000E+01; 2.5835000000000E-03; 2.0000000000000E+01; 1.5952380952381E+02; 2.1000000000000E+01; 5.7007795620972E-01; 1.8962077796459E-01; 7.1000000000000E+01; 1.0000000000000E+00; 4.9060850782413E+01; 4.1944000150996E+01; 2.7039500000000E+02; 2.7467500000000E+02; 1.0000000000000E+00; 1.0000000000000E+00; 1.0000000000000E+00; 1.0000000000000E+00; 1.0000000000000E+02; 4.0000000000000E-02; 9.7000000000000E-01;                 NAN; 4.0000000000000E-02; 3.2518413041228E+05; 5.7052790425250E+03; 7.8686825963184E+03; 7.8642330398742E+02; 1.6348433333333E-01; 7.3305550969014E-01; 2.8766528965359E-05; 3.0000000000000E+02; 4.0000000000000E-01; 9.7000000000000E+00; 0.0000000000000E+00; 4.0000000000000E-01; 4.0000000000000E-01; 9.7000000000000E+00
 1.7878535240000E+09; 0.0000000000000E+00; 0.0000000000000E+00; 1.1214455000000E+01; 1.9545687000000E+02; 1.8424241500000E+02; 4.0000000000000E+01; 2.0000000000000E+01; 2.0000000000000E+01; 2.5925000000000E-03; 2.0000000000000E+01; 1.4681818181818E+02; 2.2000000000000E+01; 5.7308731164018E-01; 7.1237765252590E-02; 7.3000000000000E+01; 1.0000000000000E+00; 4.9163019359761E+01; 4.2022633654936E+01; 2.7039900000000E+02; 2.7459800000000E+02; 1.0000000000000E+00; 1.0000000000000E+00; 1.0000000000000E+00; 1.0000000000000E+00; 1.0000000000000E+02; 4.0000000000000E-02; 9.7000000000000E-01;                 NAN; 4.0000000000000E-02; 3.5451582909627E+05; 5.4920478412491E+03; 7.3541036281552E+03; 8.4441753775497E+02; 1.6069400000000E-01; 7.1535204606137E-01; 2.8774928695922E-05; 3.0000000000000E+02; 4.0000000000000E-01; 9.7000000000000E+00; 0.0000000000000E+00; 4.0000000000000E-01; 4.0000000000000E-01; 9.7000000000000E+00
 1.7878535260000E+09; 0.0000000000000E+00; 0.0000000000000E+00; 1.1222567500000E+01; 1.9542727250000E+02; 1.8420470500000E+02; 6.0000000000000E+01; 4.0000000000000E+01; 2.0000000000000E+01; 2.6225000000000E-03; 2.0000000000000E+01; 1.1238095238095E+02; 2.1000000000000E+01; 5.7384289958706E-01; 1.8064315617085E-01; 7.3000000000000E+01; 1.0000000000000E+00; 4.8140636425927E+01; 4.3742382976120E+01; 2.7039300000000E+02; 2.7442200000000E+02; 1.0000000000000E+00; 1.0000000000000E+00; 1.0000000000000E+00; 1.0000000000000E+00; 1.0000000000000E+02; 4.0000000000000E-02; 9.8000000000000E-01;                 NAN; 4.0000000000000E-02; 4.6608077755666E+05; 5.9522171119203E+03; 6.6254897936587E+03; 1.0386349562692E+03; 1.5819000000000E-01; 6.6957864752837E-01; 2.8560525649519E-05; 4.0000000000000E+02; 4.0000000000000E-01; 9.8000000000000E+00; 0.0000000000000E+00; 4.0000000000000E-01; 4.0000000000000E-01; 9.8000000000000E+00
 1.7878535280000E+09; 0.0000000000000E+00; 0.0000000000000E+00; 1.1188878333333E+01; 1.9541576500000E+02; 1.8422688666667E+02; 5.0000000000000E+01; 2.0000000000000E+01; 3.0000000000000E+01; 2.6280952380952E-03; 2.1000000000000E+01; 1.0386363636364E+02; 2.2000000000000E+01; 5.7443314029939E-01; 1.6431096196175E-01; 7.2000000000000E+01; 1.0000000000000E+00; 4.8319667769003E+01; 4.5338057990254E+01; 2.7039200000000E+02; 2.7419600000000E+02; 1.0000000000000E+00; 1.0000000000000E+00; 1.0000000000000E+00; 1.0000000000000E+00; 1.0000000000000E+02; 3.0000000000000E-02; 9.5000000000000E-01;                 NAN; 3.0000000000000E-02; 3.8509727228001E+05; 5.8888718376503E+03; 9.0239422502901E+03; 6.6662779937375E+02; 1.4452266666667E-01; 7.4243395345013E-01; 2.8580309623473E-05; 3.0000000000000E+02; 3.0000000000000E-01; 9.5000000000000E+00; 0.0000000000000E+00; 3.0000000000000E-01; 3.0000000000000E-01; 9.5000000000000E+00
 1.7878535300000E+09; 0.0000000000000E+00; 0.0000000000000E+00; 1.1200955000000E+01; 1.9544595000000E+02; 1.8424499500000E+02; 5.0000000000000E+01; 3.0000000000000E+01; 2.0000000000000E+01; 2.6355000000000E-03; 2.0000000000000E+01; 1.0018181818182E+02; 2.2000000000000E+01; 5.7305341319905E-01; 1.7967945337296E-01; 7.2000000000000E+01; 1.0000000000000E+00; 4.7994910689423E+01; 4.2760837397353E+01; 2.7039500000000E+02; 2.7413500000000E+02; 1.0000000000000E+00; 1.0000000000000E+00; 1.0000000000000E+00; 1.0000000000000E+00; 1.0000000000000E+02; 4.0000000000000E-02; 9.4000000000000E-01;                 NAN; 4.0000000000000E-02; 3.2522895246997E+05; 5.4032915964983E+03; 5.8146353112486E+03; 1.1027945698472E+03; 1.5512050000000E-01; 6.5148647639566E-01; 2.8593834787305E-05; 3.0000000000000E+02; 4.0000000000000E-01; 9.4000000000000E+00; 0.0000000000000E+00; 4.0000000000000E-01; 4.0000000000000E-01; 9.4000000000000E+00
 1.7878535320000E+09;                 NAN; 0.0000000000000E+00; 1.1143613333333E+01; 1.9539829000000E+02; 1.8425467666667E+02; 4.0000000000000E+01; 1.0000000000000E+01; 3.0000000000000E+01; 2.6365000000000E-03; 2.0000000000000E+01; 1.0833333333333E+02; 1.2000000000000E+01; 5.7205104511035E-01; 1.9750791788101E-01; 3.8000000000000E+01; 1.0000000000000E+00;                 NAN; 4.2359833256703E+01; 2.7036200000000E+02;                 NAN; 0.0000000000000E+00; 1.0000000000000E+00; 1.0000000000000E+00; 0.0000000000000E+00; 1.0000000000000E+02; 4.0000000000000E-02; 9.8000000000000E-01;                 NAN; 4.0000000000000E-02; 3.7564764099350E+05; 5.7426734198832E+03; 7.2265487537124E+03; 8.5119366310470E+02; 1.4694700000000E-01; 6.9555126739436E-01; 2.8714480480040E-05; 1.0000000000000E+02; 4.0000000000000E-01; 9.8000000000000E+00; 0.0000000000000E+00; 4.0000000000000E-01; 4.0000000000000E-01; 9.8000000000000E+00
 1.7878535340000E+09; 0.0000000000000E+00; 0.0000000000000E+00; 1.1092500000000E+01; 1.9547515000000E+02; 1.8438265000000E+02; 5.0000000000000E+01; 3.0000000000000E+01; 2.0000000000000E+01; 2.6319047619048E-03; 2.1000000000000E+01; 1.5100000000000E+02; 2.0000000000000E+01; 5.7185615284102E-01; 1.9547906517982E-01; 6.3000000000000E+01; 1.0000000000000E+00; 4.8092660760633E+01; 3.5351981170174E+01; 2.7040100000000E+02; 2.7393100000000E+02; 1.0000000000000E+00; 1.0000000000000E+00; 1.0000000000000E+00; 1.0000000000000E+00; 1.0000000000000E+02; 4.0000000000000E-02; 9.7000000000000E-01;                 NAN; 4.0000000000000E-02; 4.0624153181812E+05; 6.3304176822874E+03; 1.0397821271345E+04; 6.0803386275062E+02; 1.6946775000000E-01; 7.8898022293298E-01; 2.8326957835779E-05; 1.0000000000000E+02; 4.0000000000000E-01; 9.7000000000000E+00; 0.0000000000000E+00; 4.0000000000000E-01; 4.0000000000000E-01; 9.7000000000000E+00
 1.7878535360000E+09; 0.0000000000000E+00; 0.0000000000000E+00; 1.1141285000000E+01; 1.9558760000000E+02; 1.8444631500000E+02; 4.0000000000000E+01; 2.0000000000000E+01; 2.0000000000000E+01; 2.6280000000000E-03; 2.0000000000000E+01; 2.3368421052632E+02; 1.9000000000000E+01; 5.7190779593544E-01; 2.0313794910908E-01; 6.9000000000000E+01; 1.0000000000000E+00; 4.8665499007906E+01; 3.5294214086802E+01; 2.7040400000000E+02; 2.7382500000000E+02; 1.0000000000000E+00; 1.0000000000000E+00; 1.0000000000000E+00; 1.0000000000000E+00; 1.0000000000000E+02; 4.0000000000000E-02; 9.1000000000000E-01;                 NAN; 4.0000000000000E-02; 3.8081304674097E+05; 6.2841624860202E+03; 1.0539100404430E+04; 6.1998558540452E+02; 1.7905966666667E-01; 7.9881447041356E-01; 2.7640799016447E-05; 3.0000000000000E+02; 4.0000000000000E-01; 9.1000000000000E+00; 0.0000000000000E+00; 4.0000000000000E-01; 4.0000000000000E-01; 9.1000000000000E+00
 1.7878535380000E+09; 0.0000000000000E+00; 0.0000000000000E+00; 1.1163965000000E+01; 1.9562735500000E+02; 1.8446339000000E+02; 4.0000000000000E+01; 2.0000000000000E+01; 2.0000000000000E+01; 2.6335000000000E-03; 2.0000000000000E+01; 3.5500000000000E+02; 2.2000000000000E+01; 5.7224135662335E-01; 2.5540602207184E-01; 6.9000000000000E+01; 1.0000000000000E+00; 4.8708630110338E+01; 3.5815476742378E+01; 2.7040300000000E+02; 2.7423100000000E+02; 1.0000000000000E+00; 1.0000000000000E+00; 1.0000000000000E+00; 1.0000000000000E+00; 1.0000000000000E+02; 3.0000000000000E-02; 8.7000000000000E-01;                 NAN; 3.0000000000000E-02; 4.6199945895274E+05; 6.3169249926832E+03; 1.0624029346148E+04; 6.2888586227387E+02; 1.8045925000000E-01; 7.9664497976914E-01; 2.7834343831884E-05; 3.0000000000000E+02; 3.0000000000000E-01; 8.7000000000000E+00; 0.0000000000000E+00; 3.0000000000000E-01; 3.0000000000000E-01; 8.7000000000000E+00
 1.7878535400000E+09; 0.0000000000000E+00; 0.0000000000000E+00; 1.1134653333333E+01; 1.9568080000000E+02; 1.8454614666667E+02; 5.0000000000000E+01; 2.0000000000000E+01; 3.0000000000000E+01; 2.6445000000000E-03; 2.0000000000000E+01; 4.5428571428571E+02; 2.1000000000000E+01; 5.7261103595646E-01; 1.6393055021763E-01; 7.1000000000000E+01; 1.0000000000000E+00; 4.8746152283464E+01; 3.5911401496492E+01; 2.7040800000000E+02; 2.7482500000000E+02; 1.0000000000000E+00; 1.0000000000000E+00; 1.0000000000000E+00; 1.0000000000000E+00; 1.0000000000000E+02; 4.0000000000000E-02; 8.6000000000000E-01;                 NAN; 4.0000000000000E-02; 4.3007984363846E+05; 6.3225980587263E+03; 1.0292951789129E+04; 6.4590739362228E+02; 1.8040980000000E-01; 7.9465370311169E-01; 2.7427260388689E-05; 4.0000000000000E+02; 4.0000000000000E-01; 8.6000000000000E+00; 0.0000000000000E+00; 4.0000000000000E-01; 4.0000000000000E-01; 8.6000000000000E+00
 1.7878535420000E+09; 0.0000000000000E+00; 0.0000000000000E+00; 1.1116755000000E+01; 1.9574096000000E+02; 1.8462420500000E+02; 5.0000000000000E+01; 3.0000000000000E+01; 2.0000000000000E+01; 2.6566666666667E-03; 2.1000000000000E+01; 5.5714285714286E+02; 2.1000000000000E+01; 5.7215897624761E-01; 1.7625577747822E-01; 7.1000000000000E+01; 1.0000000000000E+00; 4.8774088145707E+01; 3.6838875724511E+01; 2.7040800000000E+02; 2.7550200000000E+02; 1.0000000000000E+00; 1.0000000000000E+00; 1.0000000000000E+00; 1.0000000000000E+00; 1.0000000000000E+02; 4.0000000000000E-02; 8.5000000000000E-01;                 NAN; 4.0000000000000E-02; 4.0605458038373E+05; 6.3261941581003E+03; 1.0212301586870E+04; 6.5538302657694E+02; 1.7999633333333E-01; 7.9260523618291E-01; 2.7308189981771E-05; 3.0000000000000E+02; 4.0000000000000E-01; 8.5000000000000E+00; 0.0000000000000E+00; 4.0000000000000E-01; 4.0000000000000E-01; 8.5000000000000E+00
 1.7878535440000E+09; 0.0000000000000E+00; 0.0000000000000E+00; 1.1086650000000E+01; 1.9568800000000E+02; 1.8460135000000E+02; 4.0000000000000E+01; 2.0000000000000E+01; 2.0000000000000E+01; 2.6765000000000E-03; 2.0000000000000E+01; 4.6181818181818E+02; 2.2000000000000E+01; 5.7290468136190E-01; 2.0963025093079E-01; 7.1000000000000E+01; 1.0000000000000E+00; 4.8113013018026E+01; 4.1301737685916E+01; 2.7041000000000E+02; 2.7610700000000E+02; 1.0000000000000E+00; 1.0000000000000E+00; 1.0000000000000E+00; 1.0000000000000E+00; 1.0000000000000E+02; 3.0000000000000E-02; 8.5000000000000E-01;                 NAN; 3.0000000000000E-02; 3.4983411729226E+05; 5.5840073107182E+03; 7.6397296697870E+03; 8.1287749552942E+02; 1.7089750000000E-01; 7.4376478049410E-01; 2.7523104548339E-05; 3.0000000000000E+02; 3.0000000000000E-01; 8.5000000000000E+00; 0.0000000000000E+00; 3.0000000000000E-01; 3.0000000000000E-01; 8.5000000000000E+00
 1.7878535460000E+09; 0.0000000000000E+00; 0.0000000000000E+00; 1.1158780000000E+01; 1.9545972000000E+02; 1.8430094000000E+02; 5.0000000000000E+01; 2.0000000000000E+01; 3.0000000000000E+01; 2.6995000000000E-03; 2.0000000000000E+01; 2.9761904761905E+02; 2.1000000000000E+01; 5.7333302962948E-01; 1.6479280591011E-01; 7.1000000000000E+01; 1.0000000000000E+00; 4.8171870168295E+01; 4.0859862240051E+01; 2.7040600000000E+02; 2.7663500000000E+02; 1.0000000000000E+00; 1.0000000000000E+00; 1.0000000000000E+00; 1.0000000000000E+00; 1.0000000000000E+02; 4.0000000000000E-02; 9.1000000000000E-01;                 NAN; 4.0000000000000E-02; 2.8681027251663E+05; 5.7120435549175E+03; 7.8901570245474E+03; 7.4504389091362E+02; 1.5193900000000E-01; 7.3659122689920E-01; 2.7712435537565E-05; 3.0000000000000E+02; 4.0000000000000E-01; 9.1000000000000E+00; 0.0000000000000E+00; 4.0000000000000E-01; 4.0000000000000E-01; 9.1000000000000E+00
 1.7878535480000E+09; 0.0000000000000E+00; 0.0000000000000E+00; 1.1167905000000E+01; 1.9535553000000E+02; 1.8418762500000E+02; 4.0000000000000E+01; 2.0000000000000E+01; 2.0000000000000E+01; 2.7138095238095E-03; 2.1000000000000E+01; 1.8523809523810E+02; 2.1000000000000E+01; 5.7324475893203E-01; 1.5272119641304E-01; 6.8000000000000E+01; 1.0000000000000E+00; 4.8740396644666E+01; 4.6080373262472E+01; 2.7041000000000E+02; 2.7667800000000E+02; 1.0000000000000E+00; 1.0000000000000E+00; 1.0000000000000E+00; 1.0000000000000E+00; 1.0000000000000E+02; 1.0000000000000E-02; 9.4000000000000E-01;                 NAN; 1.0000000000000E-02; 1.1102084855780E+05; 2.3647504624937E+03; 4.6359977137115E+03; 1.2917149491602E+03; 1.0936025000000E-01; 5.3590089020136E-01; 2.7861382472083E-05; 2.0000000000000E+02; 1.0000000000000E-01; 9.4000000000000E+00; 0.0000000000000E+00; 1.0000000000000E-01; 1.0000000000000E-01; 9.4000000000000E+00
 1.7878535500000E+09; 0.0000000000000E+00; 0.0000000000000E+00; 1.1166470000000E+01; 1.9526200000000E+02; 1.8409553000000E+02; 6.0000000000000E+01; 3.0000000000000E+01; 3.0000000000000E+01; 2.7520000000000E-03; 2.0000000000000E+01; 8.8380952380952E+01; 2.1000000000000E+01; 5.7139960704342E-01; 1.9662028551102E-01; 6.3000000000000E+01; 1.0000000000000E+00; 4.8642470532791E+01; 4.4057812983864E+01;                 NAN; 2.7658000000000E+02; 1.0000000000000E+00; 1.0000000000000E+00; 0.0000000000000E+00; 1.0000000000000E+00;                 NAN; 3.0000000000000E-02; 1.8000000000000E-01;                 NAN; 3.0000000000000E-02; 3.3727535708608E+05; 5.3400237211057E+03;                 NAN;                 NAN; 1.0673133333333E-01;                 NAN; 2.7968542326848E-05; 0.0000000000000E+00; 3.0000000000000E-01; 1.8000000000000E+00; 0.0000000000000E+00; 3.0000000000000E-01; 3.0000000000000E-01; 1.8000000000000E+00
 1.7878535520000E+09; 0.0000000000000E+00; 0.0000000000000E+00; 1.1166485000000E+01; 1.9524989000000E+02; 1.8408340500000E+02; 4.0000000000000E+01; 2.0000000000000E+01; 2.0000000000000E+01; 2.7215000000000E-03; 2.0000000000000E+01; 1.1110000000000E+02; 2.0000000000000E+01; 5.7176288821016E-01; 1.8721152842045E-01; 7.0000000000000E+01; 1.0000000000000E+00; 4.8920395242068E+01; 3.5870165506908E+01; 2.7041600000000E+02; 2.7609300000000E+02; 1.0000000000000E+00; 1.0000000000000E+00; 2.0000000000000E+00; 1.0000000000000E+00; 1.0000000000000E+02; 4.0000000000000E-02; 6.2000000000000E-01;                 NAN; 4.0000000000000E-02; 4.7099619294052E+05; 6.5653282568938E+03; 1.1101149161310E+04; 5.9104228925501E+02; 1.7330600000000E-01; 7.9662302264105E-01; 2.8446417141543E-05; 3.0000000000000E+02; 4.0000000000000E-01; 6.2000000000000E+00; 0.0000000000000E+00; 4.0000000000000E-01; 4.0000000000000E-01; 6.2000000000000E+00
 1.7878535540000E+09; 0.0000000000000E+00; 0.0000000000000E+00; 1.1145955000000E+01; 1.9537621500000E+02; 1.8423026000000E+02; 5.0000000000000E+01; 2.0000000000000E+01; 3.0000000000000E+01; 2.6975000000000E-03; 2.0000000000000E+01; 1.9454545454545E+02; 2.2000000000000E+01; 5.7147579437670E-01; 2.1138012409210E-01; 6.8000000000000E+01; 1.0000000000000E+00; 4.9073513372483E+01; 3.5992832655884E+01; 2.7041200000000E+02; 2.7555600000000E+02; 1.0000000000000E+00; 1.0000000000000E+00; 1.0000000000000E+00; 1.0000000000000E+00; 1.0000000000000E+02; 3.0000000000000E-02; 7.5000000000000E-01;                 NAN; 3.0000000000000E-02; 4.9866875321790E+05; 6.5005829890172E+03; 1.1227735264554E+04; 6.0733107600190E+02; 1.8442750000000E-01; 8.0410776797724E-01; 2.8111675383448E-05; 3.0000000000000E+02; 3.0000000000000E-01; 7.5000000000000E+00; 0.0000000000000E+00; 3.0000000000000E-01; 3.0000000000000E-01; 7.5000000000000E+00
 1.7878535560000E+09; 0.0000000000000E+00; 0.0000000000000E+00; 1.1083070000000E+01; 1.9547221500000E+02; 1.8438914500000E+02; 4.0000000000000E+01; 2.0000000000000E+01; 2.0000000000000E+01; 2.7014285714286E-03; 2.1000000000000E+01; 3.5380952380952E+02; 2.1000000000000E+01; 5.7235419606659E-01; 9.7004078328609E-02; 7.1000000000000E+01; 1.0000000000000E+00; 4.8949205255744E+01; 3.6178397440312E+01;                 NAN; 2.7597700000000E+02; 1.0000000000000E+00; 1.0000000000000E+00; 0.0000000000000E+00; 1.0000000000000E+00; 1.0000000000000E+02; 4.0000000000000E-02; 8.1000000000000E-01;                 NAN; 4.0000000000000E-02; 4.5408270024560E+05; 6.5284780889819E+03; 1.1219823633102E+04; 6.1757885969248E+02; 1.8521600000000E-01; 7.8399740125307E-01; 3.1398870758678E-05; 3.0000000000000E+02; 4.0000000000000E-01; 8.1000000000000E+00; 0.0000000000000E+00; 4.0000000000000E-01; 4.0000000000000E-01; 8.1000000000000E+00
 1.7878535580000E+09; 0.0000000000000E+00; 0.0000000000000E+00; 1.1150500000000E+01; 1.9555655000000E+02; 1.8440605000000E+02; 5.0000000000000E+01; 2.0000000000000E+01; 3.0000000000000E+01; 2.7105000000000E-03; 2.0000000000000E+01; 5.2136363636364E+02; 2.2000000000000E+01; 5.7136182432515E-01; 1.7224881052971E-01; 7.0000000000000E+01; 1.0000000000000E+00; 4.8907597296393E+01; 3.5812235603006E+01; 2.7041200000000E+02; 2.7659200000000E+02; 1.0000000000000E+00; 1.0000000000000E+00; 2.0000000000000E+00; 1.0000000000000E+00; 1.0000000000000E+02; 3.0000000000000E-02; 8.5000000000000E-01;                 NAN; 3.0000000000000E-02; 4.0177393575945E+05; 6.5585987682709E+03; 1.1251631620779E+04; 6.2694857550828E+02; 1.8572025000000E-01; 7.9329926763654E-01; 2.9330259018502E-05; 3.0000000000000E+02; 3.0000000000000E-01; 8.5000000000000E+00; 0.0000000000000E+00; 3.0000000000000E-01; 3.0000000000000E-01; 8.5000000000000E+00
 1.7878535600000E+09; 0.0000000000000E+00; 0.0000000000000E+00; 1.1159330000000E+01; 1.9558495500000E+02; 1.8442562500000E+02; 4.0000000000000E+01; 2.0000000000000E+01; 2.0000000000000E+01; 2.7180000000000E-03; 2.0000000000000E+01; 5.8000000000000E+02; 2.1000000000000E+01; 5.7148902924572E-01; 1.5984749794006E-01; 7.0000000000000E+01; 1.0000000000000E+00; 4.8914287822049E+01; 3.5486325531485E+01; 2.7040200000000E+02; 2.7719500000000E+02; 1.0000000000000E+00; 1.0000000000000E+00; 1.0000000000000E+00; 1.0000000000000E+00; 1.0000000000000E+02; 4.0000000000000E-02; 8.7000000000000E-01;                 NAN; 4.0000000000000E-02; 4.1766745010684E+05; 6.5676320482070E+03; 1.1198026281140E+04; 6.3296841082690E+02; 1.8649150000000E-01; 7.9540359878404E-01; 2.8798577803651E-05; 3.0000000000000E+02; 4.0000000000000E-01; 8.7000000000000E+00; 0.0000000000000E+00; 4.0000000000000E-01; 4.0000000000000E-01; 8.7000000000000E+00
 1.7878535620000E+09; 0.0000000000000E+00; 0.0000000000000E+00; 1.1059898333333E+01; 1.9550113500000E+02; 1.8444123666667E+02; 5.0000000000000E+01; 2.0000000000000E+01; 3.0000000000000E+01; 2.7285714285714E-03; 2.1000000000000E+01; 5.8000000000000E+02; 2.2000000000000E+01; 5.7116138574150E-01; 1.0849975585938E+01; 7.2000000000000E+01; 1.0000000000000E+00; 4.8991420738648E+01; 3.5274111038387E+01; 2.7042200000000E+02; 2.7792600000000E+02; 1.0000000000000E+00; 1.0000000000000E+00; 1.0000000000000E+00; 1.0000000000000E+00; 1.0000000000000E+02; 3.0000000000000E-02; 8.7000000000000E-01;                 NAN; 3.0000000000000E-02; 4.6262740200425E+05; 6.5741218582454E+03; 1.1167752181193E+04; 6.3783517629099E+02; 1.8697425000000E-01; 7.9501623260803E-01; 2.8721056039761E-05; 4.0000000000000E+02; 3.0000000000000E-01; 8.7000000000000E+00; 0.0000000000000E+00; 3.0000000000000E-01; 3.0000000000000E-01; 8.7000000000000E+00
 1.7878535640000E+09; 0.0000000000000E+00; 0.0000000000000E+00; 1.1099206666667E+01; 1.9540506666667E+02; 1.8430586000000E+02; 6.0000000000000E+01; 3.0000000000000E+01; 3.0000000000000E+01; 2.7365000000000E-03; 2.0000000000000E+01; 5.8000000000000E+02; 2.1000000000000E+01; 5.7306936162458E-01; 9.9337249994278E-02; 7.1000000000000E+01; 1.0000000000000E+00; 4.8977435037779E+01; 3.5242049018942E+01; 2.7042400000000E+02; 2.7859700000000E+02; 1.0000000000000E+00; 1.0000000000000E+00; 1.0000000000000E+00; 1.0000000000000E+00; 1.0000000000000E+02; 3.0000000000000E-02; 8.7000000000000E-01;                 NAN; 3.0000000000000E-02; 4.4576527900871E+05; 6.6215127038738E+03; 1.1136832233781E+04; 6.4548830068597E+02; 1.8741400000000E-01; 7.9381372932803E-01; 2.8657505800890E-05; 3.0000000000000E+02; 3.0000000000000E-01; 8.7000000000000E+00; 0.0000000000000E+00; 3.0000000000000E-01; 3.0000000000000E-01; 8.7000000000000E+00
 1.7878535660000E+09; 0.0000000000000E+00; 0.0000000000000E+00; 1.1135575000000E+01; 1.9535503000000E+02; 1.8421945500000E+02; 5.0000000000000E+01; 3.0000000000000E+01; 2.0000000000000E+01; 2.7470000000000E-03; 2.0000000000000E+01; 5.8000000000000E+02; 2.2000000000000E+01; 5.7325933969683E-01; 1.8120108544827E-01; 7.2000000000000E+01; 1.0000000000000E+00; 4.8919098276166E+01; 3.5273305489778E+01; 2.7041800000000E+02; 2.7922000000000E+02; 1.0000000000000E+00; 1.0000000000000E+00; 1.0000000000000E+00; 1.0000000000000E+00; 1.0000000000000E+02; 4.0000000000000E-02; 8.6000000000000E-01;                 NAN; 4.0000000000000E-02; 4.1692639448082E+05; 6.6318859514633E+03; 1.1122623589539E+04; 6.5416029595477E+02; 1.8791875000000E-01; 7.9241903491154E-01; 2.8595793866025E-05; 3.0000000000000E+02; 4.0000000000000E-01; 8.6000000000000E+00; 0.0000000000000E+00; 4.0000000000000E-01; 4.0000000000000E-01; 8.6000000000000E+00
 1.7878535680000E+09; 0.0000000000000E+00; 0.0000000000000E+00; 1.1061980000000E+01; 1.9537310000000E+02; 1.8431112000000E+02; 5.0000000000000E+01; 2.0000000000000E+01; 3.0000000000000E+01; 2.7610000000000E-03; 2.0000000000000E+01; 5.8000000000000E+02; 2.2000000000000E+01; 5.7329422683352E-01; 1.9542834162712E-01; 7.2000000000000E+01; 1.0000000000000E+00; 4.8983859447478E+01; 3.5462100320684E+01; 2.7041000000000E+02; 2.7977500000000E+02; 1.0000000000000E+00; 1.0000000000000E+00; 1.0000000000000E+00; 1.0000000000000E+00; 1.0000000000000E+02; 3.0000000000000E-02; 8.5000000000000E-01;                 NAN; 3.0000000000000E-02; 3.9363904253875E+05; 6.6478615305025E+03; 1.1053194986994E+04; 6.5915031512829E+02; 1.8855640000000E-01; 7.9193476399476E-01; 2.8559495143122E-05; 3.0000000000000E+02; 3.0000000000000E-01; 8.5000000000000E+00; 0.0000000000000E+00; 3.0000000000000E-01; 3.0000000000000E-01; 8.5000000000000E+00
 1.7878535700000E+09; 0.0000000000000E+00; 0.0000000000000E+00; 1.1066395000000E+01; 1.9538620000000E+02; 1.8431980500000E+02; 5.0000000000000E+01; 3.0000000000000E+01; 2.0000000000000E+01; 2.7723809523810E-03; 2.1000000000000E+01; 5.8000000000000E+02; 2.1000000000000E+01; 5.7445579965350E-01; 1.2976990640163E-01; 7.1000000000000E+01; 1.0000000000000E+00; 4.9030542109557E+01; 3.4996056102570E+01; 2.7042100000000E+02; 2.8030800000000E+02; 1.0000000000000E+00; 1.0000000000000E+00; 1.0000000000000E+00; 1.0000000000000E+00; 1.0000000000000E+02; 1.0000000000000E-02; 8.5000000000000E-01;                 NAN; 1.0000000000000E-02; 5.2157562638436E+05; 6.6496094206219E+03; 1.1044960431809E+04; 6.6248621337220E+02; 1.8898550000000E-01; 7.9160134481875E-01; 2.8538005973494E-05; 2.0000000000000E+02; 1.0000000000000E-01; 8.5000000000000E+00; 0.0000000000000E+00; 1.0000000000000E-01; 1.0000000000000E-01; 8.5000000000000E+00
 1.7878535720000E+09; 0.0000000000000E+00; 0.0000000000000E+00; 1.1097836666667E+01; 1.9536854000000E+02; 1.8427070333333E+02; 5.0000000000000E+01; 2.0000000000000E+01; 3.0000000000000E+01; 2.7850000000000E-03; 2.0000000000000E+01; 5.8000000000000E+02; 2.1000000000000E+01; 5.7515592097397E-01; 1.9877593219280E-01; 7.1000000000000E+01; 1.0000000000000E+00; 4.8932993554988E+01; 3.5243467748728E+01; 2.7041600000000E+02; 2.8086200000000E+02; 1.0000000000000E+00; 1.0000000000000E+00; 1.0000000000000E+00; 1.0000000000000E+00; 1.0000000000000E+02; 2.0000000000000E-02; 8.4000000000000E-01;                 NAN; 2.0000000000000E-02; 4.0657856702363E+05; 6.6853515498618E+03; 1.0987802931109E+04; 6.6779423151837E+02; 1.8949266666667E-01; 7.9097185358867E-01; 2.8495552419618E-05; 3.0000000000000E+02; 2.0000000000000E-01; 8.4000000000000E+00; 0.0000000000000E+00; 2.0000000000000E-01; 2.0000000000000E-01; 8.4000000000000E+00
 1.7878535740000E+09; 0.0000000000000E+00; 0.0000000000000E+00; 1.1136812500000E+01; 1.9535304500000E+02; 1.8421623250000E+02; 6.0000000000000E+01; 2.0000000000000E+01; 4.0000000000000E+01; 2.7935000000000E-03; 2.0000000000000E+01; 5.8000000000000E+02; 2.2000000000000E+01; 5.7499545070860E-01; 2.1244527399540E-01; 7.2000000000000E+01; 1.0000000000000E+00; 4.9034669937376E+01; 3.4847319905847E+01; 2.7040700000000E+02; 2.8128400000000E+02; 1.0000000000000E+00; 1.0000000000000E+00; 1.0000000000000E+00; 1.0000000000000E+00; 1.0000000000000E+02; 3.0000000000000E-02; 8.3000000000000E-01;                 NAN; 3.0000000000000E-02; 4.3343646899070E+05; 6.6660255482122E+03; 1.1023647465446E+04; 6.7499189159309E+02; 1.8988466666667E-01; 7.8970649941836E-01; 2.8466565684727E-05; 3.0000000000000E+02; 3.0000000000000E-01; 8.3000000000000E+00; 0.0000000000000E+00; 3.0000000000000E-01; 3.0000000000000E-01; 8.3000000000000E+00
 1.7878535760000E+09; 0.0000000000000E+00; 0.0000000000000E+00; 1.1117826666667E+01; 1.9535895000000E+02; 1.8424112333333E+02; 5.0000000000000E+01; 2.0000000000000E+01; 3.0000000000000E+01; 2.8040000000000E-03; 2.0000000000000E+01; 5.8000000000000E+02; 2.1000000000000E+01; 5.4948433799223E-01; 1.4305882155895E-01; 7.1000000000000E+01; 1.0000000000000E+00; 4.8918972768630E+01; 3.5476134749691E+01; 2.7044200000000E+02; 2.8173900000000E+02; 1.0000000000000E+00; 1.0000000000000E+00; 1.0000000000000E+00; 1.0000000000000E+00; 1.0000000000000E+02; 3.0000000000000E-02; 8.3000000000000E-01;                 NAN; 3.0000000000000E-02; 4.0708427329044E+05; 6.6817762060251E+03; 1.0962009397954E+04; 6.7707040675968E+02; 1.9033720000000E-01; 7.8970027277266E-01; 2.8447877032677E-05; 4.0000000000000E+02; 3.0000000000000E-01; 8.3000000000000E+00; 0.0000000000000E+00; 3.0000000000000E-01; 3.0000000000000E-01; 8.3000000000000E+00
 1.7878535780000E+09; 0.0000000000000E+00; 0.0000000000000E+00; 1.1188485000000E+01; 1.9535026000000E+02; 1.8416177500000E+02; 5.0000000000000E+01; 3.0000000000000E+01; 2.0000000000000E+01; 2.8114285714286E-03; 2.1000000000000E+01; 5.8000000000000E+02; 2.0000000000000E+01; 5.7285872720408E-01; 2.3526975512505E-01; 6.6000000000000E+01; 1.0000000000000E+00; 4.8990412368764E+01; 3.4629245086374E+01; 2.7043400000000E+02; 2.8201500000000E+02; 1.0000000000000E+00; 1.0000000000000E+00; 1.0000000000000E+00; 1.0000000000000E+00; 1.0000000000000E+02; 1.0000000000000E-02; 8.2000000000000E-01;                 NAN; 1.0000000000000E-02; 5.4132909013468E+05; 6.7581569403495E+03; 1.0460307013635E+04; 7.0188024407603E+02; 1.9066633333333E-01; 7.8398365070816E-01; 2.8442921927690E-05; 1.0000000000000E+02; 1.0000000000000E-01; 8.2000000000000E+00; 0.0000000000000E+00; 1.0000000000000E-01; 1.0000000000000E-01; 8.2000000000000E+00
 1.7878535800000E+09; 0.0000000000000E+00; 0.0000000000000E+00; 1.1203625000000E+01; 1.9532593000000E+02; 1.8412230500000E+02; 4.0000000000000E+01; 2.0000000000000E+01; 2.0000000000000E+01; 2.8170000000000E-03; 2.0000000000000E+01; 5.8000000000000E+02; 2.0000000000000E+01; 5.7251498047920E-01; 2.0422846078873E-01; 6.8000000000000E+01; 1.0000000000000E+00; 4.8727153520048E+01; 3.5221116246076E+01; 2.7041700000000E+02; 2.8260200000000E+02; 1.0000000000000E+00; 1.0000000000000E+00; 1.0000000000000E+00; 1.0000000000000E+00; 1.0000000000000E+02; 2.0000000000000E-02; 8.1000000000000E-01;                 NAN; 2.0000000000000E-02; 3.9882289187484E+05; 6.6983564710116E+03; 1.0806804178893E+04; 6.8698152295575E+02; 1.8996500000000E-01; 7.8708313216452E-01; 2.8425073457772E-05; 3.0000000000000E+02; 2.0000000000000E-01; 8.1000000000000E+00; 0.0000000000000E+00; 2.0000000000000E-01; 2.0000000000000E-01; 8.1000000000000E+00
 1.7878535820000E+09; 0.0000000000000E+00; 0.0000000000000E+00; 1.1094220000000E+01; 1.9534532000000E+02; 1.8425110000000E+02; 5.0000000000000E+01; 2.0000000000000E+01; 3.0000000000000E+01; 2.8285000000000E-03; 2.0000000000000E+01; 5.8000000000000E+02; 2.1000000000000E+01; 5.7262728420781E-01; 1.7970481514931E-01; 7.1000000000000E+01; 1.0000000000000E+00; 4.8752862712243E+01; 3.4394300235022E+01; 2.7041600000000E+02; 2.8296450000000E+02; 1.0000000000000E+00; 1.0000000000000E+00; 1.0000000000000E+00; 2.0000000000000E+00; 1.0000000000000E+02; 3.0000000000000E-02; 8.2000000000000E-01;                 NAN; 3.0000000000000E-02; 4.5015937130024E+05; 6.7635850946720E+03; 1.0925155726952E+04; 6.8341455726919E+02; 1.9151150000000E-01; 7.8924175497752E-01; 2.8436015943239E-05; 3.0000000000000E+02; 3.0000000000000E-01; 8.2000000000000E+00; 0.0000000000000E+00; 3.0000000000000E-01; 3.0000000000000E-01; 8.2000000000000E+00
 1.7878535840000E+09; 0.0000000000000E+00; 0.0000000000000E+00; 1.0959640000000E+01; 1.9539238500000E+02; 1.8443274500000E+02; 4.0000000000000E+01; 2.0000000000000E+01; 2.0000000000000E+01; 2.8357142857143E-03; 2.1000000000000E+01; 5.8000000000000E+02; 2.1000000000000E+01; 5.7316910436925E-01; 1.9895346462727E-01; 6.8000000000000E+01; 1.0000000000000E+00; 4.8902539345799E+01; 3.4868650604913E+01; 2.7041800000000E+02; 2.8342600000000E+02; 1.0000000000000E+00; 1.0000000000000E+00; 1.0000000000000E+00; 1.0000000000000E+00; 1.0000000000000E+02; 3.0000000000000E-02; 8.1000000000000E-01;                 NAN; 3.0000000000000E-02; 4.2972392987317E+05; 6.7960971738975E+03; 1.0968104583410E+04; 6.8671344684865E+02; 1.9199466666667E-01; 7.8880654582644E-01; 2.8445079852290E-05; 3.0000000000000E+02; 3.0000000000000E-01; 8.1000000000000E+00; 0.0000000000000E+00; 3.0000000000000E-01; 3.0000000000000E-01; 8.1000000000000E+00
 1.7878535860000E+09; 0.0000000000000E+00; 0.0000000000000E+00; 1.0945995000000E+01; 1.9538217500000E+02; 1.8443618000000E+02; 5.0000000000000E+01; 2.0000000000000E+01; 3.0000000000000E+01; 2.8420000000000E-03; 2.0000000000000E+01; 5.8000000000000E+02; 2.1000000000000E+01; 5.7262344168580E-01; 1.9629059731960E-01; 6.9000000000000E+01; 1.0000000000000E+00; 4.8869011192063E+01; 3.4051204435638E+01; 2.7042300000000E+02; 2.8371200000000E+02; 1.0000000000000E+00; 1.0000000000000E+00; 1.0000000000000E+00; 1.0000000000000E+00; 1.0000000000000E+02; 1.0000000000000E-02; 8.1000000000000E-01;                 NAN; 1.0000000000000E-02; 4.0356935847341E+05; 6.8010853776711E+03; 1.0999912571088E+04; 6.9207504933181E+02; 1.9276875000000E-01; 7.8842778570120E-01; 2.8402969379942E-05; 1.0000000000000E+02; 1.0000000000000E-01; 8.1000000000000E+00; 0.0000000000000E+00; 1.0000000000000E-01; 1.0000000000000E-01; 8.1000000000000E+00
 1.7878535880000E+09; 0.0000000000000E+00; 0.0000000000000E+00; 1.1095365000000E+01; 1.9542162000000E+02; 1.8432625500000E+02; 4.0000000000000E+01; 2.0000000000000E+01; 2.0000000000000E+01; 2.8515000000000E-03; 2.0000000000000E+01; 5.8000000000000E+02; 2.1000000000000E+01; 5.7140027083895E-01; 1.8459939956665E-01; 6.8000000000000E+01; 1.0000000000000E+00; 4.8969124755330E+01; 3.4105496453243E+01; 2.7044300000000E+02; 2.8406100000000E+02; 1.0000000000000E+00; 1.0000000000000E+00; 1.0000000000000E+00; 1.0000000000000E+00; 1.0000000000000E+02; 2.0000000000000E-02; 8.1000000000000E-01;                 NAN; 2.0000000000000E-02; 3.5548092848009E+05; 6.7663779699638E+03; 1.0939364371194E+04; 6.8951564594335E+02; 1.9298666666667E-01; 7.8927883790170E-01; 2.8395169811763E-05; 3.0000000000000E+02; 2.0000000000000E-01; 8.1000000000000E+00; 0.0000000000000E+00; 2.0000000000000E-01; 2.0000000000000E-01; 8.1000000000000E+00
 1.7878535900000E+09; 0.0000000000000E+00; 0.0000000000000E+00; 1.1190098333333E+01; 1.9538616500000E+02; 1.8419606666667E+02; 5.0000000000000E+01; 2.0000000000000E+01; 3.0000000000000E+01; 2.8535000000000E-03; 2.0000000000000E+01; 5.8000000000000E+02; 2.1000000000000E+01; 5.7204938845975E-01; 1.2771569192410E-01; 7.0000000000000E+01; 1.0000000000000E+00; 4.8924579683222E+01; 4.0091408210148E+01; 2.7044500000000E+02; 2.8437300000000E+02; 1.0000000000000E+00; 1.0000000000000E+00; 1.0000000000000E+00; 1.0000000000000E+00; 1.0000000000000E+02; 3.0000000000000E-02; 8.0000000000000E-01;                 NAN; 3.0000000000000E-02; 4.4339228979084E+05; 6.8122191601516E+03; 1.0657451952489E+04; 7.0543085150194E+02; 1.9224300000000E-01; 7.8489353740954E-01; 2.8380653250397E-05; 3.0000000000000E+02; 3.0000000000000E-01; 8.0000000000000E+00; 0.0000000000000E+00; 3.0000000000000E-01; 3.0000000000000E-01; 8.0000000000000E+00
 1.7878535920000E+09; 0.0000000000000E+00; 0.0000000000000E+00; 1.1279865000000E+01; 1.9541374500000E+02; 1.8413388000000E+02; 5.0000000000000E+01; 2.0000000000000E+01; 3.0000000000000E+01; 2.8800000000000E-03; 2.1000000000000E+01; 5.8000000000000E+02; 2.2000000000000E+01; 5.7248287970751E-01; 2.0597833395004E-01; 7.1000000000000E+01; 1.0000000000000E+00; 4.8770521109913E+01; 4.2724337871815E+01; 2.7044600000000E+02; 2.8457700000000E+02; 1.0000000000000E+00; 1.0000000000000E+00; 1.0000000000000E+00; 1.0000000000000E+00; 1.0000000000000E+02; 3.0000000000000E-02; 8.0000000000000E-01;                 NAN; 3.0000000000000E-02; 3.4685534073282E+05; 5.8687736171120E+03; 7.8044207734979E+03; 8.7514659325021E+02; 1.7527800000000E-01; 7.2854947679542E-01; 2.8357101103157E-05; 3.0000000000000E+02; 3.0000000000000E-01; 8.0000000000000E+00; 0.0000000000000E+00; 3.0000000000000E-01; 3.0000000000000E-01; 8.0000000000000E+00
 1.7878535940000E+09; 0.0000000000000E+00; 0.0000000000000E+00; 1.1181195000000E+01; 1.9526290000000E+02; 1.8408170500000E+02; 5.0000000000000E+01; 3.0000000000000E+01; 2.0000000000000E+01; 2.8815000000000E-03; 2.0000000000000E+01; 5.8000000000000E+02; 2.1000000000000E+01; 5.7420897597158E-01; 1.7914687097073E-01; 7.1000000000000E+01; 1.0000000000000E+00; 4.9009792135918E+01; 3.8975993808752E+01; 2.7045000000000E+02; 2.8441700000000E+02; 1.0000000000000E+00; 1.0000000000000E+00; 1.0000000000000E+00; 1.0000000000000E+00; 1.0000000000000E+02; 4.0000000000000E-02; 8.9000000000000E-01;                 NAN; 4.0000000000000E-02; 4.1479890798990E+05; 6.5680232624735E+03; 9.5070361545086E+03; 7.6562677238785E+02; 1.8246900000000E-01; 7.6156234209489E-01; 2.8354693920800E-05; 4.0000000000000E+02; 4.0000000000000E-01; 8.9000000000000E+00; 0.0000000000000E+00; 4.0000000000000E-01; 4.0000000000000E-01; 8.9000000000000E+00
 1.7878535960000E+09; 0.0000000000000E+00; 0.0000000000000E+00; 1.1127945000000E+01; 1.9516954500000E+02; 1.8404160000000E+02; 5.0000000000000E+01; 2.0000000000000E+01; 3.0000000000000E+01; 2.8900000000000E-03; 2.0000000000000E+01; 5.8000000000000E+02; 2.1000000000000E+01; 5.6310702460400E-01; 1.9920706748962E-01; 6.9000000000000E+01; 1.0000000000000E+00; 4.8937767471142E+01; 4.2201759067344E+01; 2.7044600000000E+02;                 NAN; 1.0000000000000E+00; 1.0000000000000E+00; 1.0000000000000E+00; 0.0000000000000E+00; 1.0000000000000E+02; 3.0000000000000E-02; 8.6000000000000E-01;                 NAN; 3.0000000000000E-02; 3.7166492271191E+05; 6.2739107177457E+03; 9.5706521298636E+03; 7.2133931005567E+02; 1.7744400000000E-01; 7.6707335062331E-01; 2.8384915125380E-05; 3.0000000000000E+02; 3.0000000000000E-01; 8.6000000000000E+00; 0.0000000000000E+00; 3.0000000000000E-01; 3.0000000000000E-01; 8.6000000000000E+00
 1.7878535980000E+09; 0.0000000000000E+00; 0.0000000000000E+00; 1.1125458333333E+01; 1.9515639333333E+02; 1.8403093500000E+02; 5.0000000000000E+01; 3.0000000000000E+01; 2.0000000000000E+01; 2.8828571428571E-03; 2.1000000000000E+01; 5.8000000000000E+02; 2.2000000000000E+01; 5.6384681363073E-01; 2.8796896338463E-01; 7.2000000000000E+01; 1.0000000000000E+00; 4.8944302394957E+01; 3.8518787186896E+01; 2.7044500000000E+02; 2.8404300000000E+02; 1.0000000000000E+00; 1.0000000000000E+00; 1.0000000000000E+00; 2.0000000000000E+00; 1.0000000000000E+02; 4.0000000000000E-02; 8.8000000000000E-01;                 NAN; 4.0000000000000E-02; 4.7425110489109E+05; 6.6310345590513E+03; 1.0006922092831E+04; 7.2163138451442E+02; 1.8624725000000E-01; 7.7572510770488E-01; 2.8355078968297E-05; 3.0000000000000E+02; 4.0000000000000E-01; 8.8000000000000E+00; 0.0000000000000E+00; 4.0000000000000E-01; 4.0000000000000E-01; 8.8000000000000E+00
 1.7878536000000E+09; 0.0000000000000E+00; 0.0000000000000E+00; 1.1128383333333E+01; 1.9516690333333E+02; 1.8403852000000E+02; 5.0000000000000E+01; 3.0000000000000E+01; 2.0000000000000E+01; 2.8935000000000E-03; 2.0000000000000E+01; 5.8000000000000E+02; 2.1000000000000E+01; 5.7204273973552E-01; 1.9819264113903E-01; 7.1000000000000E+01; 1.0000000000000E+00; 4.9064943959736E+01; 4.0685499622270E+01; 2.7044400000000E+02; 2.8382000000000E+02; 1.0000000000000E+00; 1.0000000000000E+00; 1.0000000000000E+00; 1.0000000000000E+00; 1.0000000000000E+02; 3.0000000000000E-02; 8.5000000000000E-01;                 NAN; 3.0000000000000E-02; 3.9105597401757E+05; 6.3920904010439E+03; 9.5540215576261E+03; 7.3872052902624E+02; 1.8396250000000E-01; 7.6773458413805E-01; 2.8628999771245E-05; 3.0000000000000E+02; 3.0000000000000E-01; 8.5000000000000E+00; 0.0000000000000E+00; 3.0000000000000E-01; 3.0000000000000E-01; 8.5000000000000E+00
 1.7878536020000E+09; 0.0000000000000E+00; 0.0000000000000E+00; 1.1085538333333E+01; 1.9519826500000E+02; 1.8411272666667E+02; 5.0000000000000E+01; 2.0000000000000E+01; 3.0000000000000E+01; 2.8900000000000E-03; 2.0000000000000E+01; 5.8000000000000E+02; 2.2000000000000E+01; 5.7008185662221E-01; 1.4620353281498E-01; 6.9000000000000E+01; 1.0000000000000E+00; 4.9012820945533E+01; 3.9156579709789E+01; 2.7044600000000E+02; 2.8349300000000E+02; 1.0000000000000E+00; 1.0000000000000E+00; 1.0000000000000E+00; 1.0000000000000E+00; 1.0000000000000E+02; 4.0000000000000E-02; 8.6000000000000E-01;                 NAN; 4.0000000000000E-02; 3.8746282162115E+05; 6.6141540502613E+03; 9.1939615955916E+03; 7.8354599526506E+02; 1.8639075000000E-01; 7.6044989763066E-01; 2.8475359270464E-05; 3.0000000000000E+02; 4.0000000000000E-01; 8.6000000000000E+00; 0.0000000000000E+00; 4.0000000000000E-01; 4.0000000000000E-01; 8.6000000000000E+00
 1.7878536040000E+09; 0.0000000000000E+00; 0.0000000000000E+00; 1.1083960000000E+01; 1.9537668000000E+02; 1.8429272000000E+02; 5.0000000000000E+01; 2.0000000000000E+01; 3.0000000000000E+01; 2.9015000000000E-03; 2.0000000000000E+01; 5.8000000000000E+02; 2.1000000000000E+01; 5.7252477086253E-01; 1.7273065447807E-01; 7.2000000000000E+01; 1.0000000000000E+00; 4.9017196865394E+01; 3.7101140686152E+01; 2.7045500000000E+02; 2.8356900000000E+02; 1.0000000000000E+00; 1.0000000000000E+00; 1.0000000000000E+00; 1.0000000000000E+00; 1.0000000000000E+02; 3.0000000000000E-02; 8.4000000000000E-01;                 NAN; 3.0000000000000E-02; 4.3852949302927E+05; 6.6743499022398E+03; 1.0501479789563E+04; 6.9020566499737E+02; 1.8803875000000E-01; 7.8448837073160E-01; 2.8440461071562E-05; 4.0000000000000E+02; 3.0000000000000E-01; 8.4000000000000E+00; 0.0000000000000E+00; 3.0000000000000E-01; 3.0000000000000E-01; 8.4000000000000E+00
 1.7878536060000E+09; 0.0000000000000E+00; 0.0000000000000E+00; 1.1144105000000E+01; 1.9538461000000E+02; 1.8424050500000E+02; 5.0000000000000E+01; 3.0000000000000E+01; 2.0000000000000E+01; 2.9228571428571E-03; 2.1000000000000E+01; 5.8000000000000E+02; 2.2000000000000E+01; 5.7316846629528E-01; 6.5100513398647E-02; 7.3000000000000E+01; 1.0000000000000E+00; 4.9049167584793E+01; 3.6197163860825E+01; 2.7043600000000E+02; 2.8372600000000E+02; 1.0000000000000E+00; 1.0000000000000E+00; 1.0000000000000E+00; 1.0000000000000E+00; 1.0000000000000E+02; 1.0000000000000E-02; 8.3000000000000E-01;                 NAN; 1.0000000000000E-02; 1.8499086175350E+05; 6.7232798024750E+03; 1.0303366079511E+04; 7.0634824791614E+02; 1.9141880000000E-01; 7.8397242602071E-01; 2.8376427237633E-05; 1.0000000000000E+02; 1.0000000000000E-01; 8.3000000000000E+00; 0.0000000000000E+00; 1.0000000000000E-01; 1.0000000000000E-01; 8.3000000000000E+00
 1.7878536080000E+09; 0.0000000000000E+00; 0.0000000000000E+00; 1.1085050000000E+01; 1.9525657500000E+02; 1.8417152500000E+02; 4.0000000000000E+01; 2.0000000000000E+01; 2.0000000000000E+01; 2.9320000000000E-03; 2.0000000000000E+01; 5.8000000000000E+02; 2.1000000000000E+01; 5.7313755787909E-01; 1.2738600373268E-01; 7.2000000000000E+01; 1.0000000000000E+00; 4.8966271669979E+01; 3.3668439463013E+01; 2.7043300000000E+02; 2.8382700000000E+02; 1.0000000000000E+00; 1.0000000000000E+00; 1.0000000000000E+00; 1.0000000000000E+00; 1.0000000000000E+02; 2.0000000000000E-02; 8.1000000000000E-01;                 NAN; 2.0000000000000E-02; 4.3476384041380E+05; 6.8323968752380E+03; 1.0970243953140E+04; 6.8276888376285E+02; 1.9346225000000E-01; 7.9100031234269E-01; 2.8449529772381E-05; 4.0000000000000E+02; 2.0000000000000E-01; 8.1000000000000E+00; 0.0000000000000E+00; 2.0000000000000E-01; 2.0000000000000E-01; 8.1000000000000E+00
 1.7878536100000E+09; 0.0000000000000E+00; 0.0000000000000E+00; 1.1071996666667E+01; 1.9527078000000E+02; 1.8419878333333E+02; 6.0000000000000E+01; 3.0000000000000E+01; 3.0000000000000E+01; 2.9390000000000E-03; 2.0000000000000E+01; 5.8000000000000E+02; 2.1000000000000E+01; 5.7388173708485E-01; 1.6826720535755E-01; 7.2000000000000E+01; 1.0000000000000E+00; 4.8866888066292E+01; 3.3047042580716E+01; 2.7042100000000E+02; 2.8406700000000E+02; 2.0000000000000E+00; 1.0000000000000E+00; 1.0000000000000E+00; 1.0000000000000E+00; 1.0000000000000E+02; 3.0000000000000E-02; 8.0000000000000E-01;                 NAN; 3.0000000000000E-02; 4.1582615710385E+05; 6.8570772124389E+03; 1.0883498565425E+04; 6.8448847947000E+02; 1.9509600000000E-01; 7.9225543938086E-01; 2.8400778892739E-05; 3.0000000000000E+02; 3.0000000000000E-01; 8.0000000000000E+00; 0.0000000000000E+00; 3.0000000000000E-01; 3.0000000000000E-01; 8.0000000000000E+00
 1.7878536120000E+09; 0.0000000000000E+00; 0.0000000000000E+00; 1.0928245000000E+01; 1.9541306500000E+02; 1.8448482000000E+02; 5.0000000000000E+01; 2.0000000000000E+01; 3.0000000000000E+01; 2.9461904761905E-03; 2.1000000000000E+01; 5.8000000000000E+02; 2.2000000000000E+01; 5.7289184639284E-01; 1.2938949465752E-01; 7.0000000000000E+01; 1.0000000000000E+00; 4.8849459343003E+01; 3.2256763157350E+01; 2.7044700000000E+02; 2.8445500000000E+02; 1.0000000000000E+00; 1.0000000000000E+00; 1.0000000000000E+00; 1.0000000000000E+00; 1.0000000000000E+02; 3.0000000000000E-02; 8.0000000000000E-01;                 NAN; 3.0000000000000E-02; 3.6771797732628E+05; 6.8599815428362E+03; 1.0960354413824E+04; 6.8815610242446E+02; 1.9523925000000E-01; 7.9173532111050E-01; 2.8359551784241E-05; 3.0000000000000E+02; 3.0000000000000E-01; 8.0000000000000E+00; 0.0000000000000E+00; 3.0000000000000E-01; 3.0000000000000E-01; 8.0000000000000E+00
 1.7878536140000E+09;                 NAN; 0.0000000000000E+00; 1.0918675000000E+01; 1.9545847500000E+02; 1.8453980000000E+02; 4.0000000000000E+01; 2.0000000000000E+01; 2.0000000000000E+01; 2.9520000000000E-03; 2.0000000000000E+01; 5.8000000000000E+02; 2.0000000000000E+01; 5.7515849576755E-01; 1.2692952156067E-01; 6.6000000000000E+01; 1.0000000000000E+00;                 NAN; 3.2306362257199E+01; 2.7045800000000E+02; 2.8485100000000E+02; 0.0000000000000E+00; 1.0000000000000E+00; 1.0000000000000E+00; 1.0000000000000E+00; 1.0000000000000E+02; 3.0000000000000E-02; 7.9000000000000E-01;                 NAN; 3.0000000000000E-02; 4.3952464491904E+05; 6.8721840989401E+03; 1.0907394921650E+04; 6.9436971571702E+02; 1.9535633333333E-01; 7.9023054827689E-01; 2.8379762026864E-05; 3.0000000000000E+02; 3.0000000000000E-01; 7.9000000000000E+00; 0.0000000000000E+00; 3.0000000000000E-01; 3.0000000000000E-01; 7.9000000000000E+00
 1.7878536160000E+09; 0.0000000000000E+00; 0.0000000000000E+00; 1.0952746666667E+01; 1.9546195000000E+02; 1.8450920333333E+02; 5.0000000000000E+01; 2.0000000000000E+01; 3.0000000000000E+01; 2.9540000000000E-03; 2.0000000000000E+01; 5.8000000000000E+02; 2.2000000000000E+01; 5.7327466495335E-01; 5.1664501428604E-01; 7.2000000000000E+01; 1.0000000000000E+00; 4.8907801054657E+01; 3.2624980171419E+01; 2.7046800000000E+02; 2.8518200000000E+02; 2.0000000000000E+00; 1.0000000000000E+00; 1.0000000000000E+00; 1.0000000000000E+00; 1.0000000000000E+02; 1.0000000000000E-02; 7.9000000000000E-01;                 NAN; 1.0000000000000E-02; 1.7712533676522E+05; 6.8477275478703E+03; 1.0951958396772E+04; 6.9931494275253E+02; 1.9543400000000E-01; 7.8918627940931E-01; 2.8368100464128E-05; 1.0000000000000E+02; 1.0000000000000E-01; 7.9000000000000E+00; 0.0000000000000E+00; 1.0000000000000E-01; 1.0000000000000E-01; 7.9000000000000E+00
 1.7878536180000E+09;                 NAN; 0.0000000000000E+00; 1.1130283333333E+01; 1.9540845333333E+02; 1.8427817000000E+02; 6.0000000000000E+01; 3.0000000000000E+01; 3.0000000000000E+01; 2.9600000000000E-03; 2.0000000000000E+01; 5.8000000000000E+02; 1.4000000000000E+01; 5.7123294824904E-01; 1.9787817001343E+00; 4.4000000000000E+01; 1.0000000000000E+00;                 NAN; 3.1771344263332E+01; 2.7046600000000E+02; 2.8553700000000E+02; 0.0000000000000E+00; 1.0000000000000E+00; 1.0000000000000E+00; 1.0000000000000E+00; 1.0000000000000E+02; 2.0000000000000E-02; 7.9000000000000E-01;                 NAN; 2.0000000000000E-02; 4.3820805207237E+05; 6.9069916566110E+03; 1.1170900687587E+04; 6.9704713008177E+02; 1.9635833333333E-01; 7.9042011970001E-01; 2.8383267608239E-05; 1.0000000000000E+02; 2.0000000000000E-01; 7.9000000000000E+00; 0.0000000000000E+00; 2.0000000000000E-01; 2.0000000000000E-01; 7.9000000000000E+00
 1.7878536200000E+09; 0.0000000000000E+00; 0.0000000000000E+00; 1.1189318333333E+01; 1.9537735333333E+02; 1.8418803500000E+02; 5.0000000000000E+01; 3.0000000000000E+01; 2.0000000000000E+01; 2.9700000000000E-03; 2.1000000000000E+01; 5.8000000000000E+02; 2.1000000000000E+01; 5.7241233928714E-01; 1.2804538011551E-01; 7.0000000000000E+01; 1.0000000000000E+00; 4.8785961390709E+01; 2.9364837379938E+01; 2.7047200000000E+02; 2.8584200000000E+02; 2.0000000000000E+00; 1.0000000000000E+00; 1.0000000000000E+00; 1.0000000000000E+00; 1.0000000000000E+02; 3.0000000000000E-02; 7.9000000000000E-01;                 NAN; 3.0000000000000E-02; 3.8577885968326E+05; 6.9123427270545E+03; 1.1071924563495E+04; 6.9892138070386E+02; 1.9701750000000E-01; 7.9044865845857E-01; 2.8397287159661E-05; 3.0000000000000E+02; 3.0000000000000E-01; 7.9000000000000E+00; 0.0000000000000E+00; 3.0000000000000E-01; 3.0000000000000E-01; 7.9000000000000E+00
 1.7878536220000E+09; 0.0000000000000E+00; 0.0000000000000E+00; 1.1184010000000E+01; 1.9536859000000E+02; 1.8418458000000E+02; 4.0000000000000E+01; 2.0000000000000E+01; 2.0000000000000E+01; 2.9795000000000E-03; 2.0000000000000E+01; 5.8000000000000E+02; 2.2000000000000E+01; 5.7459231594370E-01; 1.2155308574438E-01; 7.2000000000000E+01; 1.0000000000000E+00; 4.8752365554087E+01; 2.9193584152859E+01; 2.7046600000000E+02; 2.8617300000000E+02; 1.0000000000000E+00; 1.0000000000000E+00; 1.0000000000000E+00; 1.0000000000000E+00; 1.0000000000000E+02; 3.0000000000000E-02; 7.9000000000000E-01;                 NAN; 3.0000000000000E-02; 3.8220510774766E+05; 6.9256061096143E+03; 1.1041892656347E+04; 7.0086714837842E+02; 1.9715200000000E-01; 7.9006942438142E-01; 2.8402693123800E-05; 3.0000000000000E+02; 3.0000000000000E-01; 7.9000000000000E+00; 0.0000000000000E+00; 3.0000000000000E-01; 3.0000000000000E-01; 7.9000000000000E+00
 1.7878536240000E+09; 0.0000000000000E+00; 0.0000000000000E+00; 1.1166786666667E+01; 1.9536719000000E+02; 1.8420040333333E+02; 5.0000000000000E+01; 2.0000000000000E+01; 3.0000000000000E+01; 2.9945000000000E-03; 2.0000000000000E+01; 5.8000000000000E+02; 2.1000000000000E+01; 5.7107639478786E-01; 3.8548025488853E-01; 7.0000000000000E+01; 1.0000000000000E+00; 4.8846126514391E+01; 2.9394169603010E+01; 2.7046800000000E+02; 2.8646100000000E+02; 1.0000000000000E+00; 1.0000000000000E+00; 1.0000000000000E+00; 1.0000000000000E+00; 1.0000000000000E+02; 3.0000000000000E-02; 7.8000000000000E-01;                 NAN; 3.0000000000000E-02; 4.5866883738021E+05; 6.9261348377452E+03; 1.1128920602328E+04; 7.0495423934926E+02; 1.9744075000000E-01; 7.8920119505237E-01; 2.8427578820234E-05; 3.0000000000000E+02; 3.0000000000000E-01; 7.8000000000000E+00; 0.0000000000000E+00; 3.0000000000000E-01; 3.0000000000000E-01; 7.8000000000000E+00
 1.7878536260000E+09;                 NAN; 0.0000000000000E+00; 1.1043140000000E+01; 1.9535123000000E+02; 1.8430809000000E+02; 3.0000000000000E+01; 2.0000000000000E+01; 1.0000000000000E+01; 3.0057142857143E-03; 2.1000000000000E+01; 5.8000000000000E+02; 1.2000000000000E+01; 5.6512884838714E-01; 1.6649197041988E-01; 3.6000000000000E+01; 1.0000000000000E+00;                 NAN; 2.9442523429393E+01; 2.7045200000000E+02;                 NAN; 0.0000000000000E+00; 1.0000000000000E+00; 1.0000000000000E+00; 0.0000000000000E+00;                 NAN; 1.0000000000000E-02; 7.9000000000000E-01;                 NAN; 1.0000000000000E-02; 2.3938773913747E+05; 6.9529252214606E+03;                 NAN;                 NAN; 1.9763366666667E-01;                 NAN; 2.8427822462047E-05; 0.0000000000000E+00; 1.0000000000000E-01; 7.9000000000000E+00; 0.0000000000000E+00; 1.0000000000000E-01; 1.0000000000000E-01; 7.9000000000000E+00
 1.7878536280000E+09; 0.0000000000000E+00; 0.0000000000000E+00; 1.1068035000000E+01; 1.9532209500000E+02; 1.8425406000000E+02; 5.0000000000000E+01; 2.0000000000000E+01; 3.0000000000000E+01; 3.0220000000000E-03; 2.0000000000000E+01; 5.8000000000000E+02; 2.1000000000000E+01; 5.7667358379129E-01; 9.6446657180786E+00; 7.1000000000000E+01; 1.0000000000000E+00; 4.8805850779654E+01; 2.8718110122197E+01; 2.7046900000000E+02; 2.8674200000000E+02; 1.0000000000000E+00; 1.0000000000000E+00; 1.0000000000000E+00; 1.0000000000000E+00; 1.0000000000000E+02; 2.0000000000000E-02; 7.8000000000000E-01;                 NAN; 2.0000000000000E-02; 4.6319480015828E+05; 6.9770941461019E+03; 1.0939364371194E+04; 7.0776352463843E+02; 1.9806766666667E-01; 7.8898647949896E-01; 2.8441318593214E-05; 3.0000000000000E+02; 2.0000000000000E-01; 7.8000000000000E+00; 0.0000000000000E+00; 2.0000000000000E-01; 2.0000000000000E-01; 7.8000000000000E+00
 1.7878536300000E+09; 0.0000000000000E+00; 0.0000000000000E+00; 1.1040285000000E+01; 1.9537077000000E+02; 1.8433048500000E+02; 4.0000000000000E+01; 2.0000000000000E+01; 2.0000000000000E+01; 3.0315000000000E-03; 2.0000000000000E+01; 5.8000000000000E+02; 1.6000000000000E+01; 5.6666383334884E-01; 4.6315959095955E-01; 5.4000000000000E+01; 1.0000000000000E+00; 4.8782801456304E+01; 2.8707127346125E+01; 2.7047200000000E+02; 2.8696700000000E+02; 1.0000000000000E+00; 1.0000000000000E+00; 1.0000000000000E+00; 1.0000000000000E+00; 1.0000000000000E+02; 3.0000000000000E-02; 7.8000000000000E-01;                 NAN; 3.0000000000000E-02; 4.9532433402836E+05; 6.9438404614377E+03; 1.1042054118214E+04; 7.1225888100775E+02; 1.9834666666667E-01; 7.8813812138755E-01; 2.8445994019258E-05; 1.0000000000000E+02; 3.0000000000000E-01; 7.8000000000000E+00; 0.0000000000000E+00; 3.0000000000000E-01; 3.0000000000000E-01; 7.8000000000000E+00
 1.7878536320000E+09; 0.0000000000000E+00; 0.0000000000000E+00; 1.1031190000000E+01; 1.9528970000000E+02; 1.8425851000000E+02; 4.0000000000000E+01; 2.0000000000000E+01; 2.0000000000000E+01; 3.0420000000000E-03; 2.0000000000000E+01; 5.8000000000000E+02; 2.1000000000000E+01; 5.6172228023410E-01; 4.3001335859299E-01; 7.0000000000000E+01; 1.0000000000000E+00; 4.8873683619451E+01; 2.8816118325582E+01; 2.7046700000000E+02; 2.8727900000000E+02; 1.0000000000000E+00; 1.0000000000000E+00; 1.0000000000000E+00; 1.0000000000000E+00; 1.0000000000000E+02; 3.0000000000000E-02; 7.9000000000000E-01;                 NAN; 3.0000000000000E-02; 4.4758013042000E+05; 6.9617031707230E+03; 1.1029621554502E+04; 7.1294041063492E+02; 1.9859766666667E-01; 7.8812508892044E-01; 2.8456985113672E-05; 3.0000000000000E+02; 3.0000000000000E-01; 7.9000000000000E+00; 0.0000000000000E+00; 3.0000000000000E-01; 3.0000000000000E-01; 7.9000000000000E+00
 1.7878536340000E+09; 0.0000000000000E+00; 0.0000000000000E+00; 1.1055775000000E+01; 1.9518572000000E+02; 1.8412994500000E+02; 4.0000000000000E+01; 2.0000000000000E+01; 2.0000000000000E+01; 3.0500000000000E-03; 2.1000000000000E+01; 5.8000000000000E+02; 2.1000000000000E+01; 5.7244140875512E-01; 2.5903257727623E-01; 6.9000000000000E+01; 1.0000000000000E+00; 4.8857710900395E+01; 2.8843871503739E+01; 2.7047500000000E+02; 2.8752300000000E+02; 1.0000000000000E+00; 1.0000000000000E+00; 1.0000000000000E+00; 1.0000000000000E+00; 1.0000000000000E+02; 3.0000000000000E-02; 7.8000000000000E-01;                 NAN; 3.0000000000000E-02; 4.2306671584770E+05; 6.9682977870592E+03; 1.0955833481565E+04; 7.1569048153771E+02; 1.9875933333333E-01; 7.8765222143337E-01; 2.8451102915308E-05; 3.0000000000000E+02; 3.0000000000000E-01; 7.8000000000000E+00; 0.0000000000000E+00; 3.0000000000000E-01; 3.0000000000000E-01; 7.8000000000000E+00
 1.7878536360000E+09;                 NAN; 0.0000000000000E+00; 1.1054700000000E+01; 1.9514409000000E+02; 1.8408939000000E+02; 3.0000000000000E+01; 1.0000000000000E+01; 2.0000000000000E+01; 3.0630000000000E-03; 2.0000000000000E+01; 5.8000000000000E+02; 7.0000000000000E+00; 5.7541994866572E-01; 1.3811351358891E-01; 1.9000000000000E+01; 1.0000000000000E+00;                 NAN;                 NAN;                 NAN; 2.8768300000000E+02; 0.0000000000000E+00; 0.0000000000000E+00; 0.0000000000000E+00; 1.0000000000000E+00;                 NAN; 3.0000000000000E-02; 7.8000000000000E-01;                 NAN; 3.0000000000000E-02; 4.3455196450856E+05; 6.9821681215732E+03;                 NAN;                 NAN; 1.9874300000000E-01;                 NAN; 2.8439714129430E-05; 0.0000000000000E+00; 3.0000000000000E-01; 7.8000000000000E+00; 0.0000000000000E+00; 3.0000000000000E-01; 3.0000000000000E-01; 7.8000000000000E+00
 1.7878536380000E+09; 0.0000000000000E+00; 0.0000000000000E+00; 1.0982065000000E+01; 1.9519043000000E+02; 1.8420836500000E+02; 4.0000000000000E+01; 2.0000000000000E+01; 2.0000000000000E+01; 3.0665000000000E-03; 2.0000000000000E+01; 5.8000000000000E+02; 2.0000000000000E+01; 5.7446062016668E-01; 2.2624140977859E-01; 6.6000000000000E+01; 1.0000000000000E+00; 4.8778361265852E+01; 2.9300665707515E+01; 2.7047200000000E+02; 2.8808500000000E+02; 1.0000000000000E+00; 1.0000000000000E+00; 1.0000000000000E+00; 1.0000000000000E+00; 1.0000000000000E+02; 1.0000000000000E-02; 7.8000000000000E-01;                 NAN; 1.0000000000000E-02; 4.6117427632901E+05; 6.9712080591697E+03; 1.0991678015902E+04; 7.2051485954861E+02; 1.9889550000000E-01; 7.8657520003536E-01; 2.8462316631400E-05; 1.0000000000000E+02; 1.0000000000000E-01; 7.8000000000000E+00; 0.0000000000000E+00; 1.0000000000000E-01; 1.0000000000000E-01; 7.8000000000000E+00
 1.7878536400000E+09; 0.0000000000000E+00; 0.0000000000000E+00; 1.0950995000000E+01; 1.9520858000000E+02; 1.8425758500000E+02; 4.0000000000000E+01; 2.0000000000000E+01; 2.0000000000000E+01; 3.0725000000000E-03; 2.0000000000000E+01; 5.8000000000000E+02; 2.0000000000000E+01; 5.7171601920389E-01; 1.7615433037281E-01; 6.4000000000000E+01; 1.0000000000000E+00; 4.8843335771979E+01; 2.8189300824281E+01; 2.7047200000000E+02; 2.8811800000000E+02; 1.0000000000000E+00; 1.0000000000000E+00; 1.0000000000000E+00; 1.0000000000000E+00; 1.0000000000000E+02; 2.0000000000000E-02; 7.9000000000000E-01;                 NAN; 2.0000000000000E-02; 5.2498367742629E+05; 6.9744629316731E+03; 1.0848542071353E+04; 7.2043818355751E+02; 1.9908933333333E-01; 7.8668724666563E-01; 2.8474071949278E-05; 2.0000000000000E+02; 2.0000000000000E-01; 7.9000000000000E+00; 0.0000000000000E+00; 2.0000000000000E-01; 2.0000000000000E-01; 7.9000000000000E+00
 1.7878536420000E+09; 0.0000000000000E+00; 0.0000000000000E+00; 1.0933115000000E+01; 1.9521428000000E+02; 1.8428116500000E+02; 4.0000000000000E+01; 2.0000000000000E+01; 2.0000000000000E+01; 3.0809523809524E-03; 2.1000000000000E+01; 5.8000000000000E+02; 2.0000000000000E+01; 5.6927381708766E-01; 2.2968029975891E+00; 6.6000000000000E+01; 1.0000000000000E+00; 4.8764923182111E+01; 2.9038740370043E+01; 2.7047000000000E+02; 2.8824000000000E+02; 1.0000000000000E+00; 1.0000000000000E+00; 1.0000000000000E+00; 1.0000000000000E+00; 1.0000000000000E+02; 3.0000000000000E-02; 7.8000000000000E-01;                 NAN; 3.0000000000000E-02; 4.7010061382265E+05; 7.0021212616283E+03; 1.0935004900802E+04; 7.2186269848567E+02; 1.9937000000000E-01; 7.8653947527661E-01; 2.8483008099125E-05; 2.0000000000000E+02; 3.0000000000000E-01; 7.8000000000000E+00; 0.0000000000000E+00; 3.0000000000000E-01; 3.0000000000000E-01; 7.8000000000000E+00
 1.7878536440000E+09; 0.0000000000000E+00; 0.0000000000000E+00; 1.0941950000000E+01; 1.9523786500000E+02; 1.8429591500000E+02; 4.0000000000000E+01; 2.0000000000000E+01; 2.0000000000000E+01; 3.0850000000000E-03; 2.0000000000000E+01; 5.8000000000000E+02; 1.9000000000000E+01; 5.7539409395248E-01; 1.7536816000938E-01; 6.3000000000000E+01; 1.0000000000000E+00; 4.8739568652705E+01; 2.8797332787247E+01; 2.7045300000000E+02;                 NAN; 1.0000000000000E+00; 1.0000000000000E+00; 1.0000000000000E+00; 0.0000000000000E+00; 1.0000000000000E+02; 3.0000000000000E-02; 7.9000000000000E-01;                 NAN; 3.0000000000000E-02; 4.0921630123385E+05; 6.9731810206128E+03; 1.0883660027292E+04; 7.2420282872692E+02; 1.9954000000000E-01; 7.8615884669114E-01; 2.8479629148395E-05; 3.0000000000000E+02; 3.0000000000000E-01; 7.9000000000000E+00; 0.0000000000000E+00; 3.0000000000000E-01; 3.0000000000000E-01; 7.9000000000000E+00
 1.7878536460000E+09; 0.0000000000000E+00; 0.0000000000000E+00; 1.0943286666667E+01; 1.9514995000000E+02; 1.8420666333333E+02; 5.0000000000000E+01; 2.0000000000000E+01; 3.0000000000000E+01; 3.0970000000000E-03; 2.0000000000000E+01; 5.8000000000000E+02; 2.1000000000000E+01; 5.4689714132012E-01; 2.7366560697556E-01; 6.9000000000000E+01; 1.0000000000000E+00; 4.8779398590943E+01; 2.8673296102208E+01; 2.7045200000000E+02; 2.8842150000000E+02; 1.0000000000000E+00; 1.0000000000000E+00; 1.0000000000000E+00; 2.0000000000000E+00; 1.0000000000000E+02; 3.0000000000000E-02; 7.8000000000000E-01;                 NAN; 3.0000000000000E-02; 4.3083801332054E+05; 7.0054478807592E+03; 1.0856211510007E+04; 7.2373605825820E+02; 1.9966025000000E-01; 7.8631352224773E-01; 2.8488940138344E-05; 3.0000000000000E+02; 3.0000000000000E-01; 7.8000000000000E+00; 0.0000000000000E+00; 3.0000000000000E-01; 3.0000000000000E-01; 7.8000000000000E+00
 1.7878536480000E+09; 0.0000000000000E+00; 0.0000000000000E+00; 1.0966205000000E+01; 1.9510651500000E+02; 1.8414031000000E+02; 4.0000000000000E+01; 2.0000000000000E+01; 2.0000000000000E+01; 3.1033333333333E-03; 2.1000000000000E+01; 5.8000000000000E+02; 2.2000000000000E+01; 5.7554547986756E-01; 1.2041185796261E-01; 7.3000000000000E+01; 1.0000000000000E+00; 4.8765876774689E+01; 2.8880868200558E+01; 2.7047600000000E+02; 2.8862300000000E+02; 1.0000000000000E+00; 1.0000000000000E+00; 1.0000000000000E+00; 1.0000000000000E+00; 1.0000000000000E+02; 3.0000000000000E-02; 7.8000000000000E-01;                 NAN; 3.0000000000000E-02; 4.0759354286166E+05; 7.0239980569117E+03; 1.0889795578214E+04; 7.2469010625704E+02; 1.9954200000000E-01; 7.8593195565922E-01; 2.8499187548420E-05; 3.0000000000000E+02; 3.0000000000000E-01; 7.8000000000000E+00; 0.0000000000000E+00; 3.0000000000000E-01; 3.0000000000000E-01; 7.8000000000000E+00
 1.7878536500000E+09; 0.0000000000000E+00; 0.0000000000000E+00; 1.1064735000000E+01; 1.9511221500000E+02; 1.8404748000000E+02; 5.0000000000000E+01; 2.0000000000000E+01; 3.0000000000000E+01; 3.1110000000000E-03; 2.0000000000000E+01; 5.8000000000000E+02; 2.2000000000000E+01; 5.7444397215157E-01; 1.1298122256994E-01; 7.3000000000000E+01; 1.0000000000000E+00; 4.8899196077244E+01; 2.8491055654251E+01; 2.7047300000000E+02; 2.8877500000000E+02; 1.0000000000000E+00; 1.0000000000000E+00; 1.0000000000000E+00; 1.0000000000000E+00; 1.0000000000000E+02; 1.0000000000000E-02; 7.8000000000000E-01;                 NAN; 1.0000000000000E-02; 4.1795387040543E+05; 7.0083411645590E+03; 1.0756751000315E+04; 7.2503161085797E+02; 1.9957700000000E-01; 7.8591043756059E-01; 2.8494404342484E-05; 2.0000000000000E+02; 1.0000000000000E-01; 7.8000000000000E+00; 0.0000000000000E+00; 1.0000000000000E-01; 1.0000000000000E-01; 7.8000000000000E+00
 1.7878536520000E+09; 0.0000000000000E+00; 0.0000000000000E+00; 1.1075303333333E+01; 1.9510639333333E+02; 1.8403109000000E+02; 5.0000000000000E+01; 3.0000000000000E+01; 2.0000000000000E+01; 3.1220000000000E-03; 2.0000000000000E+01; 5.8000000000000E+02; 2.1000000000000E+01; 5.7119689458693E-01; 1.0344565659761E-01; 7.1000000000000E+01; 1.0000000000000E+00; 4.8889671385443E+01; 2.8049191028647E+01; 2.7048000000000E+02; 2.8883300000000E+02; 1.0000000000000E+00; 1.0000000000000E+00; 1.0000000000000E+00; 1.0000000000000E+00; 1.0000000000000E+02; 2.0000000000000E-02; 7.8000000000000E-01;                 NAN; 2.0000000000000E-02; 3.8961453456158E+05; 7.0539133078032E+03; 1.0784360979466E+04; 7.2625975356203E+02; 1.9972200000000E-01; 7.8561831859116E-01; 2.8516327667342E-05; 3.0000000000000E+02; 2.0000000000000E-01; 7.8000000000000E+00; 0.0000000000000E+00; 2.0000000000000E-01; 2.0000000000000E-01; 7.8000000000000E+00
 1.7878536540000E+09; 0.0000000000000E+00; 0.0000000000000E+00; 1.1051086666667E+01; 1.9495413666667E+02; 1.8390305000000E+02; 6.0000000000000E+01; 3.0000000000000E+01; 3.0000000000000E+01; 3.1330000000000E-03; 2.0000000000000E+01; 5.8000000000000E+02; 2.1000000000000E+01; 5.7294666256223E-01; 4.3100243806839E-01; 7.0000000000000E+01; 1.0000000000000E+00; 4.8917132098732E+01; 2.8785123030615E+01; 2.7049500000000E+02; 2.8895200000000E+02; 1.0000000000000E+00; 1.0000000000000E+00; 1.0000000000000E+00; 1.0000000000000E+00; 1.0000000000000E+02; 3.0000000000000E-02; 7.8000000000000E-01;                 NAN; 3.0000000000000E-02; 4.6624738750958E+05; 7.0091280771609E+03; 1.0781616127738E+04; 7.2732804458210E+02; 2.0013200000000E-01; 7.8573284903448E-01; 2.8513496962898E-05; 3.0000000000000E+02; 3.0000000000000E-01; 7.8000000000000E+00; 0.0000000000000E+00; 3.0000000000000E-01; 3.0000000000000E-01; 7.8000000000000E+00
 1.7878536560000E+09; 0.0000000000000E+00; 0.0000000000000E+00; 1.0978375000000E+01; 1.9492877000000E+02; 1.8395039500000E+02; 4.0000000000000E+01; 2.0000000000000E+01; 2.0000000000000E+01; 3.1466666666667E-03; 2.1000000000000E+01; 5.8000000000000E+02; 2.1000000000000E+01; 5.7315464823562E-01; 4.3828091025352E-01; 6.8000000000000E+01; 1.0000000000000E+00; 4.8860504000481E+01; 2.8929484250286E+01; 2.7048100000000E+02; 2.8906300000000E+02; 1.0000000000000E+00; 1.0000000000000E+00; 1.0000000000000E+00; 1.0000000000000E+00; 1.0000000000000E+02; 3.0000000000000E-02; 7.8000000000000E-01;                 NAN; 3.0000000000000E-02; 4.3188658814596E+05; 7.0149158985470E+03; 1.0813262653549E+04; 7.2702766288764E+02; 2.0002033333333E-01; 7.8582071799056E-01; 2.8494483628828E-05; 3.0000000000000E+02; 3.0000000000000E-01; 7.8000000000000E+00; 0.0000000000000E+00; 3.0000000000000E-01; 3.0000000000000E-01; 7.8000000000000E+00
 1.7878536580000E+09; 0.0000000000000E+00; 0.0000000000000E+00; 1.1044170000000E+01; 1.9497288000000E+02; 1.8392871000000E+02; 5.0000000000000E+01; 2.0000000000000E+01; 3.0000000000000E+01; 3.1560000000000E-03; 2.0000000000000E+01; 5.8000000000000E+02; 2.2000000000000E+01; 5.7475313510693E-01; 1.3567890226841E-01; 7.1000000000000E+01; 1.0000000000000E+00; 4.8923700864408E+01; 2.9427732710144E+01; 2.7047200000000E+02; 2.8903400000000E+02; 1.0000000000000E+00; 1.0000000000000E+00; 1.0000000000000E+00; 1.0000000000000E+00; 1.0000000000000E+02; 3.0000000000000E-02; 7.7000000000000E-01;                 NAN; 3.0000000000000E-02; 4.5855883160186E+05; 7.0241767705840E+03; 1.0676988838321E+04; 7.2866345938727E+02; 2.0003100000000E-01; 7.8546987276445E-01; 2.8491326506306E-05; 3.0000000000000E+02; 3.0000000000000E-01; 7.7000000000000E+00; 0.0000000000000E+00; 3.0000000000000E-01; 3.0000000000000E-01; 7.7000000000000E+00
 1.7878536600000E+09; 0.0000000000000E+00; 0.0000000000000E+00; 1.1071790000000E+01; 1.9502919000000E+02; 1.8395740000000E+02; 6.0000000000000E+01; 3.0000000000000E+01; 3.0000000000000E+01; 3.1680000000000E-03; 2.0000000000000E+01; 5.8000000000000E+02; 2.2000000000000E+01; 5.7688016547732E-01; 2.1145620942116E-01; 7.3000000000000E+01; 1.0000000000000E+00; 4.8887458079839E+01; 2.8776388367679E+01; 2.7046200000000E+02; 2.8914300000000E+02; 1.0000000000000E+00; 1.0000000000000E+00; 1.0000000000000E+00; 1.0000000000000E+00; 1.0000000000000E+02; 3.0000000000000E-02; 7.8000000000000E-01;                 NAN; 3.0000000000000E-02; 4.8858680041308E+05; 7.0348876058987E+03; 1.0720906465977E+04; 7.2972898240544E+02; 2.0040700000000E-01; 7.8573057384385E-01; 2.8459118383931E-05; 4.0000000000000E+02; 3.0000000000000E-01; 7.8000000000000E+00; 0.0000000000000E+00; 3.0000000000000E-01; 3.0000000000000E-01; 7.8000000000000E+00
 1.7878536620000E+09; 0.0000000000000E+00; 0.0000000000000E+00; 1.1018820000000E+01; 1.9499568500000E+02; 1.8397686500000E+02; 4.0000000000000E+01; 2.0000000000000E+01; 2.0000000000000E+01; 3.1847619047619E-03; 2.1000000000000E+01; 5.8000000000000E+02; 2.1000000000000E+01; 5.7621911336978E-01; 1.5546013414860E-01; 7.2000000000000E+01; 1.0000000000000E+00; 4.8799327380537E+01; 2.8586643140170E+01; 2.7045600000000E+02; 2.8923300000000E+02; 1.0000000000000E+00; 1.0000000000000E+00; 1.0000000000000E+00; 1.0000000000000E+00; 1.0000000000000E+02; 1.0000000000000E-02; 7.8000000000000E-01;                 NAN; 1.0000000000000E-02; 3.6328394683428E+05; 7.0676899756572E+03; 1.0740281889943E+04; 7.3013380626825E+02; 2.0063150000000E-01; 7.8572499423815E-01; 2.8476145699556E-05; 1.0000000000000E+02; 1.0000000000000E-01; 7.8000000000000E+00; 0.0000000000000E+00; 1.0000000000000E-01; 1.0000000000000E-01; 7.8000000000000E+00
 1.7878536640000E+09; 0.0000000000000E+00; 0.0000000000000E+00; 1.0918900000000E+01; 1.9498688000000E+02; 1.8406798000000E+02; 4.0000000000000E+01; 2.0000000000000E+01; 2.0000000000000E+01; 3.1900000000000E-03; 2.0000000000000E+01; 5.8000000000000E+02; 2.0000000000000E+01; 5.6873510525298E-01; 2.5677549839020E-01; 6.7000000000000E+01; 1.0000000000000E+00; 4.8846293140337E+01; 2.8266023641415E+01; 2.7047900000000E+02; 2.8934200000000E+02; 1.0000000000000E+00; 1.0000000000000E+00; 1.0000000000000E+00; 1.0000000000000E+00; 1.0000000000000E+02; 2.0000000000000E-02; 7.8000000000000E-01;                 NAN; 2.0000000000000E-02; 4.6646764604707E+05; 7.0426241289455E+03; 1.0748193521396E+04; 7.3091861223612E+02; 2.0067266666667E-01; 7.8553849640394E-01; 2.8482930551500E-05; 3.0000000000000E+02; 2.0000000000000E-01; 7.8000000000000E+00; 0.0000000000000E+00; 2.0000000000000E-01; 2.0000000000000E-01; 7.8000000000000E+00
 1.7878536660000E+09; 0.0000000000000E+00; 0.0000000000000E+00; 1.0924410000000E+01; 1.9496666000000E+02; 1.8404225000000E+02; 5.0000000000000E+01; 2.0000000000000E+01; 3.0000000000000E+01; 3.1960000000000E-03; 2.0000000000000E+01; 5.8000000000000E+02; 2.1000000000000E+01; 5.7529730261224E-01; 1.9788831472397E-01; 7.0000000000000E+01; 1.0000000000000E+00; 4.8863797946863E+01; 2.8054252756276E+01; 2.7047400000000E+02; 2.8942900000000E+02; 1.0000000000000E+00; 1.0000000000000E+00; 1.0000000000000E+00; 1.0000000000000E+00; 1.0000000000000E+02; 3.0000000000000E-02; 7.8000000000000E-01;                 NAN; 3.0000000000000E-02; 4.1527338845609E+05; 7.0279761046404E+03; 1.0700723732680E+04; 7.3154770233695E+02; 2.0082225000000E-01; 7.8552491317839E-01; 2.8481946314763E-05; 3.0000000000000E+02; 3.0000000000000E-01; 7.8000000000000E+00; 0.0000000000000E+00; 3.0000000000000E-01; 3.0000000000000E-01; 7.8000000000000E+00
 1.7878536680000E+09; 0.0000000000000E+00; 0.0000000000000E+00; 1.0999615000000E+01; 1.9492685000000E+02; 1.8392723500000E+02; 4.0000000000000E+01; 2.0000000000000E+01; 2.0000000000000E+01; 3.2000000000000E-03; 2.0000000000000E+01; 5.8000000000000E+02; 2.1000000000000E+01; 5.7508751094341E-01; 1.8632391095161E-01; 6.9000000000000E+01; 1.0000000000000E+00; 4.8856418725693E+01; 2.7509436843916E+01; 2.7047800000000E+02; 2.8947100000000E+02; 1.0000000000000E+00; 1.0000000000000E+00; 1.0000000000000E+00; 1.0000000000000E+00; 1.0000000000000E+02; 3.0000000000000E-02; 7.7000000000000E-01;                 NAN; 3.0000000000000E-02; 4.0748783781499E+05; 7.0697184955062E+03; 1.0674243986593E+04; 7.3196082158409E+02; 2.0082475000000E-01; 7.8542582708553E-01; 2.8482969500760E-05; 3.0000000000000E+02; 3.0000000000000E-01; 7.7000000000000E+00; 0.0000000000000E+00; 3.0000000000000E-01; 3.0000000000000E-01; 7.7000000000000E+00
 1.7878536700000E+09; 0.0000000000000E+00; 0.0000000000000E+00; 1.1035711666667E+01; 1.9491155666667E+02; 1.8387584500000E+02; 5.0000000000000E+01; 3.0000000000000E+01; 2.0000000000000E+01; 3.2028571428571E-03; 2.1000000000000E+01; 5.8000000000000E+02; 2.1000000000000E+01; 5.7354378375837E-01; 2.3750148713589E-01; 7.0000000000000E+01; 1.0000000000000E+00; 4.8854959936716E+01; 2.7222466111213E+01; 2.7048600000000E+02; 2.8954200000000E+02; 1.0000000000000E+00; 1.0000000000000E+00; 1.0000000000000E+00; 1.0000000000000E+00; 1.0000000000000E+02; 3.0000000000000E-02; 7.7000000000000E-01;                 NAN; 3.0000000000000E-02; 4.3054760972569E+05; 7.0635896547214E+03; 1.0670368901800E+04; 7.2979111868483E+02; 2.0091475000000E-01; 7.8610368349957E-01; 2.8465598435816E-05; 3.0000000000000E+02; 3.0000000000000E-01; 7.7000000000000E+00; 0.0000000000000E+00; 3.0000000000000E-01; 3.0000000000000E-01; 7.7000000000000E+00
 1.7878536720000E+09; 0.0000000000000E+00; 0.0000000000000E+00; 1.1076013333333E+01; 1.9496816333333E+02; 1.8389215000000E+02; 5.0000000000000E+01; 3.0000000000000E+01; 2.0000000000000E+01; 3.2080000000000E-03; 2.0000000000000E+01; 5.8000000000000E+02; 2.2000000000000E+01; 5.7620663928489E-01; 1.6644124686718E-01; 7.2000000000000E+01; 1.0000000000000E+00; 4.8883700298713E+01; 2.7001347065706E+01; 2.7048200000000E+02; 2.8959300000000E+02; 1.0000000000000E+00; 1.0000000000000E+00; 1.0000000000000E+00; 1.0000000000000E+00; 1.0000000000000E+02; 3.0000000000000E-02; 7.8000000000000E-01;                 NAN; 3.0000000000000E-02; 3.6022213421661E+05; 7.0033258598348E+03; 1.0663264579679E+04; 7.3312758793053E+02; 2.0105533333333E-01; 7.8542310671301E-01; 2.8470750233933E-05; 4.0000000000000E+02; 3.0000000000000E-01; 7.8000000000000E+00; 0.0000000000000E+00; 3.0000000000000E-01; 3.0000000000000E-01; 7.8000000000000E+00
 1.7878536740000E+09; 0.0000000000000E+00; 0.0000000000000E+00; 1.1096260000000E+01; 1.9498703000000E+02; 1.8389077000000E+02; 5.0000000000000E+01; 2.0000000000000E+01; 3.0000000000000E+01; 3.2135000000000E-03; 2.0000000000000E+01; 5.8000000000000E+02; 2.1000000000000E+01; 5.7609418181466E-01; 5.5463510751724E-01; 7.1000000000000E+01; 1.0000000000000E+00; 4.8849001040398E+01; 2.7922596191186E+01; 2.7049600000000E+02; 2.8964200000000E+02; 1.0000000000000E+00; 1.0000000000000E+00; 1.0000000000000E+00; 1.0000000000000E+00; 1.0000000000000E+02; 1.0000000000000E-02; 7.7000000000000E-01;                 NAN; 1.0000000000000E-02; 4.6287960802885E+05; 7.0547798086817E+03; 1.0625482502945E+04; 7.3274657085215E+02; 2.0110025000000E-01; 7.8543687017597E-01; 2.8489591613216E-05; 1.0000000000000E+02; 1.0000000000000E-01; 7.7000000000000E+00; 0.0000000000000E+00; 1.0000000000000E-01; 1.0000000000000E-01; 7.7000000000000E+00
 1.7878536760000E+09; 0.0000000000000E+00; 0.0000000000000E+00; 1.1094005000000E+01; 1.9498693000000E+02; 1.8389292500000E+02; 4.0000000000000E+01; 2.0000000000000E+01; 2.0000000000000E+01; 3.2233333333333E-03; 2.1000000000000E+01; 5.8000000000000E+02; 2.2000000000000E+01; 5.7637184012104E-01; 1.8208870291710E-01; 7.1000000000000E+01; 1.0000000000000E+00; 4.8871847869608E+01; 2.6944410992319E+01; 2.7050100000000E+02; 2.8974900000000E+02; 1.0000000000000E+00; 1.0000000000000E+00; 1.0000000000000E+00; 1.0000000000000E+00; 1.0000000000000E+02; 2.0000000000000E-02; 7.8000000000000E-01;                 NAN; 2.0000000000000E-02; 4.5278615386709E+05; 7.0304169469704E+03; 1.0638883837855E+04; 7.3366594259681E+02; 2.0100566666667E-01; 7.8523550836824E-01; 2.8474498674310E-05; 3.0000000000000E+02; 2.0000000000000E-01; 7.8000000000000E+00; 0.0000000000000E+00; 2.0000000000000E-01; 2.0000000000000E-01; 7.8000000000000E+00
 1.7878536780000E+09; 0.0000000000000E+00; 0.0000000000000E+00; 1.1107135000000E+01; 1.9495852500000E+02; 1.8385139000000E+02; 6.0000000000000E+01; 2.0000000000000E+01; 4.0000000000000E+01; 3.2290000000000E-03; 2.0000000000000E+01; 5.8000000000000E+02; 2.1000000000000E+01; 5.7721189718280E-01; 1.7179231345654E-01; 7.2000000000000E+01; 1.0000000000000E+00; 4.8936511046093E+01; 2.6692173758532E+01; 2.7049200000000E+02; 2.8979600000000E+02; 1.0000000000000E+00; 1.0000000000000E+00; 1.0000000000000E+00; 1.0000000000000E+00; 1.0000000000000E+02; 3.0000000000000E-02; 7.8000000000000E-01;                 NAN; 3.0000000000000E-02; 4.5989001214240E+05; 7.0575407245652E+03; 1.0623060574949E+04; 7.3292235142812E+02; 2.0110825000000E-01; 7.8552546751276E-01; 2.8468919028031E-05; 4.0000000000000E+02; 3.0000000000000E-01; 7.8000000000000E+00; 0.0000000000000E+00; 3.0000000000000E-01; 3.0000000000000E-01; 7.8000000000000E+00
 1.7878536800000E+09; 0.0000000000000E+00; 0.0000000000000E+00; 1.1081963333333E+01; 1.9497777333333E+02; 1.8389581000000E+02; 5.0000000000000E+01; 3.0000000000000E+01; 2.0000000000000E+01; 3.2405000000000E-03; 2.0000000000000E+01; 5.8000000000000E+02; 2.0000000000000E+01; 5.8108760184663E-01; 2.2649501264095E-01; 6.8000000000000E+01; 1.0000000000000E+00; 4.8888961425720E+01; 2.6696141124274E+01; 2.7048600000000E+02; 2.8985700000000E+02; 1.0000000000000E+00; 1.0000000000000E+00; 1.0000000000000E+00; 1.0000000000000E+00; 1.0000000000000E+02; 3.0000000000000E-02; 7.7000000000000E-01;                 NAN; 3.0000000000000E-02; 4.3503831133814E+05; 7.0774699937676E+03; 1.0595450595798E+04; 7.3553283191889E+02; 2.0113575000000E-01; 7.8469146593664E-01; 2.8512356824261E-05; 2.0000000000000E+02; 3.0000000000000E-01; 7.7000000000000E+00; 0.0000000000000E+00; 3.0000000000000E-01; 3.0000000000000E-01; 7.7000000000000E+00
 1.7878536820000E+09; 0.0000000000000E+00; 0.0000000000000E+00; 1.1041020000000E+01; 1.9495406500000E+02; 1.8391304500000E+02; 4.0000000000000E+01; 2.0000000000000E+01; 2.0000000000000E+01; 3.2505000000000E-03; 2.0000000000000E+01; 5.8000000000000E+02; 2.1000000000000E+01; 5.7322193078373E-01; 3.2202310562134E+00; 6.9000000000000E+01; 1.0000000000000E+00; 4.8892720374452E+01; 2.7843009962369E+01; 2.7047500000000E+02; 2.8984100000000E+02; 1.0000000000000E+00; 1.0000000000000E+00; 1.0000000000000E+00; 1.0000000000000E+00; 1.0000000000000E+02; 3.0000000000000E-02; 7.8000000000000E-01;                 NAN; 3.0000000000000E-02; 4.3705132769817E+05; 7.0586283277390E+03; 1.0581403413422E+04; 7.3423430425275E+02; 2.0146900000000E-01; 7.8527644558570E-01; 2.8511119652670E-05; 3.0000000000000E+02; 3.0000000000000E-01; 7.8000000000000E+00; 0.0000000000000E+00; 3.0000000000000E-01; 3.0000000000000E-01; 7.8000000000000E+00
 1.7878536840000E+09; 0.0000000000000E+00; 0.0000000000000E+00; 1.1008602500000E+01; 1.9500466000000E+02; 1.8399605750000E+02; 6.0000000000000E+01; 2.0000000000000E+01; 4.0000000000000E+01; 3.2647619047619E-03; 2.1000000000000E+01; 5.8000000000000E+02; 2.1000000000000E+01; 5.7539450522832E-01; 1.9502258300781E-01; 7.0000000000000E+01; 1.0000000000000E+00; 4.8903040893115E+01; 2.7275664874340E+01; 2.7051200000000E+02; 2.8996600000000E+02; 1.0000000000000E+00; 1.0000000000000E+00; 1.0000000000000E+00; 1.0000000000000E+00; 1.0000000000000E+02; 3.0000000000000E-02; 7.7000000000000E-01;                 NAN; 3.0000000000000E-02; 4.4577017149273E+05; 7.0391290833109E+03; 1.0636986660925E+04; 7.3658328752609E+02; 2.0156000000000E-01; 7.8472803424408E-01; 2.8525574125230E-05; 4.0000000000000E+02; 3.0000000000000E-01; 7.7000000000000E+00; 0.0000000000000E+00; 3.0000000000000E-01; 3.0000000000000E-01; 7.7000000000000E+00
 1.7878536860000E+09; 0.0000000000000E+00; 0.0000000000000E+00; 1.0970903333333E+01; 1.9500044333333E+02; 1.8402954000000E+02; 5.0000000000000E+01; 3.0000000000000E+01; 2.0000000000000E+01; 3.2900000000000E-03; 2.0000000000000E+01; 5.8000000000000E+02; 2.0000000000000E+01; 5.7655462746234E-01; 1.8820059299469E-01; 6.8000000000000E+01; 1.0000000000000E+00; 4.8855876875187E+01; 2.7309268976277E+01; 2.7050100000000E+02;                 NAN; 1.0000000000000E+00; 1.0000000000000E+00; 1.0000000000000E+00; 0.0000000000000E+00; 1.0000000000000E+02; 1.0000000000000E-02; 7.8000000000000E-01;                 NAN; 1.0000000000000E-02; 4.6954668599951E+05; 7.0937888056434E+03; 1.0560574832659E+04; 7.3546084654529E+02; 2.0150333333333E-01; 7.8497032768321E-01; 2.8520125135549E-05; 1.0000000000000E+02; 1.0000000000000E-01; 7.8000000000000E+00; 0.0000000000000E+00; 1.0000000000000E-01; 1.0000000000000E-01; 7.8000000000000E+00
 1.7878536880000E+09; 0.0000000000000E+00; 0.0000000000000E+00; 1.0949015000000E+01; 1.9483977000000E+02; 1.8389075500000E+02; 4.0000000000000E+01; 2.0000000000000E+01; 2.0000000000000E+01; 3.3075000000000E-03; 2.0000000000000E+01; 5.8000000000000E+02; 2.1000000000000E+01; 5.7615341818508E-01; 1.9509865343571E-01; 6.8000000000000E+01; 1.0000000000000E+00; 4.8858336181458E+01; 2.6941331897419E+01; 2.7050100000000E+02; 2.9002750000000E+02; 1.0000000000000E+00; 1.0000000000000E+00; 1.0000000000000E+00; 2.0000000000000E+00; 1.0000000000000E+02; 2.0000000000000E-02; 7.7000000000000E-01;                 NAN; 2.0000000000000E-02; 5.1773959244559E+05; 7.0572274974861E+03; 1.0552178815607E+04; 7.3692991945458E+02; 2.0162350000000E-01; 7.8484245792487E-01; 2.8501823206446E-05; 3.0000000000000E+02; 2.0000000000000E-01; 7.7000000000000E+00; 0.0000000000000E+00; 2.0000000000000E-01; 2.0000000000000E-01; 7.7000000000000E+00
 1.7878536900000E+09; 0.0000000000000E+00; 0.0000000000000E+00; 1.1003415000000E+01; 1.9480115000000E+02; 1.8379773500000E+02; 4.0000000000000E+01; 2.0000000000000E+01; 2.0000000000000E+01; 3.3142857142857E-03; 2.1000000000000E+01; 5.8000000000000E+02; 2.1000000000000E+01; 5.7643917556320E-01; 1.8203797936440E-01; 7.0000000000000E+01; 1.0000000000000E+00; 4.8862797186789E+01; 2.8063287830285E+01; 2.7049200000000E+02; 2.9009700000000E+02; 1.0000000000000E+00; 1.0000000000000E+00; 1.0000000000000E+00; 1.0000000000000E+00; 1.0000000000000E+02; 3.0000000000000E-02; 7.7000000000000E-01;                 NAN; 3.0000000000000E-02; 4.9666589930590E+05; 7.0696836704997E+03; 1.0545558879085E+04; 7.3895807457659E+02; 2.0172666666667E-01; 7.8442104449379E-01; 2.8509147889730E-05; 3.0000000000000E+02; 3.0000000000000E-01; 7.7000000000000E+00; 0.0000000000000E+00; 3.0000000000000E-01; 3.0000000000000E-01; 7.7000000000000E+00
 1.7878536920000E+09; 0.0000000000000E+00; 0.0000000000000E+00; 1.1018078333333E+01; 1.9477611500000E+02; 1.8375803666667E+02; 5.0000000000000E+01; 2.0000000000000E+01; 3.0000000000000E+01; 3.3180000000000E-03; 2.0000000000000E+01; 5.8000000000000E+02; 2.1000000000000E+01; 5.7624034128019E-01; 2.9560250043869E-01; 7.0000000000000E+01; 1.0000000000000E+00; 4.8888376775354E+01; 2.8220616892707E+01; 2.7049600000000E+02;                 NAN; 1.0000000000000E+00; 1.0000000000000E+00; 1.0000000000000E+00; 0.0000000000000E+00; 1.0000000000000E+02; 3.0000000000000E-02; 7.8000000000000E-01;                 NAN; 3.0000000000000E-02; 4.4301650147718E+05; 7.0902687210151E+03; 1.0581887799022E+04; 7.3584799430095E+02; 2.0174425000000E-01; 7.8501397974805E-01; 2.8531820369435E-05; 3.0000000000000E+02; 3.0000000000000E-01; 7.8000000000000E+00; 0.0000000000000E+00; 3.0000000000000E-01; 3.0000000000000E-01; 7.8000000000000E+00
 1.7878536940000E+09; 0.0000000000000E+00; 0.0000000000000E+00; 1.1005905000000E+01; 1.9474817500000E+02; 1.8374227000000E+02; 4.0000000000000E+01; 2.0000000000000E+01; 2.0000000000000E+01; 3.3255000000000E-03; 2.0000000000000E+01; 5.8000000000000E+02; 2.1000000000000E+01; 5.7765062761307E-01; 2.4833044409752E-01; 7.0000000000000E+01; 1.0000000000000E+00; 4.8880152048118E+01; 2.8271989618639E+01; 2.7048900000000E+02; 2.9016300000000E+02; 1.0000000000000E+00; 1.0000000000000E+00; 1.0000000000000E+00; 2.0000000000000E+00; 1.0000000000000E+02; 3.0000000000000E-02; 7.7000000000000E-01;                 NAN; 3.0000000000000E-02; 3.9864012483671E+05; 7.1031551323927E+03; 1.0578174176095E+04; 7.3785962867544E+02; 2.0179200000000E-01; 7.8472843142991E-01; 2.8508940652355E-05; 3.0000000000000E+02; 3.0000000000000E-01; 7.7000000000000E+00; 0.0000000000000E+00; 3.0000000000000E-01; 3.0000000000000E-01; 7.7000000000000E+00
 1.7878536960000E+09; 0.0000000000000E+00; 0.0000000000000E+00; 1.0986530000000E+01; 1.9472374000000E+02; 1.8373721000000E+02; 5.0000000000000E+01; 3.0000000000000E+01; 2.0000000000000E+01; 3.3380000000000E-03; 2.0000000000000E+01; 5.8000000000000E+02; 2.1000000000000E+01; 5.7801271413054E-01; 1.9717822968960E-01; 7.0000000000000E+01; 1.0000000000000E+00; 4.8878232128011E+01; 2.8071067272069E+01; 2.7049900000000E+02; 2.9022900000000E+02; 1.0000000000000E+00; 1.0000000000000E+00; 1.0000000000000E+00; 1.0000000000000E+00; 1.0000000000000E+02; 3.0000000000000E-02; 7.8000000000000E-01;                 NAN; 3.0000000000000E-02; 4.7914012610955E+05; 7.0945577825116E+03; 1.0569939620909E+04; 7.3660499024923E+02; 2.0179525000000E-01; 7.8495321020537E-01; 2.8519970572942E-05; 3.0000000000000E+02; 3.0000000000000E-01; 7.8000000000000E+00; 0.0000000000000E+00; 3.0000000000000E-01; 3.0000000000000E-01; 7.8000000000000E+00
 1.7878536980000E+09; 0.0000000000000E+00; 0.0000000000000E+00; 1.0963060000000E+01; 1.9470935000000E+02; 1.8374629000000E+02; 4.0000000000000E+01; 2.0000000000000E+01; 2.0000000000000E+01; 3.3438095238095E-03; 2.1000000000000E+01; 5.8000000000000E+02; 2.1000000000000E+01; 5.7815632144610E-01; 3.8266524672508E-01; 6.9000000000000E+01; 1.0000000000000E+00; 4.8871096938252E+01; 2.8039066688154E+01; 2.7050400000000E+02; 2.9027300000000E+02; 1.0000000000000E+00; 1.0000000000000E+00; 1.0000000000000E+00; 1.0000000000000E+00; 1.0000000000000E+02; 3.0000000000000E-02; 7.7000000000000E-01;                 NAN; 3.0000000000000E-02; 4.7754845208167E+05; 7.0785656428348E+03; 1.0454010000846E+04; 7.3946200154255E+02; 2.0174200000000E-01; 7.8423925242065E-01; 2.8522521697249E-05; 3.0000000000000E+02; 3.0000000000000E-01; 7.7000000000000E+00; 0.0000000000000E+00; 3.0000000000000E-01; 3.0000000000000E-01; 7.7000000000000E+00
 1.7878537000000E+09; 0.0000000000000E+00; 0.0000000000000E+00; 1.0972823333333E+01; 1.9469131000000E+02; 1.8371848666667E+02; 5.0000000000000E+01; 2.0000000000000E+01; 3.0000000000000E+01; 3.3540000000000E-03; 2.0000000000000E+01; 5.8000000000000E+02; 2.2000000000000E+01; 5.7731054846555E-01; 1.1589768528938E-01; 7.3000000000000E+01; 1.0000000000000E+00; 4.8829555368386E+01; 2.7419927343796E+01; 2.7051900000000E+02; 2.9031000000000E+02; 1.0000000000000E+00; 1.0000000000000E+00; 1.0000000000000E+00; 1.0000000000000E+00; 1.0000000000000E+02; 1.0000000000000E-02; 7.7000000000000E-01;                 NAN; 1.0000000000000E-02; 6.0395170861641E+05; 7.0739433492580E+03; 1.0438025276074E+04; 7.3798601225859E+02; 2.0182260000000E-01; 7.8471858089769E-01; 2.8510043139273E-05; 2.0000000000000E+02; 1.0000000000000E-01; 7.7000000000000E+00; 0.0000000000000E+00; 1.0000000000000E-01; 1.0000000000000E-01; 7.7000000000000E+00
 1.7878537020000E+09; 0.0000000000000E+00; 0.0000000000000E+00; 1.0931660000000E+01; 1.9468746000000E+02; 1.8375580000000E+02; 6.0000000000000E+01; 3.0000000000000E+01; 3.0000000000000E+01; 3.3655000000000E-03; 2.0000000000000E+01; 5.8000000000000E+02; 1.7000000000000E+01; 5.7719526520642E-01; 1.8054170906544E-01; 5.5000000000000E+01; 1.0000000000000E+00; 4.8859670191230E+01; 2.7049374603019E+01; 2.7051800000000E+02;                 NAN; 1.0000000000000E+00; 1.0000000000000E+00; 1.0000000000000E+00; 0.0000000000000E+00; 1.0000000000000E+02; 2.0000000000000E-02; 7.8000000000000E-01;                 NAN; 2.0000000000000E-02; 3.7582908673545E+05; 7.0737047088067E+03; 1.0427368792893E+04; 7.3901711695689E+02; 2.0207650000000E-01; 7.8480389009722E-01; 2.8491687974553E-05; 1.0000000000000E+02; 2.0000000000000E-01; 7.8000000000000E+00; 0.0000000000000E+00; 2.0000000000000E-01; 2.0000000000000E-01; 7.8000000000000E+00
 1.7878537040000E+09; 0.0000000000000E+00; 0.0000000000000E+00; 1.0899885000000E+01; 1.9470505000000E+02; 1.8380516500000E+02; 4.0000000000000E+01; 2.0000000000000E+01; 2.0000000000000E+01; 3.3665000000000E-03; 2.0000000000000E+01; 5.8000000000000E+02; 2.0000000000000E+01; 5.7596567500329E-01; 1.7617969214916E-01; 6.9000000000000E+01; 1.0000000000000E+00; 4.8858211123407E+01; 2.7867030964183E+01; 2.7049600000000E+02; 2.9032700000000E+02; 1.0000000000000E+00; 1.0000000000000E+00; 1.0000000000000E+00; 1.0000000000000E+00; 1.0000000000000E+02; 3.0000000000000E-02; 7.7000000000000E-01;                 NAN; 3.0000000000000E-02; 4.0349283619471E+05; 7.0895305445142E+03; 1.0485010679192E+04; 7.3835900367631E+02; 2.0187575000000E-01; 7.8483809568889E-01; 2.8482983527721E-05; 3.0000000000000E+02; 3.0000000000000E-01; 7.7000000000000E+00; 0.0000000000000E+00; 3.0000000000000E-01; 3.0000000000000E-01; 7.7000000000000E+00
 1.7878537060000E+09; 0.0000000000000E+00; 0.0000000000000E+00; 1.0943595000000E+01; 1.9467467000000E+02; 1.8373107500000E+02; 4.0000000000000E+01; 2.0000000000000E+01; 2.0000000000000E+01; 3.3704761904762E-03; 2.1000000000000E+01; 5.8000000000000E+02; 2.1000000000000E+01; 5.7744404894114E-01; 1.6466601192951E-01; 7.0000000000000E+01; 1.0000000000000E+00; 4.8879108586312E+01; 2.8699085850032E+01; 2.7051600000000E+02; 2.9037700000000E+02; 1.0000000000000E+00; 1.0000000000000E+00; 1.0000000000000E+00; 1.0000000000000E+00; 1.0000000000000E+02; 3.0000000000000E-02; 7.7000000000000E-01;                 NAN; 3.0000000000000E-02; 4.3908724702617E+05; 7.0964974782060E+03; 1.0498896399701E+04; 7.3839060301092E+02; 2.0191866666667E-01; 7.8484804074706E-01; 2.8486141821401E-05; 3.0000000000000E+02; 3.0000000000000E-01; 7.7000000000000E+00; 0.0000000000000E+00; 3.0000000000000E-01; 3.0000000000000E-01; 7.7000000000000E+00
 1.7878537080000E+09; 0.0000000000000E+00; 0.0000000000000E+00; 1.0864591666667E+01; 1.9468550500000E+02; 1.8382091333333E+02; 5.0000000000000E+01; 2.0000000000000E+01; 3.0000000000000E+01; 3.3810000000000E-03; 2.0000000000000E+01; 5.8000000000000E+02; 2.1000000000000E+01; 5.7645317496597E-01; 2.3240402340889E-01; 6.9000000000000E+01; 1.0000000000000E+00; 4.8907931759723E+01; 2.8526605574732E+01; 2.7050600000000E+02; 2.9036700000000E+02; 1.0000000000000E+00; 1.0000000000000E+00; 1.0000000000000E+00; 1.0000000000000E+00; 1.0000000000000E+02; 3.0000000000000E-02; 7.7000000000000E-01;                 NAN; 3.0000000000000E-02; 3.7531321136642E+05; 7.0890946421297E+03; 1.0484687755459E+04; 7.3896459089669E+02; 2.0202200000000E-01; 7.8475563115857E-01; 2.8494168738969E-05; 3.0000000000000E+02; 3.0000000000000E-01; 7.7000000000000E+00; 0.0000000000000E+00; 3.0000000000000E-01; 3.0000000000000E-01; 7.7000000000000E+00
 1.7878537100000E+09; 0.0000000000000E+00; 0.0000000000000E+00; 1.0844745000000E+01; 1.9467813000000E+02; 1.8383338500000E+02; 5.0000000000000E+01; 3.0000000000000E+01; 2.0000000000000E+01; 3.3935000000000E-03; 2.0000000000000E+01; 5.8000000000000E+02; 2.1000000000000E+01; 5.7607945954454E-01; 2.1036571264267E-01; 6.9000000000000E+01; 1.0000000000000E+00; 4.8895352135327E+01; 2.8116349532915E+01;                 NAN; 2.9040300000000E+02; 1.0000000000000E+00; 1.0000000000000E+00; 0.0000000000000E+00; 1.0000000000000E+00; 1.0000000000000E+02; 3.0000000000000E-02; 7.7000000000000E-01;                 NAN; 3.0000000000000E-02; 4.2388434199107E+05; 7.0554673528609E+03; 1.0445775445660E+04; 7.3891965464170E+02; 2.0191700000000E-01; 7.8459950244030E-01; 2.8507421483942E-05; 3.0000000000000E+02; 3.0000000000000E-01; 7.7000000000000E+00; 0.0000000000000E+00; 3.0000000000000E-01; 3.0000000000000E-01; 7.7000000000000E+00
 1.7878537120000E+09; 0.0000000000000E+00; 0.0000000000000E+00; 1.0883880000000E+01; 1.9463631500000E+02; 1.8375243500000E+02; 4.0000000000000E+01; 2.0000000000000E+01; 2.0000000000000E+01; 3.4209523809524E-03; 2.1000000000000E+01; 5.8000000000000E+02; 2.2000000000000E+01; 5.7464847399129E-01; 1.6152130067348E-01; 7.2000000000000E+01; 1.0000000000000E+00; 4.8892052055897E+01; 2.7397162425529E+01; 2.7051400000000E+02; 2.9043500000000E+02; 1.0000000000000E+00; 1.0000000000000E+00; 2.0000000000000E+00; 1.0000000000000E+00; 1.0000000000000E+02; 3.0000000000000E-02; 7.8000000000000E-01;                 NAN; 3.0000000000000E-02; 3.9682580273287E+05; 7.1276065916776E+03; 1.0406217288397E+04; 7.3938123498790E+02; 2.0184875000000E-01; 7.8447143980083E-01; 2.8501579437263E-05; 3.0000000000000E+02; 3.0000000000000E-01; 7.8000000000000E+00; 0.0000000000000E+00; 3.0000000000000E-01; 3.0000000000000E-01; 7.8000000000000E+00
 1.7878537140000E+09; 0.0000000000000E+00; 0.0000000000000E+00; 1.0857596666667E+01; 1.9464201666667E+02; 1.8378442000000E+02; 5.0000000000000E+01; 3.0000000000000E+01; 2.0000000000000E+01; 3.4405000000000E-03; 2.0000000000000E+01; 5.8000000000000E+02; 2.0000000000000E+01; 5.7682469000851E-01; 1.7412549257278E-01; 6.9000000000000E+01; 1.0000000000000E+00; 4.8871931308476E+01; 2.7304763554436E+01; 2.7052300000000E+02; 2.9045400000000E+02; 1.0000000000000E+00; 1.0000000000000E+00; 1.0000000000000E+00; 1.0000000000000E+00; 1.0000000000000E+02; 1.0000000000000E-02; 7.7000000000000E-01;                 NAN; 1.0000000000000E-02; 4.1430568527668E+05; 7.0963437874049E+03; 1.0379899004176E+04; 7.3917903127381E+02; 2.0208175000000E-01; 7.8476453638343E-01; 2.8492825177198E-05; 1.0000000000000E+02; 1.0000000000000E-01; 7.7000000000000E+00; 0.0000000000000E+00; 1.0000000000000E-01; 1.0000000000000E-01; 7.7000000000000E+00
 1.7878537160000E+09; 0.0000000000000E+00; 0.0000000000000E+00; 1.0879400000000E+01; 1.9468301500000E+02; 1.8380361500000E+02; 4.0000000000000E+01; 2.0000000000000E+01; 2.0000000000000E+01; 3.4535000000000E-03; 2.0000000000000E+01; 5.8000000000000E+02; 2.1000000000000E+01; 5.7711014685423E-01; 3.2497000694275E-01; 6.9000000000000E+01; 1.0000000000000E+00; 4.8904420224981E+01; 2.8599349778973E+01; 2.7053500000000E+02; 2.9047800000000E+02; 1.0000000000000E+00; 1.0000000000000E+00; 1.0000000000000E+00; 1.0000000000000E+00; 1.0000000000000E+02; 2.0000000000000E-02; 7.7000000000000E-01;                 NAN; 2.0000000000000E-02; 3.8554584649248E+05; 7.0607469161916E+03; 1.0413483072384E+04; 7.3858955161641E+02; 2.0219666666667E-01; 7.8499012796599E-01; 2.8493686014284E-05; 3.0000000000000E+02; 2.0000000000000E-01; 7.7000000000000E+00; 0.0000000000000E+00; 2.0000000000000E-01; 2.0000000000000E-01; 7.7000000000000E+00
 1.7878537180000E+09; 0.0000000000000E+00; 0.0000000000000E+00; 1.0872405000000E+01; 1.9470862500000E+02; 1.8383622000000E+02; 5.0000000000000E+01; 2.0000000000000E+01; 3.0000000000000E+01; 3.4585000000000E-03; 2.0000000000000E+01; 5.8000000000000E+02; 2.1000000000000E+01; 5.7025019362143E-01; 1.7212200164795E-01; 7.0000000000000E+01; 1.0000000000000E+00; 4.8929727971298E+01; 2.8108323432684E+01; 2.7053700000000E+02; 2.9054600000000E+02; 1.0000000000000E+00; 1.0000000000000E+00; 1.0000000000000E+00; 1.0000000000000E+00; 1.0000000000000E+02; 3.0000000000000E-02; 7.7000000000000E-01;                 NAN; 3.0000000000000E-02; 4.1478220256706E+05; 7.0608377140968E+03; 1.0455947543243E+04; 7.4156826574839E+02; 2.0214925000000E-01; 7.8413601480211E-01; 2.8516313714970E-05; 3.0000000000000E+02; 3.0000000000000E-01; 7.7000000000000E+00; 0.0000000000000E+00; 3.0000000000000E-01; 3.0000000000000E-01; 7.7000000000000E+00
 1.7878537200000E+09; 0.0000000000000E+00; 0.0000000000000E+00; 1.0882315000000E+01; 1.9470209500000E+02; 1.8381978000000E+02; 5.0000000000000E+01; 2.0000000000000E+01; 3.0000000000000E+01; 3.4609523809524E-03; 2.1000000000000E+01; 5.8000000000000E+02; 2.2000000000000E+01; 5.6993749899997E-01; 5.5524373054504E-01; 7.2000000000000E+01; 1.0000000000000E+00; 4.8964090226554E+01; 2.7359620119522E+01; 2.7054100000000E+02; 2.9053600000000E+02; 1.0000000000000E+00; 1.0000000000000E+00; 1.0000000000000E+00; 1.0000000000000E+00; 1.0000000000000E+02; 3.0000000000000E-02; 7.7000000000000E-01;                 NAN; 3.0000000000000E-02; 4.3414216577163E+05; 7.0804947371405E+03; 1.0397094692946E+04; 7.3986463163930E+02; 2.0216225000000E-01; 7.8474770766495E-01; 2.8480599169152E-05; 4.0000000000000E+02; 3.0000000000000E-01; 7.7000000000000E+00; 0.0000000000000E+00; 3.0000000000000E-01; 3.0000000000000E-01; 7.7000000000000E+00
 1.7878537220000E+09; 0.0000000000000E+00; 0.0000000000000E+00; 1.0932573333333E+01; 1.9476611333333E+02; 1.8383354000000E+02; 5.0000000000000E+01; 3.0000000000000E+01; 2.0000000000000E+01; 3.4715000000000E-03; 2.0000000000000E+01; 5.8000000000000E+02; 2.1000000000000E+01; 5.7414141025808E-01; 2.5421407818794E-01; 7.2000000000000E+01; 1.0000000000000E+00; 4.8945936522926E+01; 2.7438565842502E+01; 2.7054300000000E+02; 2.9058200000000E+02; 1.0000000000000E+00; 1.0000000000000E+00; 1.0000000000000E+00; 1.0000000000000E+00; 1.0000000000000E+02; 3.0000000000000E-02; 7.8000000000000E-01;                 NAN; 3.0000000000000E-02; 5.0671629657254E+05; 7.1108820031370E+03; 1.0396045190814E+04; 7.3902158859788E+02; 2.0224366666667E-01; 7.8501218526902E-01; 2.8479925496967E-05; 3.0000000000000E+02; 3.0000000000000E-01; 7.8000000000000E+00; 0.0000000000000E+00; 3.0000000000000E-01; 3.0000000000000E-01; 7.8000000000000E+00
 1.7878537240000E+09; 0.0000000000000E+00; 0.0000000000000E+00; 1.0997845000000E+01; 1.9483360000000E+02; 1.8383575500000E+02; 4.0000000000000E+01; 2.0000000000000E+01; 2.0000000000000E+01; 3.4725000000000E-03; 2.0000000000000E+01; 5.8000000000000E+02; 2.1000000000000E+01; 5.5380549287370E-01; 1.3167193531990E-01; 7.0000000000000E+01; 1.0000000000000E+00; 4.8933830986188E+01; 2.7685792822298E+01; 2.7054600000000E+02; 2.9059000000000E+02; 1.0000000000000E+00; 1.0000000000000E+00; 1.0000000000000E+00; 1.0000000000000E+00; 1.0000000000000E+02; 3.0000000000000E-02; 7.7000000000000E-01;                 NAN; 3.0000000000000E-02; 4.9581227576048E+05; 7.1328203218553E+03; 1.0429144873423E+04; 7.3948467627657E+02; 2.0231433333333E-01; 7.8479699975441E-01; 2.8508348397409E-05; 3.0000000000000E+02; 3.0000000000000E-01; 7.7000000000000E+00; 0.0000000000000E+00; 3.0000000000000E-01; 3.0000000000000E-01; 7.7000000000000E+00
 1.7878537260000E+09; 0.0000000000000E+00; 0.0000000000000E+00; 1.1016136666667E+01; 1.9480348000000E+02; 1.8378734333333E+02; 5.0000000000000E+01; 2.0000000000000E+01; 3.0000000000000E+01; 3.4780952380952E-03; 2.1000000000000E+01; 5.8000000000000E+02; 2.2000000000000E+01; 5.7503713229173E-01; 3.1185859441757E-01; 7.1000000000000E+01; 1.0000000000000E+00; 4.8934417212821E+01; 2.7691167222608E+01; 2.7054400000000E+02; 2.9061500000000E+02; 1.0000000000000E+00; 1.0000000000000E+00; 1.0000000000000E+00; 1.0000000000000E+00; 1.0000000000000E+02; 3.0000000000000E-02; 7.7000000000000E-01;                 NAN; 3.0000000000000E-02; 4.1891578133714E+05; 7.0834403857959E+03; 1.0409930911323E+04; 7.4179687833427E+02; 2.0237700000000E-01; 7.8419122438597E-01; 2.8530335044022E-05; 3.0000000000000E+02; 3.0000000000000E-01; 7.7000000000000E+00; 0.0000000000000E+00; 3.0000000000000E-01; 3.0000000000000E-01; 7.7000000000000E+00
 1.7878537280000E+09; 0.0000000000000E+00; 0.0000000000000E+00; 1.0948300000000E+01; 1.9478679000000E+02; 1.8383849000000E+02; 4.0000000000000E+01; 2.0000000000000E+01; 2.0000000000000E+01; 3.4905000000000E-03; 2.0000000000000E+01; 5.8000000000000E+02; 2.1000000000000E+01; 5.7620043492492E-01; 2.2426328063011E-01; 6.8000000000000E+01; 1.0000000000000E+00; 4.8919265621000E+01; 2.8352462745177E+01; 2.7051500000000E+02; 2.9058400000000E+02; 1.0000000000000E+00; 1.0000000000000E+00; 1.0000000000000E+00; 1.0000000000000E+00; 1.0000000000000E+02; 1.0000000000000E-02; 7.7000000000000E-01;                 NAN; 1.0000000000000E-02; 1.6751974430440E+05; 7.1353104870203E+03; 1.0449650530454E+04; 7.4117026242286E+02; 2.0229366666667E-01; 7.8424124926774E-01; 2.8534261319422E-05; 1.0000000000000E+02; 1.0000000000000E-01; 7.7000000000000E+00; 0.0000000000000E+00; 1.0000000000000E-01; 1.0000000000000E-01; 7.7000000000000E+00
 1.7878537300000E+09; 0.0000000000000E+00; 0.0000000000000E+00; 1.0869608333333E+01; 1.9473255333333E+02; 1.8386294500000E+02; 5.0000000000000E+01; 3.0000000000000E+01; 2.0000000000000E+01; 3.5135000000000E-03; 2.0000000000000E+01; 5.8000000000000E+02; 2.1000000000000E+01; 5.5894617652893E-01; 2.6854279637337E-01; 7.0000000000000E+01; 1.0000000000000E+00; 4.8933286651169E+01; 2.7535210360756E+01; 2.7051400000000E+02; 2.9056200000000E+02; 1.0000000000000E+00; 1.0000000000000E+00; 1.0000000000000E+00; 1.0000000000000E+00; 1.0000000000000E+02; 2.0000000000000E-02; 7.7000000000000E-01;                 NAN; 2.0000000000000E-02; 5.3359018980198E+05; 7.1159304030804E+03; 1.0362461122607E+04; 7.4197958484540E+02; 2.0222400000000E-01; 7.8409808109756E-01; 2.8517434211318E-05; 3.0000000000000E+02; 2.0000000000000E-01; 7.7000000000000E+00; 0.0000000000000E+00; 2.0000000000000E-01; 2.0000000000000E-01; 7.7000000000000E+00
 1.7878537320000E+09; 0.0000000000000E+00; 0.0000000000000E+00; 1.0824705000000E+01; 1.9463946000000E+02; 1.8381475500000E+02; 5.0000000000000E+01; 3.0000000000000E+01; 2.0000000000000E+01; 3.5300000000000E-03; 2.0000000000000E+01; 5.8000000000000E+02; 2.2000000000000E+01; 5.7914645517452E-01; 2.0067797601223E-01; 7.2000000000000E+01; 1.0000000000000E+00; 4.8952726141140E+01; 2.8237647563716E+01; 2.7051900000000E+02; 2.9064200000000E+02; 1.0000000000000E+00; 1.0000000000000E+00; 1.0000000000000E+00; 1.0000000000000E+00; 1.0000000000000E+02; 3.0000000000000E-02; 7.7000000000000E-01;                 NAN; 3.0000000000000E-02; 4.1837235133474E+05; 7.0965261961206E+03; 1.0366578400200E+04; 7.4288696737161E+02; 2.0219100000000E-01; 7.8402888057367E-01; 2.8489596344409E-05; 4.0000000000000E+02; 3.0000000000000E-01; 7.7000000000000E+00; 0.0000000000000E+00; 3.0000000000000E-01; 3.0000000000000E-01; 7.7000000000000E+00
 1.7878537340000E+09; 0.0000000000000E+00; 0.0000000000000E+00; 1.0828403333333E+01; 1.9468488000000E+02; 1.8385647666667E+02; 5.0000000000000E+01; 2.0000000000000E+01; 3.0000000000000E+01; 3.5395238095238E-03; 2.1000000000000E+01; 5.8000000000000E+02; 2.0000000000000E+01; 5.7322073738916E-01; 6.1834079027176E-01; 7.0000000000000E+01; 1.0000000000000E+00; 4.8914245998028E+01; 2.8005129080358E+01; 2.7054300000000E+02; 2.9067900000000E+02; 1.0000000000000E+00; 1.0000000000000E+00; 1.0000000000000E+00; 1.0000000000000E+00; 1.0000000000000E+02; 3.0000000000000E-02; 7.7000000000000E-01;                 NAN; 3.0000000000000E-02; 4.1487745490570E+05; 7.1014377408850E+03; 1.0290610592066E+04; 7.3982606822855E+02; 2.0231500000000E-01; 7.8474387728416E-01; 2.8504250594536E-05; 3.0000000000000E+02; 3.0000000000000E-01; 7.7000000000000E+00; 0.0000000000000E+00; 3.0000000000000E-01; 3.0000000000000E-01; 7.7000000000000E+00
 1.7878537360000E+09; 0.0000000000000E+00; 0.0000000000000E+00; 1.0804125000000E+01; 1.9469328000000E+02; 1.8388915500000E+02; 4.0000000000000E+01; 2.0000000000000E+01; 2.0000000000000E+01; 3.5550000000000E-03; 2.0000000000000E+01; 5.8000000000000E+02; 2.1000000000000E+01; 5.7691533551046E-01; 1.6273860633373E-01; 7.0000000000000E+01; 1.0000000000000E+00; 4.8749714285463E+01; 2.7781904672912E+01; 2.7055100000000E+02; 2.9058500000000E+02; 1.0000000000000E+00; 1.0000000000000E+00; 1.0000000000000E+00; 1.0000000000000E+00; 1.0000000000000E+02; 3.0000000000000E-02; 7.7000000000000E-01;                 NAN; 3.0000000000000E-02; 4.0940230147055E+05; 7.1065362710294E+03; 1.0347122245300E+04; 7.4077787596868E+02; 2.0240700000000E-01; 7.8476812605029E-01; 2.8476483144696E-05; 3.0000000000000E+02; 3.0000000000000E-01; 7.7000000000000E+00; 0.0000000000000E+00; 3.0000000000000E-01; 3.0000000000000E-01; 7.7000000000000E+00
 1.7878537380000E+09; 0.0000000000000E+00; 0.0000000000000E+00; 1.0836701666667E+01; 1.9470532666667E+02; 1.8386862500000E+02; 5.0000000000000E+01; 3.0000000000000E+01; 2.0000000000000E+01; 3.5615000000000E-03; 2.0000000000000E+01; 5.8000000000000E+02; 2.1000000000000E+01; 5.6212522374547E-01; 1.8586741387844E-01; 6.9000000000000E+01; 1.0000000000000E+00; 4.8761606748932E+01; 2.8065671927766E+01; 2.7053900000000E+02; 2.9069300000000E+02; 1.0000000000000E+00; 1.0000000000000E+00; 1.0000000000000E+00; 1.0000000000000E+00; 1.0000000000000E+02; 3.0000000000000E-02; 7.7000000000000E-01;                 NAN; 3.0000000000000E-02; 4.0192164706369E+05; 7.1219515742885E+03; 1.0376023919383E+04; 7.4020741047120E+02; 2.0221950000000E-01; 7.8480407255820E-01; 2.8465970847435E-05; 3.0000000000000E+02; 3.0000000000000E-01; 7.7000000000000E+00; 0.0000000000000E+00; 3.0000000000000E-01; 3.0000000000000E-01; 7.7000000000000E+00
 1.7878537400000E+09; 0.0000000000000E+00; 0.0000000000000E+00; 1.0944281666667E+01; 1.9475501500000E+02; 1.8381073333333E+02; 5.0000000000000E+01; 2.0000000000000E+01; 3.0000000000000E+01; 3.5642857142857E-03; 2.1000000000000E+01; 5.8000000000000E+02; 2.1000000000000E+01; 5.7722939831623E-01; 4.7538337111473E-01; 6.9000000000000E+01; 1.0000000000000E+00; 4.8746649262951E+01; 2.7728822775056E+01; 2.7053000000000E+02; 2.9073000000000E+02; 1.0000000000000E+00; 1.0000000000000E+00; 1.0000000000000E+00; 1.0000000000000E+00; 1.0000000000000E+02; 3.0000000000000E-02; 7.7000000000000E-01;                 NAN; 3.0000000000000E-02; 4.1964465643882E+05; 7.1002099683498E+03; 1.0365851821801E+04; 7.3856350628656E+02; 2.0250675000000E-01; 7.8539121091101E-01; 2.8470606770767E-05; 3.0000000000000E+02; 3.0000000000000E-01; 7.7000000000000E+00; 0.0000000000000E+00; 3.0000000000000E-01; 3.0000000000000E-01; 7.7000000000000E+00
 1.7878537420000E+09; 0.0000000000000E+00; 0.0000000000000E+00; 1.1006005000000E+01; 1.9475859500000E+02; 1.8375259000000E+02; 4.0000000000000E+01; 2.0000000000000E+01; 2.0000000000000E+01; 3.5720000000000E-03; 2.0000000000000E+01; 5.8000000000000E+02; 2.1000000000000E+01; 5.9571856732879E-01; 1.7428222656250E+01; 7.0000000000000E+01; 1.0000000000000E+00; 4.8826101603082E+01; 2.8463184602576E+01; 2.7053100000000E+02; 2.9079800000000E+02; 1.0000000000000E+00; 1.0000000000000E+00; 1.0000000000000E+00; 1.0000000000000E+00; 1.0000000000000E+02; 1.0000000000000E-02; 7.7000000000000E-01;                 NAN; 1.0000000000000E-02; 5.2331729028885E+05; 7.1259750092723E+03; 1.0339694999447E+04; 7.3817247671129E+02; 2.0250625000000E-01; 7.8545998854723E-01; 2.8473995527703E-05; 1.0000000000000E+02; 1.0000000000000E-01; 7.7000000000000E+00; 0.0000000000000E+00; 1.0000000000000E-01; 1.0000000000000E-01; 7.7000000000000E+00
 1.7878537440000E+09; 0.0000000000000E+00; 0.0000000000000E+00; 1.1033416666667E+01; 1.9482841666667E+02; 1.8379500000000E+02; 5.0000000000000E+01; 3.0000000000000E+01; 2.0000000000000E+01; 3.5855000000000E-03; 2.0000000000000E+01; 5.8000000000000E+02; 2.1000000000000E+01; 5.6943453324192E-01; 1.8749050140381E+01; 6.8000000000000E+01; 1.0000000000000E+00; 4.8863089069057E+01; 2.8510059562188E+01; 2.7052600000000E+02; 2.9098600000000E+02; 1.0000000000000E+00; 1.0000000000000E+00; 1.0000000000000E+00; 1.0000000000000E+00; 1.0000000000000E+02; 2.0000000000000E-02; 7.7000000000000E-01;                 NAN; 2.0000000000000E-02; 4.3385292317975E+05; 7.1129027765586E+03; 1.0245401269479E+04; 7.3769117971175E+02; 2.0247050000000E-01; 7.8553175579294E-01; 2.8475411647440E-05; 3.0000000000000E+02; 2.0000000000000E-01; 7.7000000000000E+00; 0.0000000000000E+00; 2.0000000000000E-01; 2.0000000000000E-01; 7.7000000000000E+00
 1.7878537460000E+09; 0.0000000000000E+00; 0.0000000000000E+00; 1.0940805000000E+01; 1.9483893500000E+02; 1.8389813000000E+02; 4.0000000000000E+01; 2.0000000000000E+01; 2.0000000000000E+01; 3.6080000000000E-03; 2.0000000000000E+01; 5.8000000000000E+02; 1.9000000000000E+01; 5.5528125161030E-01; 2.0151486992836E-01; 6.1000000000000E+01; 1.0000000000000E+00; 4.8919516641365E+01; 2.8664420573961E+01;                 NAN; 2.9116900000000E+02; 1.0000000000000E+00; 1.0000000000000E+00; 0.0000000000000E+00; 1.0000000000000E+00; 1.0000000000000E+02; 3.0000000000000E-02; 7.7000000000000E-01;                 NAN; 3.0000000000000E-02; 4.9218451611153E+05; 7.0884309143404E+03; 1.0269701280370E+04; 7.3836499660831E+02; 2.0217225000000E-01; 7.8521693632071E-01; 2.8460623854949E-05; 2.0000000000000E+02; 3.0000000000000E-01; 7.7000000000000E+00; 0.0000000000000E+00; 3.0000000000000E-01; 3.0000000000000E-01; 7.7000000000000E+00
 1.7878537480000E+09; 0.0000000000000E+00; 0.0000000000000E+00; 1.0897285000000E+01; 1.9478959000000E+02; 1.8389230500000E+02; 4.0000000000000E+01; 2.0000000000000E+01; 2.0000000000000E+01; 3.6247619047619E-03; 2.1000000000000E+01; 5.8000000000000E+02; 2.0000000000000E+01; 5.5525606733035E-01; 3.8768661022186E-01; 6.8000000000000E+01; 1.0000000000000E+00; 4.8873016051081E+01; 2.7903994211984E+01; 2.7055400000000E+02; 2.9132300000000E+02; 1.0000000000000E+00; 1.0000000000000E+00; 1.0000000000000E+00; 1.0000000000000E+00; 1.0000000000000E+02; 3.0000000000000E-02; 7.7000000000000E-01;                 NAN; 3.0000000000000E-02; 4.7643024633560E+05; 7.1093423210175E+03; 1.0383451165237E+04; 7.4010292734270E+02; 2.0229533333333E-01; 7.8485777283132E-01; 2.8471610611411E-05; 3.0000000000000E+02; 3.0000000000000E-01; 7.7000000000000E+00; 0.0000000000000E+00; 3.0000000000000E-01; 3.0000000000000E-01; 7.7000000000000E+00
 1.7878537500000E+09; 0.0000000000000E+00; 0.0000000000000E+00; 1.0962425000000E+01; 1.9462133500000E+02; 1.8365891000000E+02; 5.0000000000000E+01; 2.0000000000000E+01; 3.0000000000000E+01; 3.6385000000000E-03; 2.0000000000000E+01; 5.8000000000000E+02; 2.1000000000000E+01; 5.5636114594766E-01; 1.6266252100468E-01; 7.0000000000000E+01; 1.0000000000000E+00; 4.8847251271150E+01; 2.7351243400417E+01; 2.7056550000000E+02; 2.9148900000000E+02; 1.0000000000000E+00; 1.0000000000000E+00; 2.0000000000000E+00; 1.0000000000000E+00; 1.0000000000000E+02; 3.0000000000000E-02; 7.7000000000000E-01;                 NAN; 3.0000000000000E-02; 4.0238264602539E+05; 7.1129808750576E+03; 1.0341471079977E+04; 7.3945282920909E+02; 2.0240125000000E-01; 7.8515199850290E-01; 2.8461900088840E-05; 3.0000000000000E+02; 3.0000000000000E-01; 7.7000000000000E+00; 0.0000000000000E+00; 3.0000000000000E-01; 3.0000000000000E-01; 7.7000000000000E+00
 1.7878537520000E+09; 0.0000000000000E+00; 0.0000000000000E+00; 1.1001395000000E+01; 1.9453394000000E+02; 1.8353254500000E+02; 4.0000000000000E+01; 2.0000000000000E+01; 2.0000000000000E+01; 3.6485000000000E-03; 2.0000000000000E+01; 5.8000000000000E+02; 2.2000000000000E+01; 5.7557270294999E-01; 3.9407747983932E-01; 7.3000000000000E+01; 1.0000000000000E+00; 4.8858169437594E+01; 2.8040321835588E+01; 2.7051700000000E+02; 2.9158000000000E+02; 1.0000000000000E+00; 1.0000000000000E+00; 1.0000000000000E+00; 1.0000000000000E+00; 1.0000000000000E+02; 3.0000000000000E-02; 7.8000000000000E-01;                 NAN; 3.0000000000000E-02; 4.2956691135430E+05; 7.1123140348227E+03; 1.0232807243901E+04; 7.4006038354121E+02; 2.0230200000000E-01; 7.8492704180723E-01; 2.8462505903683E-05; 3.0000000000000E+02; 3.0000000000000E-01; 7.8000000000000E+00; 0.0000000000000E+00; 3.0000000000000E-01; 3.0000000000000E-01; 7.8000000000000E+00
 1.7878537540000E+09; 0.0000000000000E+00; 0.0000000000000E+00; 1.0953668333333E+01; 1.9457459333333E+02; 1.8362092500000E+02; 5.0000000000000E+01; 3.0000000000000E+01; 2.0000000000000E+01; 3.6500000000000E-03; 2.0000000000000E+01; 5.8000000000000E+02; 2.2000000000000E+01; 5.7651772886515E-01; 1.9740647077560E-01; 7.2000000000000E+01; 1.0000000000000E+00; 4.8789692245918E+01; 2.8697593495442E+01; 2.7055500000000E+02; 2.9163300000000E+02; 1.0000000000000E+00; 1.0000000000000E+00; 1.0000000000000E+00; 1.0000000000000E+00; 1.0000000000000E+02; 3.0000000000000E-02; 7.7000000000000E-01;                 NAN; 3.0000000000000E-02; 5.2114178860491E+05; 7.0925237311634E+03; 1.0320561768280E+04; 7.3971450276893E+02; 2.0258925000000E-01; 7.8518203412945E-01; 2.8473188663485E-05; 4.0000000000000E+02; 3.0000000000000E-01; 7.7000000000000E+00; 0.0000000000000E+00; 3.0000000000000E-01; 3.0000000000000E-01; 7.7000000000000E+00
 1.7878537560000E+09; 0.0000000000000E+00; 0.0000000000000E+00; 1.0844991666667E+01; 1.9458136500000E+02; 1.8373637333333E+02; 5.0000000000000E+01; 2.0000000000000E+01; 3.0000000000000E+01; 3.6585714285714E-03; 2.1000000000000E+01; 5.8000000000000E+02; 2.2000000000000E+01; 5.7743104191290E-01; 1.7323787510395E-01; 7.2000000000000E+01; 1.0000000000000E+00; 4.8866049872526E+01; 2.8435468607282E+01; 2.7055200000000E+02; 2.9174200000000E+02; 1.0000000000000E+00; 1.0000000000000E+00; 1.0000000000000E+00; 1.0000000000000E+00; 1.0000000000000E+02; 1.0000000000000E-02; 7.7000000000000E-01;                 NAN; 1.0000000000000E-02; 3.8830745914522E+05; 7.1148815327318E+03; 1.0231192625237E+04; 7.4011172615653E+02; 2.0239366666667E-01; 7.8494815724519E-01; 2.8469866059343E-05; 1.0000000000000E+02; 1.0000000000000E-01; 7.7000000000000E+00; 0.0000000000000E+00; 1.0000000000000E-01; 1.0000000000000E-01; 7.7000000000000E+00
 1.7878537580000E+09; 0.0000000000000E+00; 0.0000000000000E+00; 1.0816700000000E+01; 1.9457484000000E+02; 1.8375814000000E+02; 5.0000000000000E+01; 2.0000000000000E+01; 3.0000000000000E+01; 3.6550000000000E-03; 2.0000000000000E+01; 5.8000000000000E+02; 2.1000000000000E+01; 5.7749057705204E-01; 1.7427764832973E-01; 7.2000000000000E+01; 1.0000000000000E+00; 4.8824687009196E+01; 2.8071820083773E+01; 2.7052600000000E+02; 2.9196100000000E+02; 1.0000000000000E+00; 1.0000000000000E+00; 1.0000000000000E+00; 1.0000000000000E+00; 1.0000000000000E+02; 2.0000000000000E-02; 7.7000000000000E-01;                 NAN; 2.0000000000000E-02; 4.1598697750998E+05; 7.1343718786879E+03; 1.0256259579993E+04; 7.4172226678280E+02; 2.0235520000000E-01; 7.8456466097834E-01; 2.8467206447896E-05; 4.0000000000000E+02; 2.0000000000000E-01; 7.7000000000000E+00; 0.0000000000000E+00; 2.0000000000000E-01; 2.0000000000000E-01; 7.7000000000000E+00
 1.7878537600000E+09; 0.0000000000000E+00; 0.0000000000000E+00; 1.0787210000000E+01; 1.9456312000000E+02; 1.8377591000000E+02; 5.0000000000000E+01; 3.0000000000000E+01; 2.0000000000000E+01; 3.6655000000000E-03; 2.0000000000000E+01; 5.8000000000000E+02; 2.1000000000000E+01; 5.7802300414869E-01; 2.5740951299667E-02; 7.0000000000000E+01; 1.0000000000000E+00; 4.8846834685915E+01; 2.7619179878538E+01; 2.7056000000000E+02; 2.9198200000000E+02; 1.0000000000000E+00; 1.0000000000000E+00; 1.0000000000000E+00; 1.0000000000000E+00; 1.0000000000000E+02; 3.0000000000000E-02; 7.7000000000000E-01;                 NAN; 3.0000000000000E-02; 4.1759563424757E+05; 7.1055490153197E+03; 1.0278178028355E+04; 7.4111367898026E+02; 2.0261100000000E-01; 7.8494177030061E-01; 2.8462983000995E-05; 3.0000000000000E+02; 3.0000000000000E-01; 7.7000000000000E+00; 0.0000000000000E+00; 3.0000000000000E-01; 3.0000000000000E-01; 7.7000000000000E+00
 1.7878537620000E+09; 0.0000000000000E+00; 0.0000000000000E+00; 1.0764830000000E+01; 1.9456115000000E+02; 1.8379632000000E+02; 5.0000000000000E+01; 2.0000000000000E+01; 3.0000000000000E+01; 3.6838095238095E-03; 2.1000000000000E+01; 5.8000000000000E+02; 2.1000000000000E+01; 5.8521226185560E-01; 1.2238997966051E-01; 7.0000000000000E+01; 1.0000000000000E+00; 4.8824603801438E+01; 2.6307410997845E+01; 2.7055900000000E+02; 2.9218750000000E+02; 1.0000000000000E+00; 1.0000000000000E+00; 1.0000000000000E+00; 2.0000000000000E+00; 1.0000000000000E+02; 3.0000000000000E-02; 7.7000000000000E-01;                 NAN; 3.0000000000000E-02; 4.2856776918826E+05; 7.0951204058224E+03; 1.0260901608652E+04; 7.4351636308471E+02; 2.0255750000000E-01; 7.8424165177496E-01; 2.8481253438635E-05; 3.0000000000000E+02; 3.0000000000000E-01; 7.7000000000000E+00; 0.0000000000000E+00; 3.0000000000000E-01; 3.0000000000000E-01; 7.7000000000000E+00
 1.7878537640000E+09; 0.0000000000000E+00; 0.0000000000000E+00; 1.0816345000000E+01; 1.9457043000000E+02; 1.8375408500000E+02; 4.0000000000000E+01; 2.0000000000000E+01; 2.0000000000000E+01; 3.6950000000000E-03; 2.0000000000000E+01; 5.8000000000000E+02; 2.1000000000000E+01; 6.1369573111265E-01; 1.8241838455200E+01; 7.1000000000000E+01; 1.0000000000000E+00; 4.8850750989433E+01; 2.8269152709077E+01; 2.7056700000000E+02; 2.9212500000000E+02; 1.0000000000000E+00; 1.0000000000000E+00; 1.0000000000000E+00; 1.0000000000000E+00; 1.0000000000000E+02; 3.0000000000000E-02; 7.7000000000000E-01;                 NAN; 3.0000000000000E-02; 4.4027410239288E+05; 7.1284412966864E+03; 1.0261870379850E+04; 7.4445091327742E+02; 2.0272633333333E-01; 7.8420748042483E-01; 2.8474958527945E-05; 3.0000000000000E+02; 3.0000000000000E-01; 7.7000000000000E+00; 0.0000000000000E+00; 3.0000000000000E-01; 3.0000000000000E-01; 7.7000000000000E+00
 1.7878537660000E+09; 0.0000000000000E+00; 0.0000000000000E+00; 1.0880518333333E+01; 1.9453523500000E+02; 1.8365471666667E+02; 5.0000000000000E+01; 2.0000000000000E+01; 3.0000000000000E+01; 3.7175000000000E-03; 2.0000000000000E+01; 5.8000000000000E+02; 2.2000000000000E+01; 5.9546801205192E-01; 1.9241754531860E+01; 7.0000000000000E+01; 1.0000000000000E+00; 4.8884702292194E+01; 2.8269945385694E+01; 2.7056600000000E+02; 2.9233100000000E+02; 1.0000000000000E+00; 1.0000000000000E+00; 1.0000000000000E+00; 1.0000000000000E+00; 1.0000000000000E+02; 3.0000000000000E-02; 7.7000000000000E-01;                 NAN; 3.0000000000000E-02; 4.2213409886750E+05; 7.1356418662461E+03; 1.0152883620041E+04; 7.4281980377971E+02; 2.0283350000000E-01; 7.8478773165905E-01; 2.8454740377893E-05; 3.0000000000000E+02; 3.0000000000000E-01; 7.7000000000000E+00; 0.0000000000000E+00; 3.0000000000000E-01; 3.0000000000000E-01; 7.7000000000000E+00
 1.7878537680000E+09; 0.0000000000000E+00; 0.0000000000000E+00; 1.0899340000000E+01; 1.9446588000000E+02; 1.8356654000000E+02; 4.0000000000000E+01; 2.0000000000000E+01; 2.0000000000000E+01; 3.7385000000000E-03; 2.0000000000000E+01; 5.8000000000000E+02; 2.1000000000000E+01; 5.6615682700570E-01; 1.7288764953613E+01; 7.1000000000000E+01; 1.0000000000000E+00; 4.8772055674316E+01; 2.8384793732543E+01; 2.7057100000000E+02; 2.9240900000000E+02; 1.0000000000000E+00; 1.0000000000000E+00; 1.0000000000000E+00; 1.0000000000000E+00; 1.0000000000000E+02; 3.0000000000000E-02; 7.7000000000000E-01;                 NAN; 3.0000000000000E-02; 4.3875367388318E+05; 7.1412181781970E+03; 1.0159019170964E+04; 7.4331362334914E+02; 2.0280350000000E-01; 7.8458617897700E-01; 2.8465568434016E-05; 3.0000000000000E+02; 3.0000000000000E-01; 7.7000000000000E+00; 0.0000000000000E+00; 3.0000000000000E-01; 3.0000000000000E-01; 7.7000000000000E+00
 1.7878537700000E+09; 0.0000000000000E+00; 0.0000000000000E+00; 1.0871070000000E+01; 1.9442662000000E+02; 1.8355555000000E+02; 5.0000000000000E+01; 3.0000000000000E+01; 2.0000000000000E+01; 3.7561904761905E-03; 2.1000000000000E+01; 5.8000000000000E+02; 2.1000000000000E+01; 5.6255596391644E-01; 2.2781376540661E-01; 7.0000000000000E+01; 1.0000000000000E+00; 4.8840836987419E+01; 2.6987093077838E+01; 2.7056000000000E+02; 2.9244700000000E+02; 1.0000000000000E+00; 1.0000000000000E+00; 1.0000000000000E+00; 1.0000000000000E+00; 1.0000000000000E+02; 1.0000000000000E-02; 7.7000000000000E-01;                 NAN; 1.0000000000000E-02; 6.1543562987392E+05; 7.1281770590055E+03; 1.0259044797188E+04; 7.4373826325958E+02; 2.0277700000000E-01; 7.8437789053316E-01; 2.8480664100356E-05; 2.0000000000000E+02; 1.0000000000000E-01; 7.7000000000000E+00; 0.0000000000000E+00; 1.0000000000000E-01; 1.0000000000000E-01; 7.7000000000000E+00
 1.7878537720000E+09; 0.0000000000000E+00; 0.0000000000000E+00; 1.0860990000000E+01; 1.9444079000000E+02; 1.8357980000000E+02; 5.0000000000000E+01; 2.0000000000000E+01; 3.0000000000000E+01; 3.7560000000000E-03; 2.0000000000000E+01; 5.8000000000000E+02; 2.1000000000000E+01; 5.7610634320219E-01; 2.4356265366077E-01; 7.1000000000000E+01; 1.0000000000000E+00; 4.8898485717829E+01; 2.7231059855543E+01; 2.7058000000000E+02; 2.9248700000000E+02; 1.0000000000000E+00; 1.0000000000000E+00; 1.0000000000000E+00; 1.0000000000000E+00; 1.0000000000000E+02; 2.0000000000000E-02; 7.7000000000000E-01;                 NAN; 2.0000000000000E-02; 4.8381869570532E+05; 7.1318555376572E+03; 1.0204551417284E+04; 7.4383026791639E+02; 2.0281366666667E-01; 7.8443231005141E-01; 2.8473126716358E-05; 3.0000000000000E+02; 2.0000000000000E-01; 7.7000000000000E+00; 0.0000000000000E+00; 2.0000000000000E-01; 2.0000000000000E-01; 7.7000000000000E+00
 1.7878537740000E+09; 0.0000000000000E+00; 0.0000000000000E+00; 1.0790046666667E+01; 1.9446245666667E+02; 1.8367241000000E+02; 5.0000000000000E+01; 3.0000000000000E+01; 2.0000000000000E+01; 3.7680000000000E-03; 2.0000000000000E+01; 5.8000000000000E+02; 2.2000000000000E+01; 5.7775758117857E-01; 1.9735574722290E-01; 7.1000000000000E+01; 1.0000000000000E+00; 4.8855585116677E+01; 2.7786393388951E+01; 2.7057300000000E+02; 2.9258100000000E+02; 1.0000000000000E+00; 1.0000000000000E+00; 1.0000000000000E+00; 1.0000000000000E+00; 1.0000000000000E+02; 3.0000000000000E-02; 7.7000000000000E-01;                 NAN; 3.0000000000000E-02; 4.2850670356040E+05; 7.1263501119366E+03; 1.0235552095630E+04; 7.4447372257789E+02; 2.0292175000000E-01; 7.8442756896311E-01; 2.8464475983170E-05; 3.0000000000000E+02; 3.0000000000000E-01; 7.7000000000000E+00; 0.0000000000000E+00; 3.0000000000000E-01; 3.0000000000000E-01; 7.7000000000000E+00
 1.7878537760000E+09; 0.0000000000000E+00; 0.0000000000000E+00; 1.0750275000000E+01; 1.9447495000000E+02; 1.8372467500000E+02; 4.0000000000000E+01; 2.0000000000000E+01; 2.0000000000000E+01; 3.7723809523810E-03; 2.1000000000000E+01; 5.8000000000000E+02; 2.1000000000000E+01; 5.7850983036236E-01; 2.1153229475021E-01; 7.1000000000000E+01; 1.0000000000000E+00; 4.8825061449124E+01; 2.7080909868971E+01; 2.7055900000000E+02; 2.9260800000000E+02; 1.0000000000000E+00; 1.0000000000000E+00; 1.0000000000000E+00; 1.0000000000000E+00; 1.0000000000000E+02; 3.0000000000000E-02; 7.7000000000000E-01;                 NAN; 3.0000000000000E-02; 4.4282616831240E+05; 7.1180765465926E+03; 1.0241849108419E+04; 7.4465523908924E+02; 2.0302475000000E-01; 7.8454265070365E-01; 2.8452608342186E-05; 3.0000000000000E+02; 3.0000000000000E-01; 7.7000000000000E+00; 0.0000000000000E+00; 3.0000000000000E-01; 3.0000000000000E-01; 7.7000000000000E+00
 1.7878537780000E+09; 0.0000000000000E+00; 0.0000000000000E+00; 1.0756421666667E+01; 1.9448381500000E+02; 1.8372739333333E+02; 5.0000000000000E+01; 2.0000000000000E+01; 3.0000000000000E+01; 3.7775000000000E-03; 2.0000000000000E+01; 5.8000000000000E+02; 2.1000000000000E+01; 5.7808337856191E-01; 1.1112990230322E-01; 7.0000000000000E+01; 1.0000000000000E+00; 4.8843127525943E+01; 2.6753327145730E+01; 2.7056000000000E+02; 2.9264300000000E+02; 1.0000000000000E+00; 1.0000000000000E+00; 1.0000000000000E+00; 1.0000000000000E+00; 1.0000000000000E+02; 3.0000000000000E-02; 7.7000000000000E-01;                 NAN; 3.0000000000000E-02; 4.5713399640965E+05; 7.0958167267704E+03; 1.0206327497814E+04; 7.4542249665408E+02; 2.0308480000000E-01; 7.8442431582963E-01; 2.8451636153508E-05; 3.0000000000000E+02; 3.0000000000000E-01; 7.7000000000000E+00; 0.0000000000000E+00; 3.0000000000000E-01; 3.0000000000000E-01; 7.7000000000000E+00
 1.7878537800000E+09; 0.0000000000000E+00; 0.0000000000000E+00; 1.0775356666667E+01; 1.9445395666667E+02; 1.8367860000000E+02; 5.0000000000000E+01; 3.0000000000000E+01; 2.0000000000000E+01; 3.7845000000000E-03; 2.0000000000000E+01; 5.8000000000000E+02; 2.2000000000000E+01; 5.7795293242159E-01; 1.9512401521206E-01; 7.1000000000000E+01; 1.0000000000000E+00; 4.8845043485460E+01; 2.7253426951860E+01; 2.7056000000000E+02; 2.9268200000000E+02; 1.0000000000000E+00; 1.0000000000000E+00; 1.0000000000000E+00; 1.0000000000000E+00; 1.0000000000000E+02; 3.0000000000000E-02; 7.6000000000000E-01;                 NAN; 3.0000000000000E-02; 4.2373113852469E+05; 7.1502236199812E+03; 1.0203905569818E+04; 7.4642643146287E+02; 2.0314600000000E-01; 7.8426262956515E-01; 2.8449112459578E-05; 3.0000000000000E+02; 3.0000000000000E-01; 7.6000000000000E+00; 0.0000000000000E+00; 3.0000000000000E-01; 3.0000000000000E-01; 7.6000000000000E+00
 1.7878537820000E+09; 0.0000000000000E+00; 0.0000000000000E+00; 1.0770936666667E+01; 1.9443659000000E+02; 1.8366565333333E+02; 5.0000000000000E+01; 2.0000000000000E+01; 3.0000000000000E+01; 3.8035000000000E-03; 2.0000000000000E+01; 5.8000000000000E+02; 2.1000000000000E+01; 5.7833536231518E-01; 2.0027220249176E-01; 7.0000000000000E+01; 1.0000000000000E+00; 4.8853542947163E+01; 2.8046471796741E+01; 2.7057800000000E+02; 2.9273600000000E+02; 1.0000000000000E+00; 1.0000000000000E+00; 1.0000000000000E+00; 1.0000000000000E+00; 1.0000000000000E+02; 3.0000000000000E-02; 7.7000000000000E-01;                 NAN; 3.0000000000000E-02; 5.0285712337170E+05; 7.1210658131762E+03; 1.0121560017963E+04; 7.4690377537551E+02; 2.0315375000000E-01; 7.8413314540556E-01; 2.8453777871814E-05; 3.0000000000000E+02; 3.0000000000000E-01; 7.7000000000000E+00; 0.0000000000000E+00; 3.0000000000000E-01; 3.0000000000000E-01; 7.7000000000000E+00
 1.7878537840000E+09; 0.0000000000000E+00; 0.0000000000000E+00; 1.0788818333333E+01; 1.9443410500000E+02; 1.8364528666667E+02; 5.0000000000000E+01; 2.0000000000000E+01; 3.0000000000000E+01; 3.8066666666667E-03; 2.1000000000000E+01; 5.8000000000000E+02; 2.1000000000000E+01; 5.7753638906138E-01; 1.2505283951759E-01; 7.0000000000000E+01; 1.0000000000000E+00; 4.8831969257528E+01; 2.9133990964173E+01; 2.7058900000000E+02; 2.9272000000000E+02; 1.0000000000000E+00; 1.0000000000000E+00; 1.0000000000000E+00; 1.0000000000000E+00; 1.0000000000000E+02; 1.0000000000000E-02; 7.7000000000000E-01;                 NAN; 1.0000000000000E-02; 5.6170922129700E+05; 7.1085420855693E+03; 9.9495223993318E+03; 7.6120911906781E+02; 2.0304450000000E-01; 7.8073764313507E-01; 2.8466220098559E-05; 2.0000000000000E+02; 1.0000000000000E-01; 7.7000000000000E+00; 0.0000000000000E+00; 1.0000000000000E-01; 1.0000000000000E-01; 7.7000000000000E+00
 1.7878537860000E+09; 0.0000000000000E+00; 0.0000000000000E+00; 1.0895160000000E+01; 1.9446671000000E+02; 1.8357155000000E+02; 5.0000000000000E+01; 3.0000000000000E+01; 2.0000000000000E+01; 3.8445000000000E-03; 2.0000000000000E+01; 5.8000000000000E+02; 2.1000000000000E+01; 5.7736673624583E-01; 1.8627318739891E-01; 7.1000000000000E+01; 1.0000000000000E+00; 4.8912782222577E+01; 4.1454549937482E+01; 2.7059300000000E+02; 2.9287500000000E+02; 1.0000000000000E+00; 1.0000000000000E+00; 1.0000000000000E+00; 1.0000000000000E+00; 1.0000000000000E+02; 2.0000000000000E-02; 7.7000000000000E-01;                 NAN; 2.0000000000000E-02; 3.8474192114820E+05; 6.7437305739590E+03; 7.3032431402445E+03; 1.0452265589504E+03; 1.9391625000000E-01; 7.1216239396373E-01; 2.8494160176110E-05; 3.0000000000000E+02; 2.0000000000000E-01; 7.7000000000000E+00; 0.0000000000000E+00; 2.0000000000000E-01; 2.0000000000000E-01; 7.7000000000000E+00
 1.7878537880000E+09; 0.0000000000000E+00; 0.0000000000000E+00; 1.0840953333333E+01; 1.9435982333333E+02; 1.8351887000000E+02; 5.0000000000000E+01; 3.0000000000000E+01; 2.0000000000000E+01; 3.8630000000000E-03; 2.0000000000000E+01; 5.8000000000000E+02; 2.2000000000000E+01; 5.7709101623213E-01; 1.9502258300781E-01; 7.1000000000000E+01; 1.0000000000000E+00; 4.9266043798889E+01; 3.2379707657235E+01; 2.7059300000000E+02; 2.9259300000000E+02; 1.0000000000000E+00; 1.0000000000000E+00; 1.0000000000000E+00; 1.0000000000000E+00; 1.0000000000000E+02; 3.0000000000000E-02; 7.9000000000000E-01;                 NAN; 3.0000000000000E-02; 4.2442292863521E+05; 7.0581410240136E+03; 6.8373828047586E+03; 1.3342590071233E+03; 1.8859000000000E-01; 6.5349652316700E-01; 2.8479111062331E-05; 3.0000000000000E+02; 3.0000000000000E-01; 7.9000000000000E+00; 0.0000000000000E+00; 3.0000000000000E-01; 3.0000000000000E-01; 7.9000000000000E+00
 1.7878537900000E+09; 0.0000000000000E+00; 0.0000000000000E+00; 1.0799650000000E+01; 1.9431057500000E+02; 1.8351092500000E+02; 4.0000000000000E+01; 2.0000000000000E+01; 2.0000000000000E+01; 3.8804761904762E-03; 2.1000000000000E+01; 5.8000000000000E+02; 2.1000000000000E+01; 5.7661247161073E-01; 1.3512097299099E-01; 7.1000000000000E+01; 1.0000000000000E+00; 4.9299104151361E+01; 4.0624860339548E+01; 2.7059400000000E+02; 2.9215700000000E+02; 1.0000000000000E+00; 1.0000000000000E+00; 1.0000000000000E+00; 1.0000000000000E+00; 9.7545145670907E+01; 3.0000000000000E-02; 7.8000000000000E-01;                 NAN; 3.0000000000000E-02; 3.9096911286901E+05; 7.0004066628720E+03; 9.1719693233136E+03; 7.5727945294368E+02; 1.8615050000000E-01; 7.6629522486170E-01; 2.8488074549635E-05; 1.9496000000000E+02; 3.0000000000000E-01; 7.8000000000000E+00; 0.0000000000000E+00; 3.0000000000000E-01; 3.0000000000000E-01; 7.8000000000000E+00
 1.7878537920000E+09; 0.0000000000000E+00; 0.0000000000000E+00; 1.0793276666667E+01; 1.9429644666667E+02; 1.8350317000000E+02; 6.0000000000000E+01; 3.0000000000000E+01; 3.0000000000000E+01; 3.9055000000000E-03; 2.0000000000000E+01; 5.8000000000000E+02; 2.2000000000000E+01; 5.7677410186993E-01; 1.7308570444584E-01; 7.2000000000000E+01; 1.0000000000000E+00; 4.8949666282066E+01; 4.0235778479387E+01; 2.7059800000000E+02; 2.9173200000000E+02; 1.0000000000000E+00; 1.0000000000000E+00; 1.0000000000000E+00; 1.0000000000000E+00; 1.0000000000000E+02; 4.0000000000000E-02; 7.9000000000000E-01;                 NAN; 4.0000000000000E-02; 4.3348741413561E+05; 6.6448814081753E+03; 9.5235052648797E+03; 7.2371443835558E+02; 1.9424800000000E-01; 7.8158807176469E-01; 2.8501738146694E-05; 3.0000000000000E+02; 4.0000000000000E-01; 7.9000000000000E+00; 0.0000000000000E+00; 4.0000000000000E-01; 4.0000000000000E-01; 7.9000000000000E+00
 1.7878537940000E+09; 0.0000000000000E+00; 0.0000000000000E+00; 1.0814980000000E+01; 1.9426626000000E+02; 1.8345128000000E+02; 4.0000000000000E+01; 2.0000000000000E+01; 2.0000000000000E+01; 3.9190000000000E-03; 2.0000000000000E+01; 5.8000000000000E+02; 2.1000000000000E+01; 5.7608192268345E-01; 2.4008826911449E-01; 7.2000000000000E+01; 1.0000000000000E+00; 4.8675725271924E+01; 2.8495796742466E+01; 2.7059900000000E+02; 2.9157700000000E+02; 1.0000000000000E+00; 1.0000000000000E+00; 1.0000000000000E+00; 1.0000000000000E+00; 1.0000000000000E+02; 3.0000000000000E-02; 8.1000000000000E-01;                 NAN; 3.0000000000000E-02; 4.9784640742219E+05; 7.0347828939423E+03; 9.7860422596188E+03; 7.3022413617617E+02; 2.0025825000000E-01; 7.8496743410983E-01; 2.8547654187080E-05; 3.0000000000000E+02; 3.0000000000000E-01; 8.1000000000000E+00; 0.0000000000000E+00; 3.0000000000000E-01; 3.0000000000000E-01; 8.1000000000000E+00
 1.7878537960000E+09; 0.0000000000000E+00; 0.0000000000000E+00; 1.0800323333333E+01; 1.9426683000000E+02; 1.8346650666667E+02; 5.0000000000000E+01; 2.0000000000000E+01; 3.0000000000000E+01; 3.9235000000000E-03; 2.0000000000000E+01; 5.8000000000000E+02; 2.2000000000000E+01; 5.7790359727210E-01; 1.4318563044071E-01; 7.2000000000000E+01; 1.0000000000000E+00; 4.8654083983360E+01; 2.9336755467024E+01; 2.7058100000000E+02; 2.9150300000000E+02; 1.0000000000000E+00; 1.0000000000000E+00; 1.0000000000000E+00; 1.0000000000000E+00; 1.0000000000000E+02; 3.0000000000000E-02; 8.0000000000000E-01;                 NAN; 3.0000000000000E-02; 5.0653854698689E+05; 7.0111067207350E+03; 9.7611771321958E+03; 7.3526039897279E+02; 2.0007875000000E-01; 7.8562604194224E-01; 2.8216266077673E-05; 3.0000000000000E+02; 3.0000000000000E-01; 8.0000000000000E+00; 0.0000000000000E+00; 3.0000000000000E-01; 3.0000000000000E-01; 8.0000000000000E+00
 1.7878537980000E+09; 0.0000000000000E+00; 0.0000000000000E+00; 1.0779238333333E+01; 1.9424474500000E+02; 1.8346550666667E+02; 5.0000000000000E+01; 2.0000000000000E+01; 3.0000000000000E+01; 3.9476190476190E-03; 2.1000000000000E+01; 5.8000000000000E+02; 2.1000000000000E+01; 5.7758398028782E-01; 2.0455814898014E-01; 7.0000000000000E+01; 1.0000000000000E+00; 4.8643335099771E+01; 2.9137856441249E+01; 2.7057700000000E+02; 2.9147700000000E+02; 1.0000000000000E+00; 1.0000000000000E+00; 1.0000000000000E+00; 1.0000000000000E+00; 1.0000000000000E+02; 1.0000000000000E-02; 7.9000000000000E-01;                 NAN; 1.0000000000000E-02; 5.1263817329620E+05; 7.0214341831266E+03; 9.6845634765969E+03; 7.3539419111606E+02; 2.0001800000000E-01; 7.8730673877931E-01; 2.7921724882356E-05; 2.0000000000000E+02; 1.0000000000000E-01; 7.9000000000000E+00; 0.0000000000000E+00; 1.0000000000000E-01; 1.0000000000000E-01; 7.9000000000000E+00
 1.7878538000000E+09; 0.0000000000000E+00; 0.0000000000000E+00; 1.0760675000000E+01; 1.9423935500000E+02; 1.8347868000000E+02; 3.0000000000000E+01; 2.0000000000000E+01; 1.0000000000000E+01; 3.9386363636364E-03; 2.2000000000000E+01; 5.8000000000000E+02; 8.0000000000000E+00; 5.7858684769273E-01; 1.1457893252373E-01; 2.0000000000000E+01; 1.0000000000000E+00; 4.8676673978353E+01;                 NAN;                 NAN;                 NAN; 1.0000000000000E+00; 0.0000000000000E+00; 0.0000000000000E+00; 0.0000000000000E+00;                 NAN; 2.0000000000000E-02; 7.8000000000000E-01;                 NAN; 2.0000000000000E-02; 4.7180515791344E+05; 7.0381848933308E+03;                 NAN;                 NAN; 1.9995550000000E-01;                 NAN; 2.8159369135654E-05; 0.0000000000000E+00; 2.0000000000000E-01; 7.8000000000000E+00; 0.0000000000000E+00; 2.0000000000000E-01; 2.0000000000000E-01; 7.8000000000000E+00
 1.7878538040000E+09;                 NAN; 0.0000000000000E+00; 1.0760925000000E+01; 1.9422634500000E+02; 1.8346542000000E+02; 4.0000000000000E+01; 2.0000000000000E+01; 2.0000000000000E+01; 3.9853846153846E-03; 3.9000000000000E+01; 5.8000000000000E+02; 6.0000000000000E+00; 5.5560847952085E-01; 2.9804978370667E+00; 1.7000000000000E+01; 1.0000000000000E+00;                 NAN; 2.9096019306606E+01; 2.7059100000000E+02;                 NAN; 0.0000000000000E+00; 1.0000000000000E+00; 1.0000000000000E+00; 0.0000000000000E+00;                 NAN; 3.0000000000000E-02; 7.8000000000000E-01;                 NAN; 3.0000000000000E-02; 4.6177725197451E+05; 7.0192398639002E+03;                 NAN;                 NAN; 1.9991850000000E-01;                 NAN; 2.8215109582668E-05; 0.0000000000000E+00; 3.0000000000000E-01; 7.8000000000000E+00; 0.0000000000000E+00; 3.0000000000000E-01; 3.0000000000000E-01; 7.8000000000000E+00
 1.7878538060000E+09; 0.0000000000000E+00; 0.0000000000000E+00; 1.0730815000000E+01; 1.9420737500000E+02; 1.8347656000000E+02; 4.0000000000000E+01; 2.0000000000000E+01; 2.0000000000000E+01; 3.9980000000000E-03; 2.0000000000000E+01; 5.8000000000000E+02; 2.1000000000000E+01; 5.6872596993413E-01; 1.7282449007034E+00; 7.1000000000000E+01; 1.0000000000000E+00; 4.8695080826614E+01; 2.9693016923807E+01; 2.7056400000000E+02; 2.9147800000000E+02; 1.0000000000000E+00; 1.0000000000000E+00; 1.0000000000000E+00; 1.0000000000000E+00; 1.0000000000000E+02; 3.0000000000000E-02; 7.8000000000000E-01;                 NAN; 3.0000000000000E-02; 3.9782352098194E+05; 7.0031965619199E+03; 9.8049332979856E+03; 7.3953466360082E+02; 1.9995675000000E-01; 7.8420221620240E-01; 2.8273530744676E-05; 1.0000000000000E+02; 3.0000000000000E-01; 7.8000000000000E+00; 0.0000000000000E+00; 3.0000000000000E-01; 3.0000000000000E-01; 7.8000000000000E+00
 1.7878538080000E+09; 0.0000000000000E+00; 0.0000000000000E+00; 1.0681006666667E+01; 1.9418576000000E+02; 1.8350475333333E+02; 5.0000000000000E+01; 2.0000000000000E+01; 3.0000000000000E+01; 4.0125000000000E-03; 2.0000000000000E+01; 5.8000000000000E+02; 2.1000000000000E+01; 5.7426221632295E-01; 1.4198277473450E+01; 7.2000000000000E+01; 1.0000000000000E+00; 4.8691860290877E+01; 2.9425035522339E+01; 2.7057500000000E+02; 2.9149300000000E+02; 1.0000000000000E+00; 1.0000000000000E+00; 1.0000000000000E+00; 1.0000000000000E+00; 1.0000000000000E+02; 3.0000000000000E-02; 7.8000000000000E-01;                 NAN; 3.0000000000000E-02; 3.7083359767965E+05; 7.0362648772693E+03; 9.7340919041100E+03; 7.4188853467775E+02; 2.0002666666667E-01; 7.8349154295605E-01; 2.8312184963586E-05; 4.0000000000000E+02; 3.0000000000000E-01; 7.8000000000000E+00; 0.0000000000000E+00; 3.0000000000000E-01; 3.0000000000000E-01; 7.8000000000000E+00
 1.7878538100000E+09; 0.0000000000000E+00; 0.0000000000000E+00; 1.0699015000000E+01; 1.9416036000000E+02; 1.8346134500000E+02; 5.0000000000000E+01; 3.0000000000000E+01; 2.0000000000000E+01; 4.0235000000000E-03; 2.0000000000000E+01; 5.8000000000000E+02; 2.1000000000000E+01; 5.6179955566433E-01; 1.0150734901428E+01; 7.1000000000000E+01; 1.0000000000000E+00; 4.8692851161608E+01; 2.9658323916255E+01; 2.7057900000000E+02; 2.9150200000000E+02; 1.0000000000000E+00; 1.0000000000000E+00; 1.0000000000000E+00; 1.0000000000000E+00; 1.0000000000000E+02; 1.0000000000000E-02; 7.9000000000000E-01;                 NAN; 1.0000000000000E-02; 2.7425081060117E+05; 7.0073163898076E+03; 9.6935246101812E+03; 7.3980858666613E+02; 2.0003550000000E-01; 7.8386873895940E-01; 2.8329933004883E-05; 1.0000000000000E+02; 1.0000000000000E-01; 7.9000000000000E+00; 0.0000000000000E+00; 1.0000000000000E-01; 1.0000000000000E-01; 7.9000000000000E+00
 1.7878538120000E+09; 0.0000000000000E+00; 0.0000000000000E+00; 1.0712040000000E+01; 1.9414009000000E+02; 1.8342805000000E+02; 5.0000000000000E+01; 2.0000000000000E+01; 3.0000000000000E+01; 4.0323809523810E-03; 2.1000000000000E+01; 5.8000000000000E+02; 2.2000000000000E+01; 5.7777163317634E-01; 1.1797724664211E-01; 7.2000000000000E+01; 1.0000000000000E+00; 4.8695865406191E+01; 2.9380917253558E+01; 2.7058800000000E+02; 2.9151450000000E+02; 1.0000000000000E+00; 1.0000000000000E+00; 1.0000000000000E+00; 2.0000000000000E+00; 1.0000000000000E+02; 2.0000000000000E-02; 7.8000000000000E-01;                 NAN; 2.0000000000000E-02; 4.2413129646157E+05; 6.9977788879974E+03; 9.7271894093221E+03; 7.4013122305201E+02; 2.0004133333333E-01; 7.8363549370813E-01; 2.8357407951695E-05; 4.0000000000000E+02; 2.0000000000000E-01; 7.8000000000000E+00; 0.0000000000000E+00; 2.0000000000000E-01; 2.0000000000000E-01; 7.8000000000000E+00
 1.7878538140000E+09; 0.0000000000000E+00; 0.0000000000000E+00; 1.0695093333333E+01; 1.9412362333333E+02; 1.8342853000000E+02; 5.0000000000000E+01; 3.0000000000000E+01; 2.0000000000000E+01; 4.0365000000000E-03; 2.0000000000000E+01; 5.8000000000000E+02; 2.1000000000000E+01; 5.7947223875834E-01; 8.5262149572372E-02; 6.9000000000000E+01; 1.0000000000000E+00; 4.8686824234575E+01; 2.9571664886568E+01; 2.7059000000000E+02;                 NAN; 1.0000000000000E+00; 1.0000000000000E+00; 1.0000000000000E+00; 0.0000000000000E+00; 1.0000000000000E+02; 3.0000000000000E-02; 7.8000000000000E-01;                 NAN; 3.0000000000000E-02; 4.2764570970354E+05; 7.0358375280094E+03; 9.6663990166288E+03; 7.4180262807279E+02; 2.0003700000000E-01; 7.8303776586587E-01; 2.8392719859413E-05; 3.0000000000000E+02; 3.0000000000000E-01; 7.8000000000000E+00; 0.0000000000000E+00; 3.0000000000000E-01; 3.0000000000000E-01; 7.8000000000000E+00
 1.7878538160000E+09; 0.0000000000000E+00; 0.0000000000000E+00; 1.0704515000000E+01; 1.9412236500000E+02; 1.8341785000000E+02; 4.0000000000000E+01; 2.0000000000000E+01; 2.0000000000000E+01; 4.0545000000000E-03; 2.0000000000000E+01; 5.8000000000000E+02; 2.1000000000000E+01; 5.7943736205498E-01; 2.2685006260872E-01; 7.2000000000000E+01; 1.0000000000000E+00; 4.8637325179911E+01; 2.9660396590133E+01; 2.7059800000000E+02; 2.9152550000000E+02; 1.0000000000000E+00; 1.0000000000000E+00; 1.0000000000000E+00; 2.0000000000000E+00; 1.0000000000000E+02; 3.0000000000000E-02; 7.8000000000000E-01;                 NAN; 3.0000000000000E-02; 4.5627646747001E+05; 7.0127602581564E+03; 9.7455153311566E+03; 7.4168630579883E+02; 2.0003325000000E-01; 7.8302300316588E-01; 2.8399108075579E-05; 3.0000000000000E+02; 3.0000000000000E-01; 7.8000000000000E+00; 0.0000000000000E+00; 3.0000000000000E-01; 3.0000000000000E-01; 7.8000000000000E+00
 1.7878538180000E+09; 0.0000000000000E+00; 0.0000000000000E+00; 1.0744090000000E+01; 1.9412205500000E+02; 1.8337796500000E+02; 4.0000000000000E+01; 2.0000000000000E+01; 2.0000000000000E+01; 4.0665000000000E-03; 2.0000000000000E+01; 5.8000000000000E+02; 2.2000000000000E+01; 5.7998654423511E-01; 1.9172570109367E-01; 7.3000000000000E+01; 1.0000000000000E+00; 4.8654825528255E+01; 2.9029716494286E+01; 2.7061700000000E+02; 2.9144100000000E+02; 1.0000000000000E+00; 1.0000000000000E+00; 1.0000000000000E+00; 1.0000000000000E+00; 1.0000000000000E+02; 3.0000000000000E-02; 7.8000000000000E-01;                 NAN; 3.0000000000000E-02; 4.0821528897477E+05; 6.9768939556914E+03; 9.6420182748050E+03; 7.4139663608977E+02; 2.0013650000000E-01; 7.8301710328634E-01; 2.8425855258175E-05; 3.0000000000000E+02; 3.0000000000000E-01; 7.8000000000000E+00; 0.0000000000000E+00; 3.0000000000000E-01; 3.0000000000000E-01; 7.8000000000000E+00
 1.7878538200000E+09; 0.0000000000000E+00; 0.0000000000000E+00; 1.0732830000000E+01; 1.9413205500000E+02; 1.8339922500000E+02; 4.0000000000000E+01; 2.0000000000000E+01; 2.0000000000000E+01; 4.0800000000000E-03; 2.1000000000000E+01; 5.8000000000000E+02; 2.1000000000000E+01; 5.8010270496777E-01; 1.0963363200426E-01; 7.0000000000000E+01; 1.0000000000000E+00; 4.8610881201242E+01; 4.0748837719580E+01; 2.7063100000000E+02; 2.9161700000000E+02; 1.0000000000000E+00; 1.0000000000000E+00; 1.0000000000000E+00; 1.0000000000000E+00; 1.0000000000000E+02; 3.0000000000000E-02; 7.8000000000000E-01;                 NAN; 3.0000000000000E-02; 4.4806724921136E+05; 6.3022418018308E+03; 7.7816546503379E+03; 8.6145394366454E+02; 1.8745775000000E-01; 7.4398421913522E-01; 2.8454957780199E-05; 3.0000000000000E+02; 3.0000000000000E-01; 7.8000000000000E+00; 0.0000000000000E+00; 3.0000000000000E-01; 3.0000000000000E-01; 7.8000000000000E+00
 1.7878538220000E+09; 0.0000000000000E+00; 0.0000000000000E+00; 1.0695171666667E+01; 1.9417295500000E+02; 1.8347778333333E+02; 5.0000000000000E+01; 2.0000000000000E+01; 3.0000000000000E+01; 4.0915000000000E-03; 2.0000000000000E+01; 5.8000000000000E+02; 2.2000000000000E+01; 5.7770129953822E-01; 2.1041642129421E-01; 7.2000000000000E+01; 1.0000000000000E+00; 4.8412387662523E+01; 3.4490288148187E+01; 2.7063200000000E+02; 2.9116700000000E+02; 1.0000000000000E+00; 1.0000000000000E+00; 1.0000000000000E+00; 1.0000000000000E+00; 1.0000000000000E+02; 1.0000000000000E-02; 8.3000000000000E-01;                 NAN; 1.0000000000000E-02; 3.9733185986616E+05; 6.8911325743725E+03; 9.2101077822299E+03; 7.5537611157917E+02; 1.9465525000000E-01; 7.7486955972999E-01; 2.8450643395005E-05; 2.0000000000000E+02; 1.0000000000000E-01; 8.3000000000000E+00; 0.0000000000000E+00; 1.0000000000000E-01; 1.0000000000000E-01; 8.3000000000000E+00
 1.7878538240000E+09; 0.0000000000000E+00; 0.0000000000000E+00; 1.0782433333333E+01; 1.9417660000000E+02; 1.8339416666667E+02; 6.0000000000000E+01; 3.0000000000000E+01; 3.0000000000000E+01; 4.1020000000000E-03; 2.0000000000000E+01; 5.8000000000000E+02; 2.1000000000000E+01; 5.8790492288768E-01; 2.1097436547279E-01; 7.2000000000000E+01; 1.0000000000000E+00; 4.8515795235796E+01; 4.0926645460327E+01; 2.7063100000000E+02; 2.9105300000000E+02; 1.0000000000000E+00; 1.0000000000000E+00; 1.0000000000000E+00; 1.0000000000000E+00; 1.0000000000000E+02; 2.0000000000000E-02; 8.2000000000000E-01;                 NAN; 2.0000000000000E-02; 4.5075298028827E+05; 6.1941468519214E+03; 7.2000690076256E+03; 9.3389983750620E+02; 1.8515333333333E-01; 7.2578615577926E-01; 2.8463973684465E-05; 3.0000000000000E+02; 2.0000000000000E-01; 8.2000000000000E+00; 0.0000000000000E+00; 2.0000000000000E-01; 2.0000000000000E-01; 8.2000000000000E+00
 1.7878538260000E+09; 0.0000000000000E+00; 0.0000000000000E+00; 1.0747640000000E+01; 1.9407680000000E+02; 1.8332916000000E+02; 4.0000000000000E+01; 2.0000000000000E+01; 2.0000000000000E+01; 4.1023809523810E-03; 2.1000000000000E+01; 5.8000000000000E+02; 2.1000000000000E+01; 5.5422607167278E-01; 2.9106295108795E-01; 7.0000000000000E+01; 1.0000000000000E+00; 4.8228532903505E+01; 4.0822472184511E+01; 2.7063200000000E+02; 2.9055500000000E+02; 1.0000000000000E+00; 1.0000000000000E+00; 1.0000000000000E+00; 1.0000000000000E+00; 1.0000000000000E+02; 3.0000000000000E-02; 8.6000000000000E-01;                 NAN; 3.0000000000000E-02; 4.2231436712401E+05; 6.2261287954502E+03; 7.2397886267559E+03; 9.1305033492376E+02; 1.7958200000000E-01; 7.2391445355796E-01; 2.8504150597076E-05; 3.0000000000000E+02; 3.0000000000000E-01; 8.6000000000000E+00; 0.0000000000000E+00; 3.0000000000000E-01; 3.0000000000000E-01; 8.6000000000000E+00
 1.7878538280000E+09; 0.0000000000000E+00; 0.0000000000000E+00; 1.0755761666667E+01; 1.9406270500000E+02; 1.8330694333333E+02; 5.0000000000000E+01; 2.0000000000000E+01; 3.0000000000000E+01; 4.1090000000000E-03; 2.0000000000000E+01; 5.8000000000000E+02; 2.2000000000000E+01; 5.7853893111977E-01; 1.2502747774124E-01; 7.2000000000000E+01; 1.0000000000000E+00; 4.8292511132390E+01; 4.0971186126499E+01; 2.7063200000000E+02; 2.8995100000000E+02; 1.0000000000000E+00; 1.0000000000000E+00; 1.0000000000000E+00; 1.0000000000000E+00; 1.0000000000000E+02; 4.0000000000000E-02; 8.9000000000000E-01;                 NAN; 4.0000000000000E-02; 4.0148429039130E+05; 6.2194841802490E+03; 7.2588814924557E+03; 9.0057511052927E+02; 1.7946975000000E-01; 7.2496738786698E-01; 2.8729008471721E-05; 4.0000000000000E+02; 4.0000000000000E-01; 8.9000000000000E+00; 0.0000000000000E+00; 4.0000000000000E-01; 4.0000000000000E-01; 8.9000000000000E+00
 1.7878538300000E+09; 0.0000000000000E+00; 0.0000000000000E+00; 1.0770741666667E+01; 1.9407054666667E+02; 1.8329980500000E+02; 5.0000000000000E+01; 3.0000000000000E+01; 2.0000000000000E+01; 4.1080000000000E-03; 2.0000000000000E+01; 5.8000000000000E+02; 2.1000000000000E+01; 5.7789656131632E-01; 2.1799923479557E-01; 7.2000000000000E+01; 1.0000000000000E+00; 4.8305882469858E+01; 4.1061045713823E+01; 2.7064100000000E+02; 2.8930800000000E+02; 1.0000000000000E+00; 1.0000000000000E+00; 1.0000000000000E+00; 1.0000000000000E+00; 1.0000000000000E+02; 3.0000000000000E-02; 9.0000000000000E-01;                 NAN; 3.0000000000000E-02; 3.7387212937130E+05; 6.2477007027435E+03; 7.1994231601601E+03; 8.8998860506785E+02; 1.7934725000000E-01; 7.2778702843812E-01; 2.8641672726685E-05; 3.0000000000000E+02; 3.0000000000000E-01; 9.0000000000000E+00; 0.0000000000000E+00; 3.0000000000000E-01; 3.0000000000000E-01; 9.0000000000000E+00
 1.7878538320000E+09; 0.0000000000000E+00; 0.0000000000000E+00; 1.0719456666667E+01; 1.9408126000000E+02; 1.8336180333333E+02; 5.0000000000000E+01; 2.0000000000000E+01; 3.0000000000000E+01; 4.1040000000000E-03; 2.0000000000000E+01; 5.8000000000000E+02; 2.2000000000000E+01; 5.8837733513280E-01; 6.7870898246765E+00; 7.3000000000000E+01; 1.0000000000000E+00; 4.8266321198362E+01; 2.6231900026547E+01; 2.7060900000000E+02; 2.8832200000000E+02; 1.0000000000000E+00; 1.0000000000000E+00; 1.0000000000000E+00; 1.0000000000000E+00; 1.0000000000000E+02; 1.0000000000000E-02; 9.0000000000000E-01;                 NAN; 1.0000000000000E-02; 3.7050912883238E+05; 7.0356171432401E+03; 9.8531296651010E+03; 6.7226200161982E+02; 1.9522525000000E-01; 7.9264357864753E-01; 2.8868257026540E-05; 2.0000000000000E+02; 1.0000000000000E-01; 9.0000000000000E+00; 0.0000000000000E+00; 1.0000000000000E-01; 1.0000000000000E-01; 9.0000000000000E+00
 1.7878538340000E+09; 0.0000000000000E+00; 0.0000000000000E+00; 1.0603820000000E+01; 1.9416281333333E+02; 1.8355899333333E+02; 6.0000000000000E+01; 3.0000000000000E+01; 3.0000000000000E+01; 4.1104761904762E-03; 2.1000000000000E+01; 5.8000000000000E+02; 2.1000000000000E+01; 5.7242291212910E-01; 5.4781311750412E-01; 7.2000000000000E+01; 1.0000000000000E+00; 4.8777655920503E+01; 2.4556572186379E+01; 2.7062700000000E+02; 2.8868800000000E+02; 1.0000000000000E+00; 1.0000000000000E+00; 1.0000000000000E+00; 1.0000000000000E+00; 1.0000000000000E+02; 2.0000000000000E-02; 8.3000000000000E-01;                 NAN; 2.0000000000000E-02; 4.3261701244813E+05; 6.9788345170799E+03; 7.0107618230838E+03; 1.0969180751571E+03; 1.9883700000000E-01; 7.0470638505112E-01; 2.8863730153739E-05; 3.0000000000000E+02; 2.0000000000000E-01; 8.3000000000000E+00; 0.0000000000000E+00; 2.0000000000000E-01; 2.0000000000000E-01; 8.3000000000000E+00
 1.7878538360000E+09; 0.0000000000000E+00; 1.0000000000000E+00; 1.0598500000000E+01; 1.9408027500000E+02; 1.8348177500000E+02; 4.0000000000000E+01; 2.0000000000000E+01; 2.0000000000000E+01; 4.2740000000000E-03; 2.0000000000000E+01; 1.1009090909091E+02; 2.2000000000000E+01; 5.7786909575194E-01; 2.2345174849033E-01; 7.1000000000000E+01; 1.0000000000000E+00; 4.9468810432346E+01; 4.5771676940509E+01; 2.7063800000000E+02; 2.8827600000000E+02; 1.0000000000000E+00; 1.0000000000000E+00; 1.0000000000000E+00; 1.0000000000000E+00; 9.9245820233777E+01; 3.0000000000000E-02; 8.0000000000000E-01;                 NAN; 3.0000000000000E-02;-9.2886983460519E+04;-1.0540200753412E+01; 5.8430184399326E+01;-2.6422245007312E+00; 3.4049200000000E-02; 1.0059289532271E+00; 2.8862338080662E-05; 1.9848000000000E+02; 3.0000000000000E-01; 8.0000000000000E+00; 0.0000000000000E+00; 3.0000000000000E-01; 3.0000000000000E-01; 8.0000000000000E+00
 1.7878538380000E+09; 0.0000000000000E+00; 1.0000000000000E+00; 1.0539566666667E+01; 1.9373530666667E+02; 1.8319574000000E+02; 6.0000000000000E+01; 3.0000000000000E+01; 3.0000000000000E+01; 4.3610000000000E-03; 2.0000000000000E+01; 2.0095238095238E+01; 2.1000000000000E+01; 5.7971403665946E-01; 1.7513990402222E-01; 7.1000000000000E+01; 1.0000000000000E+00; 4.9560374643733E+01; 4.7591677443590E+01; 2.7063800000000E+02;                 NAN; 1.0000000000000E+00; 1.0000000000000E+00; 1.0000000000000E+00; 0.0000000000000E+00; 1.0000000000000E+02; 3.3100000000000E+00; 1.0000000000000E+01;                 NAN; 3.3100000000000E+00; 4.6582525396606E+02; 1.1904859046187E-01; 8.1772754005896E+01;-6.0367976501316E-01; 2.6666666666667E-06;-6.1749925770772E-02; 2.8862338080662E-05; 3.0000000000000E+02; 9.9300000000000E+00; 1.0000000000000E+01; 0.0000000000000E+00; 9.9300000000000E+00; 9.9300000000000E+00; 1.0000000000000E+01
 1.7878538400000E+09; 0.0000000000000E+00; 1.0000000000000E+00; 1.0489390000000E+01; 1.9358545500000E+02; 1.8309606500000E+02; 4.0000000000000E+01; 2.0000000000000E+01; 2.0000000000000E+01; 4.3671428571429E-03; 2.1000000000000E+01; 1.2227272727273E+01; 2.2000000000000E+01; 5.9757204854654E-01; 1.7458197474480E-01; 7.2000000000000E+01; 1.0000000000000E+00; 4.9510230608623E+01; 4.7538908906451E+01; 2.7064500000000E+02; 2.8705700000000E+02; 1.0000000000000E+00; 1.0000000000000E+00; 1.0000000000000E+00; 1.0000000000000E+00; 1.0000000000000E+02; 1.0000000000000E+01; 1.0000000000000E+01;                 NAN;                 NAN;-1.7247382545789E+01;-3.3354867500427E+00; 5.8362005883240E+01; 2.4688736995328E+00; 3.3500000000000E-05; 1.5157023297566E-01; 2.8862338080662E-05; 5.0000000000000E+02; 1.0000000000000E+01; 1.0000000000000E+01; 0.0000000000000E+00; 0.0000000000000E+00; 1.0000000000000E+01; 1.0000000000000E+01
 1.7878538420000E+09; 0.0000000000000E+00; 1.0000000000000E+00; 1.0536695000000E+01; 1.9355808500000E+02; 1.8302139000000E+02; 5.0000000000000E+01; 2.0000000000000E+01; 3.0000000000000E+01; 4.3600000000000E-03; 2.0000000000000E+01; 1.0095238095238E+01; 2.1000000000000E+01; 5.7820577362893E-01; 1.9233308792114E+01; 7.1000000000000E+01; 1.0000000000000E+00; 4.9508538748634E+01; 4.7533079547824E+01; 2.7064800000000E+02; 2.8550200000000E+02; 1.0000000000000E+00; 1.0000000000000E+00; 1.0000000000000E+00; 1.0000000000000E+00; 1.0000000000000E+02; 1.0000000000000E+01; 1.0000000000000E+01;                 NAN;                 NAN; 5.1784417393241E+02; 7.2259162249536E-01; 6.3703613201368E+01; 3.5894144518248E+00; 9.0750000000000E-05; 2.4973948188921E-01; 2.8862338080662E-05; 5.0000000000000E+02; 1.0000000000000E+01; 1.0000000000000E+01; 0.0000000000000E+00; 0.0000000000000E+00; 1.0000000000000E+01; 1.0000000000000E+01
 1.7878538440000E+09; 0.0000000000000E+00; 1.0000000000000E+00; 1.0584503333333E+01; 1.9356138333333E+02; 1.8297688000000E+02; 5.0000000000000E+01; 3.0000000000000E+01; 2.0000000000000E+01; 4.3525000000000E-03; 2.0000000000000E+01; 9.3809523809524E+00; 2.1000000000000E+01; 5.7404857165377E-01; 8.3306083679199E+00; 7.1000000000000E+01; 1.0000000000000E+00; 4.9492150101700E+01; 4.7505508625482E+01; 2.7065100000000E+02; 2.8392100000000E+02; 1.0000000000000E+00; 1.0000000000000E+00; 1.0000000000000E+00; 1.0000000000000E+00; 1.0000000000000E+02; 1.0000000000000E+01; 1.0000000000000E+01;                 NAN;                 NAN; 1.0519042688157E+02; 2.1751683897623E-01; 6.1566279988698E+01; 2.3439234217182E+00; 9.2000000000000E-05; 3.4070384698773E-01; 2.8862338080662E-05; 5.0000000000000E+02; 1.0000000000000E+01; 1.0000000000000E+01; 0.0000000000000E+00; 0.0000000000000E+00; 1.0000000000000E+01; 1.0000000000000E+01
 1.7878538460000E+09; 0.0000000000000E+00; 0.0000000000000E+00; 1.0600281666667E+01; 1.9366631500000E+02; 1.8306603333333E+02; 5.0000000000000E+01; 2.0000000000000E+01; 3.0000000000000E+01; 4.2455000000000E-03; 2.0000000000000E+01; 1.0781818181818E+01; 2.2000000000000E+01; 5.9074551363514E-01; 2.0871727168560E-01; 7.3000000000000E+01; 1.0000000000000E+00; 4.8990538411671E+01; 3.9001918752464E+01; 2.7063100000000E+02; 2.8233600000000E+02; 1.0000000000000E+00; 1.0000000000000E+00; 1.0000000000000E+00; 1.0000000000000E+00;                 NAN; 3.0000000000000E-02; 1.0000000000000E-01;                 NAN;                 NAN; 3.5941635406397E+05; 6.4350048538102E+03;                 NAN;                 NAN; 1.3843050000000E-01;                 NAN; 2.8862338080662E-05; 0.0000000000000E+00; 3.0000000000000E-01; 1.0000000000000E+00; 0.0000000000000E+00; 0.0000000000000E+00; 3.0000000000000E-01; 1.0000000000000E+00
 1.7878538480000E+09; 0.0000000000000E+00; 0.0000000000000E+00; 1.0577030000000E+01; 1.9394839000000E+02; 1.8337136000000E+02; 5.0000000000000E+01; 3.0000000000000E+01; 2.0000000000000E+01; 4.1361904761905E-03; 2.1000000000000E+01; 1.4761904761905E+01; 2.1000000000000E+01; 5.5942153537110E-01; 1.8909481048584E+01; 7.3000000000000E+01; 1.0000000000000E+00; 4.8920437081339E+01; 3.9001382732804E+01; 2.7063700000000E+02; 2.8094200000000E+02; 1.0000000000000E+00; 1.0000000000000E+00; 1.0000000000000E+00; 1.0000000000000E+00;                 NAN; 4.0000000000000E-02; 4.8000000000000E-01;                 NAN;                 NAN; 3.8570361765206E+05; 6.4966487461237E+03;                 NAN;                 NAN; 1.8401800000000E-01;                 NAN; 2.8862338080662E-05; 0.0000000000000E+00; 4.0000000000000E-01; 4.8000000000000E+00; 0.0000000000000E+00; 0.0000000000000E+00; 4.0000000000000E-01; 4.8000000000000E+00
 1.7878538500000E+09; 0.0000000000000E+00; 0.0000000000000E+00; 1.0676220000000E+01; 1.9405498000000E+02; 1.8337876000000E+02; 5.0000000000000E+01; 2.0000000000000E+01; 3.0000000000000E+01; 4.1135000000000E-03; 2.0000000000000E+01; 2.2909090909091E+01; 2.2000000000000E+01; 5.7613457180358E-01; 1.9925779104233E-01; 7.4000000000000E+01; 1.0000000000000E+00; 4.8950714116231E+01; 3.8690583512061E+01; 2.7061500000000E+02; 2.8073300000000E+02; 1.0000000000000E+00; 1.0000000000000E+00; 1.0000000000000E+00; 2.0000000000000E+00; 1.0000000000000E+02; 3.0000000000000E-02; 6.9000000000000E-01;                 NAN;                 NAN; 4.3699429349020E+05; 6.4647233315333E+03; 1.0601989801386E+04; 5.5362132372025E+02; 1.8283900000000E-01; 8.1302071451554E-01; 2.8862338080662E-05; 4.0000000000000E+02; 3.0000000000000E-01; 6.9000000000000E+00; 0.0000000000000E+00; 0.0000000000000E+00; 3.0000000000000E-01; 6.9000000000000E+00
 1.7878538520000E+09; 0.0000000000000E+00; 0.0000000000000E+00; 1.0700583333333E+01; 1.9405724333333E+02; 1.8335666000000E+02; 5.0000000000000E+01; 3.0000000000000E+01; 2.0000000000000E+01; 4.1265000000000E-03; 2.0000000000000E+01; 3.4863636363636E+01; 2.2000000000000E+01; 5.7584544090000E-01; 1.9393207132816E-01; 7.4000000000000E+01; 1.0000000000000E+00; 4.8917759577267E+01; 3.8734662083060E+01; 2.7061500000000E+02; 2.8106700000000E+02; 1.0000000000000E+00; 1.0000000000000E+00; 1.0000000000000E+00; 1.0000000000000E+00; 1.0000000000000E+02; 4.0000000000000E-02; 8.0000000000000E-01;                 NAN;                 NAN; 4.2002133792621E+05; 6.4692559777742E+03; 1.0377799999913E+04; 5.6564732608884E+02; 1.8239850000000E-01; 8.0935996569711E-01; 2.8862338080662E-05; 3.0000000000000E+02; 4.0000000000000E-01; 8.0000000000000E+00; 0.0000000000000E+00; 0.0000000000000E+00; 4.0000000000000E-01; 8.0000000000000E+00
 1.7878538540000E+09; 0.0000000000000E+00; 0.0000000000000E+00; 1.0678020000000E+01; 1.9402740500000E+02; 1.8334938500000E+02; 4.0000000000000E+01; 2.0000000000000E+01; 2.0000000000000E+01; 4.1480952380952E-03; 2.1000000000000E+01; 5.3454545454545E+01; 2.2000000000000E+01; 5.7764315316122E-01; 1.3534921407700E-01; 7.3000000000000E+01; 1.0000000000000E+00; 4.8917215761188E+01; 3.8684740533049E+01; 2.7064600000000E+02; 2.8138300000000E+02; 1.0000000000000E+00; 1.0000000000000E+00; 1.0000000000000E+00; 1.0000000000000E+00; 1.0000000000000E+02; 3.0000000000000E-02; 8.6000000000000E-01;                 NAN;                 NAN; 3.6912907954079E+05; 6.4412573505457E+03; 1.0054634074347E+04; 5.8107798905961E+02; 1.8233875000000E-01; 8.0512118907331E-01; 2.8862338080662E-05; 4.0000000000000E+02; 3.0000000000000E-01; 8.6000000000000E+00; 0.0000000000000E+00; 0.0000000000000E+00; 3.0000000000000E-01; 8.6000000000000E+00
 1.7878538560000E+09; 0.0000000000000E+00; 0.0000000000000E+00; 1.0672403333333E+01; 1.9397800333333E+02; 1.8330560000000E+02; 6.0000000000000E+01; 3.0000000000000E+01; 3.0000000000000E+01; 4.1795000000000E-03; 2.0000000000000E+01; 9.1818181818182E+01; 2.2000000000000E+01; 5.7864895662216E-01; 1.9263868033886E-01; 7.3000000000000E+01; 1.0000000000000E+00; 4.8920229512217E+01; 3.8686047549469E+01; 2.7064600000000E+02; 2.8170900000000E+02; 2.0000000000000E+00; 1.0000000000000E+00; 1.0000000000000E+00; 1.0000000000000E+00; 1.0000000000000E+02; 4.0000000000000E-02; 8.9000000000000E-01;                 NAN; 4.0000000000000E-02; 3.3764331352204E+05; 6.4603527707456E+03; 9.9565459905194E+03; 5.9326882400309E+02; 1.8242133333333E-01; 8.0245115675481E-01; 2.8764947049293E-05; 3.0000000000000E+02; 4.0000000000000E-01; 8.9000000000000E+00; 0.0000000000000E+00; 4.0000000000000E-01; 4.0000000000000E-01; 8.9000000000000E+00
 1.7878538580000E+09; 0.0000000000000E+00; 0.0000000000000E+00; 1.0679315000000E+01; 1.9393005500000E+02; 1.8325074000000E+02; 5.0000000000000E+01; 2.0000000000000E+01; 3.0000000000000E+01; 4.1990000000000E-03; 2.0000000000000E+01; 1.6636363636364E+02; 2.2000000000000E+01; 5.7939555569871E-01; 1.9383063912392E-01; 7.3000000000000E+01; 1.0000000000000E+00; 4.8908182611567E+01; 3.8614055835935E+01; 2.7065100000000E+02; 2.8202600000000E+02; 1.0000000000000E+00; 1.0000000000000E+00; 1.0000000000000E+00; 1.0000000000000E+00; 1.0000000000000E+02; 3.0000000000000E-02; 9.0000000000000E-01;                 NAN; 3.0000000000000E-02; 3.9136199030744E+05; 6.4465048629115E+03; 9.8620907986853E+03; 6.0417562618532E+02; 1.8258425000000E-01; 8.0017763362487E-01; 2.8677507200894E-05; 3.0000000000000E+02; 3.0000000000000E-01; 9.0000000000000E+00; 0.0000000000000E+00; 3.0000000000000E-01; 3.0000000000000E-01; 9.0000000000000E+00
 1.7878538600000E+09; 0.0000000000000E+00; 0.0000000000000E+00; 1.0702508333333E+01; 1.9389993500000E+02; 1.8319742666667E+02; 5.0000000000000E+01; 2.0000000000000E+01; 3.0000000000000E+01; 4.2135000000000E-03; 2.0000000000000E+01; 3.1590909090909E+02; 2.2000000000000E+01; 5.7935031116825E-01; 1.6758246719837E-01; 7.3000000000000E+01; 1.0000000000000E+00; 4.8926630438713E+01; 3.8586582255231E+01; 2.7065000000000E+02; 2.8235100000000E+02; 1.0000000000000E+00; 1.0000000000000E+00; 1.0000000000000E+00; 1.0000000000000E+00; 1.0000000000000E+02; 4.0000000000000E-02; 9.1000000000000E-01;                 NAN; 4.0000000000000E-02; 4.1258750503487E+05; 6.4588562235302E+03; 9.6590121362418E+03; 6.1630911237466E+02; 1.8297825000000E-01; 7.9782143332123E-01; 2.8589982616061E-05; 4.0000000000000E+02; 4.0000000000000E-01; 9.1000000000000E+00; 0.0000000000000E+00; 4.0000000000000E-01; 4.0000000000000E-01; 9.1000000000000E+00
 1.7878538620000E+09; 0.0000000000000E+00; 0.0000000000000E+00; 1.0718195000000E+01; 1.9386172000000E+02; 1.8314352500000E+02; 5.0000000000000E+01; 3.0000000000000E+01; 2.0000000000000E+01; 4.2257142857143E-03; 2.1000000000000E+01; 4.8857142857143E+02; 2.1000000000000E+01; 5.7966949212390E-01; 1.9489577412605E-01; 7.4000000000000E+01; 1.0000000000000E+00; 4.8907931759723E+01; 3.8369597573669E+01; 2.7065200000000E+02; 2.8265800000000E+02; 1.0000000000000E+00; 1.0000000000000E+00; 1.0000000000000E+00; 1.0000000000000E+00; 1.0000000000000E+02; 3.0000000000000E-02; 9.0000000000000E-01;                 NAN; 3.0000000000000E-02; 3.8460288621292E+05; 6.4657292563742E+03; 9.5711365154627E+03; 6.2687484174969E+02; 1.8336566666667E-01; 7.9570119832758E-01; 2.8538857621861E-05; 3.0000000000000E+02; 3.0000000000000E-01; 9.0000000000000E+00; 0.0000000000000E+00; 3.0000000000000E-01; 3.0000000000000E-01; 9.0000000000000E+00
 1.7878538640000E+09; 0.0000000000000E+00; 0.0000000000000E+00; 1.0720717500000E+01; 1.9383618000000E+02; 1.8311546250000E+02; 6.0000000000000E+01; 2.0000000000000E+01; 4.0000000000000E+01; 4.2415000000000E-03; 2.0000000000000E+01; 5.8000000000000E+02; 2.2000000000000E+01; 5.7797527625136E-01; 1.3867144286633E-01; 7.3000000000000E+01; 1.0000000000000E+00; 4.8884618790474E+01; 3.8479844074655E+01; 2.7065100000000E+02; 2.8293100000000E+02; 1.0000000000000E+00; 1.0000000000000E+00; 1.0000000000000E+00; 1.0000000000000E+00; 1.0000000000000E+02; 4.0000000000000E-02; 8.9000000000000E-01;                 NAN; 4.0000000000000E-02; 3.9947793015154E+05; 6.4887395480290E+03; 9.4157294690689E+03; 6.3265135284812E+02; 1.8377375000000E-01; 7.9488218004948E-01; 2.8484149998830E-05; 4.0000000000000E+02; 4.0000000000000E-01; 8.9000000000000E+00; 0.0000000000000E+00; 4.0000000000000E-01; 4.0000000000000E-01; 8.9000000000000E+00
 1.7878538660000E+09; 0.0000000000000E+00; 0.0000000000000E+00; 1.0690840000000E+01; 1.9381002000000E+02; 1.8311918000000E+02; 5.0000000000000E+01; 3.0000000000000E+01; 2.0000000000000E+01; 4.2625000000000E-03; 2.0000000000000E+01; 5.8000000000000E+02; 2.2000000000000E+01; 5.7834694542297E-01; 7.6715640723705E-02; 7.3000000000000E+01; 1.0000000000000E+00; 4.8874142587937E+01; 3.8491786725457E+01; 2.7064400000000E+02; 2.8320600000000E+02; 1.0000000000000E+00; 1.0000000000000E+00; 1.0000000000000E+00; 1.0000000000000E+00; 1.0000000000000E+02; 3.0000000000000E-02; 8.8000000000000E-01;                 NAN; 3.0000000000000E-02; 4.3779717411986E+05; 6.5448017361236E+03; 9.3859397547212E+03; 6.4169844237648E+02; 1.8419525000000E-01; 7.9310225722927E-01; 2.8454935444637E-05; 3.0000000000000E+02; 3.0000000000000E-01; 8.8000000000000E+00; 0.0000000000000E+00; 3.0000000000000E-01; 3.0000000000000E-01; 8.8000000000000E+00
 1.7878538680000E+09; 0.0000000000000E+00; 0.0000000000000E+00; 1.0619895000000E+01; 1.9379393500000E+02; 1.8317404000000E+02; 5.0000000000000E+01; 2.0000000000000E+01; 3.0000000000000E+01; 4.2847619047619E-03; 2.1000000000000E+01; 5.8000000000000E+02; 2.2000000000000E+01; 5.7953652675021E-01; 1.5256902575493E-01; 7.3000000000000E+01; 1.0000000000000E+00; 4.8877522647319E+01; 3.8538079636914E+01; 2.7064900000000E+02; 2.8344700000000E+02; 1.0000000000000E+00; 1.0000000000000E+00; 1.0000000000000E+00; 1.0000000000000E+00; 1.0000000000000E+02; 4.0000000000000E-02; 8.7000000000000E-01;                 NAN; 4.0000000000000E-02; 4.3520752871449E+05; 6.5058514325923E+03; 9.3706008774148E+03; 6.4695264391108E+02; 1.8458100000000E-01; 7.9223694687355E-01; 2.8432256305121E-05; 3.0000000000000E+02; 4.0000000000000E-01; 8.7000000000000E+00; 0.0000000000000E+00; 4.0000000000000E-01; 4.0000000000000E-01; 8.7000000000000E+00
 1.7878538700000E+09; 0.0000000000000E+00; 0.0000000000000E+00; 1.0602440000000E+01; 1.9375701000000E+02; 1.8315457000000E+02; 5.0000000000000E+01; 3.0000000000000E+01; 2.0000000000000E+01; 4.3095000000000E-03; 2.0000000000000E+01; 5.8000000000000E+02; 2.1000000000000E+01; 5.7919016913005E-01; 1.5690568089485E-01; 7.0000000000000E+01; 1.0000000000000E+00; 4.8879776394470E+01; 3.8507656658448E+01; 2.7065900000000E+02; 2.8365100000000E+02; 1.0000000000000E+00; 1.0000000000000E+00; 1.0000000000000E+00; 1.0000000000000E+00; 1.0000000000000E+02; 3.0000000000000E-02; 8.6000000000000E-01;                 NAN; 3.0000000000000E-02; 4.3029323203277E+05; 6.5371156007670E+03; 9.1764429830890E+03; 6.5386206758633E+02; 1.8497325000000E-01; 7.9091091292367E-01; 2.8419090752401E-05; 4.0000000000000E+02; 3.0000000000000E-01; 8.6000000000000E+00; 0.0000000000000E+00; 3.0000000000000E-01; 3.0000000000000E-01; 8.6000000000000E+00
 1.7878538720000E+09; 0.0000000000000E+00; 0.0000000000000E+00; 1.0635683333333E+01; 1.9372074000000E+02; 1.8308505666667E+02; 5.0000000000000E+01; 2.0000000000000E+01; 3.0000000000000E+01; 4.3320000000000E-03; 2.0000000000000E+01; 5.8000000000000E+02; 2.2000000000000E+01; 5.8043341231673E-01; 1.0468832403421E-01; 7.3000000000000E+01; 1.0000000000000E+00; 4.8875352655271E+01; 3.8499567935158E+01; 2.7066100000000E+02; 2.8384600000000E+02; 1.0000000000000E+00; 1.0000000000000E+00; 1.0000000000000E+00; 1.0000000000000E+00; 1.0000000000000E+02; 4.0000000000000E-02; 8.5000000000000E-01;                 NAN; 4.0000000000000E-02; 3.9641511257211E+05; 6.5575472461884E+03; 9.2317436723253E+03; 6.5809404945657E+02; 1.8530566666667E-01; 7.9024267074780E-01; 2.8401481924634E-05; 3.0000000000000E+02; 4.0000000000000E-01; 8.5000000000000E+00; 0.0000000000000E+00; 4.0000000000000E-01; 4.0000000000000E-01; 8.5000000000000E+00
 1.7878538740000E+09; 0.0000000000000E+00; 0.0000000000000E+00; 1.0661825000000E+01; 1.9369788500000E+02; 1.8303606000000E+02; 4.0000000000000E+01; 2.0000000000000E+01; 2.0000000000000E+01; 4.3390000000000E-03; 2.0000000000000E+01; 5.8000000000000E+02; 2.1000000000000E+01; 5.7963282868266E-01; 1.5885844826698E-01; 7.2000000000000E+01; 1.0000000000000E+00; 4.8890005494437E+01; 3.8480152290132E+01; 2.7066300000000E+02; 2.8402300000000E+02; 1.0000000000000E+00; 1.0000000000000E+00; 1.0000000000000E+00; 1.0000000000000E+00; 1.0000000000000E+02; 3.0000000000000E-02; 8.5000000000000E-01;                 NAN; 3.0000000000000E-02; 4.2777887477928E+05; 6.5398975827122E+03; 9.1711954724316E+03; 6.6459265085461E+02; 1.8566220000000E-01; 7.8920347355599E-01; 2.8354762668844E-05; 3.0000000000000E+02; 3.0000000000000E-01; 8.5000000000000E+00; 0.0000000000000E+00; 3.0000000000000E-01; 3.0000000000000E-01; 8.5000000000000E+00
 1.7878538760000E+09; 0.0000000000000E+00; 0.0000000000000E+00; 1.0664808333333E+01; 1.9368869333333E+02; 1.8302388500000E+02; 5.0000000000000E+01; 3.0000000000000E+01; 2.0000000000000E+01; 4.3447619047619E-03; 2.1000000000000E+01; 5.8000000000000E+02; 2.2000000000000E+01; 5.7945721457542E-01; 2.0630802214146E-01; 7.1000000000000E+01; 1.0000000000000E+00; 4.8875519567883E+01; 3.8503073130546E+01; 2.7066300000000E+02; 2.8418000000000E+02; 1.0000000000000E+00; 1.0000000000000E+00; 1.0000000000000E+00; 1.0000000000000E+00; 1.0000000000000E+02; 4.0000000000000E-02; 8.4000000000000E-01;                 NAN; 4.0000000000000E-02; 4.0316538031061E+05; 6.5892169243916E+03; 9.2000971465142E+03; 6.6939180997492E+02; 1.8605100000000E-01; 7.8833533381286E-01; 2.8357803210041E-05; 3.0000000000000E+02; 4.0000000000000E-01; 8.4000000000000E+00; 0.0000000000000E+00; 4.0000000000000E-01; 4.0000000000000E-01; 8.4000000000000E+00
 1.7878538780000E+09; 0.0000000000000E+00; 0.0000000000000E+00; 1.0670123333333E+01; 1.9368133000000E+02; 1.8301120666667E+02; 6.0000000000000E+01; 3.0000000000000E+01; 3.0000000000000E+01; 4.3575000000000E-03; 2.0000000000000E+01; 5.8000000000000E+02; 2.1000000000000E+01; 5.7849759414792E-01; 2.0615585148335E-01; 7.2000000000000E+01; 1.0000000000000E+00; 4.8887207535164E+01; 3.8391733277853E+01; 2.7067300000000E+02; 2.8432500000000E+02; 1.0000000000000E+00; 1.0000000000000E+00; 1.0000000000000E+00; 1.0000000000000E+00; 1.0000000000000E+02; 3.0000000000000E-02; 8.4000000000000E-01;                 NAN; 3.0000000000000E-02; 4.6610346620159E+05; 6.5627793898337E+03; 9.0956716844309E+03; 6.7277017199015E+02; 1.8635675000000E-01; 7.8783496239922E-01; 2.8346573207059E-05; 4.0000000000000E+02; 3.0000000000000E-01; 8.4000000000000E+00; 0.0000000000000E+00; 3.0000000000000E-01; 3.0000000000000E-01; 8.4000000000000E+00
 1.7878538800000E+09; 0.0000000000000E+00; 0.0000000000000E+00; 1.0669665000000E+01; 1.9367481500000E+02; 1.8300515000000E+02; 4.0000000000000E+01; 2.0000000000000E+01; 2.0000000000000E+01; 4.3710000000000E-03; 2.0000000000000E+01; 5.8000000000000E+02; 2.2000000000000E+01; 5.7893006251283E-01; 1.4671073853970E-01; 7.3000000000000E+01; 1.0000000000000E+00; 4.8891341996343E+01; 3.8412486679658E+01; 2.7067000000000E+02; 2.8445700000000E+02; 1.0000000000000E+00; 2.0000000000000E+00; 1.0000000000000E+00; 1.0000000000000E+00; 1.0000000000000E+02; 4.0000000000000E-02; 8.4000000000000E-01;                 NAN; 4.0000000000000E-02; 4.4226881049489E+05; 6.6004220285180E+03; 9.0216817841608E+03; 6.7700512386576E+02; 1.8661500000000E-01; 7.8711094717517E-01; 2.8330586621194E-05; 3.0000000000000E+02; 4.0000000000000E-01; 8.4000000000000E+00; 0.0000000000000E+00; 4.0000000000000E-01; 4.0000000000000E-01; 8.4000000000000E+00
 1.7878538820000E+09; 0.0000000000000E+00; 0.0000000000000E+00; 1.0668361666667E+01; 1.9366543500000E+02; 1.8299707333333E+02; 5.0000000000000E+01; 2.0000000000000E+01; 3.0000000000000E+01; 4.3815000000000E-03; 2.0000000000000E+01; 5.8000000000000E+02; 2.1000000000000E+01; 5.8029746021183E-01; 1.3222987949848E-01; 7.1000000000000E+01; 1.0000000000000E+00; 4.8866592047356E+01; 3.8425930426753E+01; 2.7066000000000E+02; 2.8457500000000E+02; 1.0000000000000E+00; 1.0000000000000E+00; 1.0000000000000E+00; 1.0000000000000E+00; 1.0000000000000E+02; 3.0000000000000E-02; 8.3000000000000E-01;                 NAN; 3.0000000000000E-02; 3.8164424505318E+05; 6.5972454957178E+03; 9.0034365932595E+03; 6.8116885388398E+02; 1.8682875000000E-01; 7.8621117945123E-01; 2.8341204205079E-05; 3.0000000000000E+02; 3.0000000000000E-01; 8.3000000000000E+00; 0.0000000000000E+00; 3.0000000000000E-01; 3.0000000000000E-01; 8.3000000000000E+00
 1.7878538840000E+09; 0.0000000000000E+00; 0.0000000000000E+00; 1.0654171666667E+01; 1.9365330500000E+02; 1.8299913333333E+02; 5.0000000000000E+01; 2.0000000000000E+01; 3.0000000000000E+01; 4.3928571428571E-03; 2.1000000000000E+01; 5.8000000000000E+02; 2.2000000000000E+01; 5.8175903463867E-01; 1.8076995015144E-01; 7.1000000000000E+01; 1.0000000000000E+00; 4.8856668816363E+01; 3.8443506556683E+01; 2.7067100000000E+02; 2.8467900000000E+02; 1.0000000000000E+00; 1.0000000000000E+00; 1.0000000000000E+00; 1.0000000000000E+00; 1.0000000000000E+02; 4.0000000000000E-02; 8.3000000000000E-01;                 NAN; 4.0000000000000E-02; 4.5440013672392E+05; 6.6109523497145E+03; 9.0007321069975E+03; 6.8464539539097E+02; 1.8714225000000E-01; 7.8575043365207E-01; 2.8322075347175E-05; 4.0000000000000E+02; 4.0000000000000E-01; 8.3000000000000E+00; 0.0000000000000E+00; 4.0000000000000E-01; 4.0000000000000E-01; 8.3000000000000E+00
 1.7878538860000E+09; 0.0000000000000E+00; 0.0000000000000E+00; 1.0656475000000E+01; 1.9364197000000E+02; 1.8298549500000E+02; 5.0000000000000E+01; 3.0000000000000E+01; 2.0000000000000E+01; 4.4130000000000E-03; 2.0000000000000E+01; 5.8000000000000E+02; 2.1000000000000E+01; 5.8064080204866E-01; 1.7209663987160E-01; 7.3000000000000E+01; 1.0000000000000E+00; 4.8863547751320E+01; 3.8416832837111E+01; 2.7067800000000E+02; 2.8478400000000E+02; 1.0000000000000E+00; 1.0000000000000E+00; 1.0000000000000E+00; 1.0000000000000E+00; 1.0000000000000E+02; 3.0000000000000E-02; 8.3000000000000E-01;                 NAN; 3.0000000000000E-02; 3.8336791122758E+05; 6.6111196487703E+03; 8.9659774402586E+03; 6.8514259479551E+02; 1.8736166666667E-01; 7.8574584282184E-01; 2.8335477448622E-05; 3.0000000000000E+02; 3.0000000000000E-01; 8.3000000000000E+00; 0.0000000000000E+00; 3.0000000000000E-01; 3.0000000000000E-01; 8.3000000000000E+00
 1.7878538880000E+09; 0.0000000000000E+00; 0.0000000000000E+00; 1.0646823333333E+01; 1.9364558000000E+02; 1.8299875666667E+02; 5.0000000000000E+01; 2.0000000000000E+01; 3.0000000000000E+01; 4.4210000000000E-03; 2.0000000000000E+01; 5.8000000000000E+02; 2.1000000000000E+01; 5.8018660652993E-01; 1.4716723561287E-01; 6.7000000000000E+01; 1.0000000000000E+00; 4.8860212162592E+01; 3.8455453521903E+01; 2.7068100000000E+02; 2.8488000000000E+02; 1.0000000000000E+00; 1.0000000000000E+00; 1.0000000000000E+00; 1.0000000000000E+00; 1.0000000000000E+02; 4.0000000000000E-02; 8.2000000000000E-01;                 NAN; 4.0000000000000E-02; 3.8437144176602E+05; 6.5957952152231E+03; 8.9979468898024E+03; 6.8919866070528E+02; 1.8759100000000E-01; 7.8502429545063E-01; 2.8324187031664E-05; 3.0000000000000E+02; 4.0000000000000E-01; 8.2000000000000E+00; 0.0000000000000E+00; 4.0000000000000E-01; 4.0000000000000E-01; 8.2000000000000E+00
 1.7878538900000E+09; 0.0000000000000E+00; 0.0000000000000E+00; 1.0622190000000E+01; 1.9364117500000E+02; 1.8301898500000E+02; 4.0000000000000E+01; 2.0000000000000E+01; 2.0000000000000E+01; 4.4395238095238E-03; 2.1000000000000E+01; 5.8000000000000E+02; 2.1000000000000E+01; 5.7994186056985E-01; 1.6778534650803E-01; 7.2000000000000E+01; 1.0000000000000E+00; 4.8850750989433E+01; 3.8386257622773E+01; 2.7067500000000E+02; 2.8495300000000E+02; 1.0000000000000E+00; 1.0000000000000E+00; 1.0000000000000E+00; 1.0000000000000E+00; 1.0000000000000E+02; 3.0000000000000E-02; 8.3000000000000E-01;                 NAN; 3.0000000000000E-02; 4.8806368524815E+05; 6.6563161227300E+03; 8.9551594952109E+03; 6.9124943025379E+02; 1.8783500000000E-01; 7.8474749439594E-01; 2.8323284007695E-05; 3.0000000000000E+02; 3.0000000000000E-01; 8.3000000000000E+00; 0.0000000000000E+00; 3.0000000000000E-01; 3.0000000000000E-01; 8.3000000000000E+00
 1.7878538920000E+09; 0.0000000000000E+00; 0.0000000000000E+00; 1.0629861666667E+01; 1.9361582500000E+02; 1.8298596333333E+02; 5.0000000000000E+01; 2.0000000000000E+01; 3.0000000000000E+01; 4.4515000000000E-03; 2.0000000000000E+01; 5.8000000000000E+02; 2.2000000000000E+01; 5.8054374887070E-01; 1.6426023840904E-01; 7.1000000000000E+01; 1.0000000000000E+00; 4.8858669674092E+01; 3.8440615952021E+01; 2.7068100000000E+02; 2.8504200000000E+02; 1.0000000000000E+00; 1.0000000000000E+00; 1.0000000000000E+00; 1.0000000000000E+00; 1.0000000000000E+02; 3.0000000000000E-02; 8.3000000000000E-01;                 NAN; 3.0000000000000E-02; 3.8325189647538E+05; 6.6303425003544E+03; 9.0169993900356E+03; 6.9337233789770E+02; 1.8804280000000E-01; 7.8443274340692E-01; 2.8320497333850E-05; 3.0000000000000E+02; 3.0000000000000E-01; 8.3000000000000E+00; 0.0000000000000E+00; 3.0000000000000E-01; 3.0000000000000E-01; 8.3000000000000E+00
 1.7878538940000E+09; 0.0000000000000E+00; 0.0000000000000E+00; 1.0632903333333E+01; 1.9359224333333E+02; 1.8295934000000E+02; 5.0000000000000E+01; 3.0000000000000E+01; 2.0000000000000E+01; 4.4740000000000E-03; 2.0000000000000E+01; 5.8000000000000E+02; 2.2000000000000E+01; 5.7824455810090E-01; 1.6978883743286E-01; 7.2000000000000E+01; 1.0000000000000E+00; 4.8897482908270E+01; 3.8530455538072E+01; 2.7068700000000E+02; 2.8512300000000E+02; 1.0000000000000E+00; 1.0000000000000E+00; 1.0000000000000E+00; 1.0000000000000E+00; 1.0000000000000E+02; 4.0000000000000E-02; 8.2000000000000E-01;                 NAN; 4.0000000000000E-02; 3.9905252601617E+05; 6.6302946779385E+03; 8.9228671219342E+03; 6.9468615988390E+02; 1.8814633333333E-01; 7.8418408567455E-01; 2.8324102096719E-05; 3.0000000000000E+02; 4.0000000000000E-01; 8.2000000000000E+00; 0.0000000000000E+00; 4.0000000000000E-01; 4.0000000000000E-01; 8.2000000000000E+00
 1.7878538960000E+09; 0.0000000000000E+00; 0.0000000000000E+00; 1.0619598333333E+01; 1.9358213500000E+02; 1.8296253666667E+02; 5.0000000000000E+01; 2.0000000000000E+01; 3.0000000000000E+01; 4.4920000000000E-03; 2.0000000000000E+01; 5.8000000000000E+02; 2.2000000000000E+01; 5.7961081687718E-01; 2.0919911563396E-01; 7.3000000000000E+01; 1.0000000000000E+00; 4.8831844392824E+01; 3.8503997556810E+01; 2.7068700000000E+02; 2.8516800000000E+02; 1.0000000000000E+00; 1.0000000000000E+00; 1.0000000000000E+00; 1.0000000000000E+00; 1.0000000000000E+02; 3.0000000000000E-02; 8.2000000000000E-01;                 NAN; 3.0000000000000E-02; 4.1467585192812E+05; 6.6716060177185E+03; 8.9271054959268E+03; 6.9864727773508E+02; 1.8834100000000E-01; 7.8326886789919E-01; 2.8345291769623E-05; 4.0000000000000E+02; 3.0000000000000E-01; 8.2000000000000E+00; 0.0000000000000E+00; 3.0000000000000E-01; 3.0000000000000E-01; 8.2000000000000E+00
 1.7878538980000E+09; 0.0000000000000E+00; 0.0000000000000E+00; 1.0619640000000E+01; 1.9363119000000E+02; 1.8301155000000E+02; 5.0000000000000E+01; 3.0000000000000E+01; 2.0000000000000E+01; 4.5104761904762E-03; 2.1000000000000E+01; 5.8000000000000E+02; 2.2000000000000E+01; 5.7871851644806E-01; 1.6765855252743E-01; 7.4000000000000E+01; 1.0000000000000E+00; 4.9016818134562E+01; 3.7461586359871E+01; 2.7069800000000E+02; 2.8522000000000E+02; 1.0000000000000E+00; 1.0000000000000E+00; 1.0000000000000E+00; 1.0000000000000E+00; 1.0000000000000E+02; 1.0000000000000E-02; 8.2000000000000E-01;                 NAN; 1.0000000000000E-02; 3.5227788348961E+05; 6.7893405611173E+03; 9.1095977704064E+03; 6.9746086519358E+02; 1.9064225000000E-01; 7.8574578982229E-01; 2.8322410266268E-05; 2.0000000000000E+02; 1.0000000000000E-01; 8.2000000000000E+00; 0.0000000000000E+00; 1.0000000000000E-01; 1.0000000000000E-01; 8.2000000000000E+00
 1.7878539000000E+09; 0.0000000000000E+00; 0.0000000000000E+00; 1.0628136666667E+01; 1.9356611666667E+02; 1.8293798000000E+02; 6.0000000000000E+01; 3.0000000000000E+01; 3.0000000000000E+01; 4.5360000000000E-03; 2.0000000000000E+01; 5.8000000000000E+02; 2.1000000000000E+01; 5.7948653490157E-01; 2.0088087022305E-01; 7.4000000000000E+01; 1.0000000000000E+00; 4.8965180912775E+01; 3.6164739962626E+01; 2.7069900000000E+02; 2.8532000000000E+02; 1.0000000000000E+00; 1.0000000000000E+00; 1.0000000000000E+00; 1.0000000000000E+00; 1.0000000000000E+02; 2.0000000000000E-02; 8.2000000000000E-01;                 NAN; 2.0000000000000E-02; 3.9895880821942E+05; 6.8388575561093E+03; 9.4508474250073E+03; 6.7358506123744E+02; 1.9169600000000E-01; 7.9241885039317E-01; 2.8329396003004E-05; 3.0000000000000E+02; 2.0000000000000E-01; 8.2000000000000E+00; 0.0000000000000E+00; 2.0000000000000E-01; 2.0000000000000E-01; 8.2000000000000E+00
 1.7878539020000E+09; 0.0000000000000E+00; 0.0000000000000E+00; 1.0625305000000E+01; 1.9352273000000E+02; 1.8289742500000E+02; 4.0000000000000E+01; 2.0000000000000E+01; 2.0000000000000E+01; 4.5515000000000E-03; 2.0000000000000E+01; 5.8000000000000E+02; 2.2000000000000E+01; 5.8091606979639E-01; 2.0765212178230E-01; 7.1000000000000E+01; 1.0000000000000E+00; 4.8966817075206E+01; 3.6216203337411E+01; 2.7069400000000E+02; 2.8547000000000E+02; 1.0000000000000E+00; 1.0000000000000E+00; 1.0000000000000E+00; 1.0000000000000E+00; 1.0000000000000E+02; 3.0000000000000E-02; 8.0000000000000E-01;                 NAN; 3.0000000000000E-02; 3.8416593121383E+05; 6.8297204281136E+03; 9.4524620436711E+03; 6.7847050313883E+02; 1.9322075000000E-01; 7.9248344606518E-01; 2.8337983075168E-05; 3.0000000000000E+02; 3.0000000000000E-01; 8.0000000000000E+00; 0.0000000000000E+00; 3.0000000000000E-01; 3.0000000000000E-01; 8.0000000000000E+00
 1.7878539040000E+09; 0.0000000000000E+00; 0.0000000000000E+00; 1.0650700000000E+01; 1.9350743666667E+02; 1.8285673666667E+02; 6.0000000000000E+01; 3.0000000000000E+01; 3.0000000000000E+01; 4.5609523809524E-03; 2.1000000000000E+01; 5.8000000000000E+02; 2.2000000000000E+01; 5.7881956785509E-01; 1.6740494966507E-01; 7.3000000000000E+01; 1.0000000000000E+00; 4.8984237430801E+01; 3.6231800298372E+01; 2.7069900000000E+02; 2.8568700000000E+02; 1.0000000000000E+00; 1.0000000000000E+00; 1.0000000000000E+00; 1.0000000000000E+00; 1.0000000000000E+02; 3.0000000000000E-02; 8.0000000000000E-01;                 NAN; 3.0000000000000E-02; 4.3555500524277E+05; 6.8208296095236E+03; 9.3502163167839E+03; 6.8487404316067E+02; 1.9316450000000E-01; 7.9100019221884E-01; 2.8318451507648E-05; 4.0000000000000E+02; 3.0000000000000E-01; 8.0000000000000E+00; 0.0000000000000E+00; 3.0000000000000E-01; 3.0000000000000E-01; 8.0000000000000E+00
 1.7878539060000E+09; 0.0000000000000E+00; 0.0000000000000E+00; 1.0645825000000E+01; 1.9349738500000E+02; 1.8285156000000E+02; 4.0000000000000E+01; 2.0000000000000E+01; 2.0000000000000E+01; 4.5750000000000E-03; 2.0000000000000E+01; 5.8000000000000E+02; 2.1000000000000E+01; 5.7677538865970E-01; 2.3268298804760E-01; 7.2000000000000E+01; 1.0000000000000E+00; 4.9101828251544E+01; 3.5988504844475E+01; 2.7069900000000E+02; 2.8593000000000E+02; 1.0000000000000E+00; 1.0000000000000E+00; 1.0000000000000E+00; 1.0000000000000E+00; 1.0000000000000E+02; 1.0000000000000E-02; 8.0000000000000E-01;                 NAN; 1.0000000000000E-02; 1.4331866458888E+05; 6.8254191349793E+03; 9.3934477315080E+03; 6.8791889434636E+02; 1.9318700000000E-01; 7.9053862565487E-01; 2.8275162624701E-05; 2.0000000000000E+02; 1.0000000000000E-01; 8.0000000000000E+00; 0.0000000000000E+00; 1.0000000000000E-01; 1.0000000000000E-01; 8.0000000000000E+00
 1.7878539080000E+09; 0.0000000000000E+00; 0.0000000000000E+00; 1.0662328333333E+01; 1.9354771500000E+02; 1.8288538666667E+02; 5.0000000000000E+01; 2.0000000000000E+01; 3.0000000000000E+01; 4.5570000000000E-03; 2.0000000000000E+01; 5.8000000000000E+02; 2.1000000000000E+01; 5.7334148909844E-01; 1.8558844923973E-01; 7.1000000000000E+01; 1.0000000000000E+00; 4.9023173537324E+01; 3.8721406330646E+01; 2.7070600000000E+02; 2.8605600000000E+02; 1.0000000000000E+00; 1.0000000000000E+00; 1.0000000000000E+00; 1.0000000000000E+00; 1.0000000000000E+02; 2.0000000000000E-02; 8.0000000000000E-01;                 NAN; 2.0000000000000E-02; 3.7270649172944E+05; 6.7479145897741E+03; 8.9417581603011E+03; 7.1874693710908E+02; 1.9315066666667E-01; 7.8342170216529E-01; 2.8230796998271E-05; 3.0000000000000E+02; 2.0000000000000E-01; 8.0000000000000E+00; 0.0000000000000E+00; 2.0000000000000E-01; 2.0000000000000E-01; 8.0000000000000E+00
 1.7878539100000E+09; 0.0000000000000E+00; 0.0000000000000E+00; 1.0704630000000E+01; 1.9359432000000E+02; 1.8288969000000E+02; 5.0000000000000E+01; 3.0000000000000E+01; 2.0000000000000E+01; 4.5950000000000E-03; 2.0000000000000E+01; 5.8000000000000E+02; 2.2000000000000E+01; 5.7412626309527E-01; 2.1759346127510E-01; 7.2000000000000E+01; 1.0000000000000E+00; 4.9282886280428E+01; 4.2134960320644E+01; 2.7071100000000E+02; 2.8636700000000E+02; 1.0000000000000E+00; 1.0000000000000E+00; 1.0000000000000E+00; 1.0000000000000E+00; 1.0000000000000E+02; 3.0000000000000E-02; 8.0000000000000E-01;                 NAN; 3.0000000000000E-02; 3.9455181901830E+05; 5.9759580093440E+03; 6.8584156983588E+03; 8.7182857774841E+02; 1.7611025000000E-01; 7.3103648473950E-01; 2.8241739925890E-05; 3.0000000000000E+02; 3.0000000000000E-01; 8.0000000000000E+00; 0.0000000000000E+00; 3.0000000000000E-01; 3.0000000000000E-01; 8.0000000000000E+00
 1.7878539120000E+09; 0.0000000000000E+00; 0.0000000000000E+00; 1.0600925000000E+01; 1.9351620000000E+02; 1.8291527500000E+02; 4.0000000000000E+01; 2.0000000000000E+01; 2.0000000000000E+01; 4.6252380952381E-03; 2.1000000000000E+01; 5.8000000000000E+02; 2.1000000000000E+01; 5.7555313232967E-01; 9.1526202857494E-02; 7.0000000000000E+01; 1.0000000000000E+00; 4.9269718579042E+01; 4.4371046935031E+01; 2.7071200000000E+02; 2.8601100000000E+02; 1.0000000000000E+00; 1.0000000000000E+00; 1.0000000000000E+00; 1.0000000000000E+00; 1.0000000000000E+02; 4.0000000000000E-02; 8.7000000000000E-01;                 NAN; 4.0000000000000E-02; 3.7066820455041E+05; 6.0463776408399E+03; 5.8735677806989E+03; 1.1303850496775E+03; 1.6232200000000E-01; 6.5884193977656E-01; 2.8255889009476E-05; 3.0000000000000E+02; 4.0000000000000E-01; 8.7000000000000E+00; 0.0000000000000E+00; 4.0000000000000E-01; 4.0000000000000E-01; 8.7000000000000E+00
 1.7878539140000E+09; 0.0000000000000E+00; 0.0000000000000E+00; 1.0558035000000E+01; 1.9347716500000E+02; 1.8291913000000E+02; 5.0000000000000E+01; 2.0000000000000E+01; 3.0000000000000E+01; 4.6435000000000E-03; 2.0000000000000E+01; 5.8000000000000E+02; 2.1000000000000E+01; 5.7697757099716E-01; 1.8325528502464E-01; 7.1000000000000E+01; 1.0000000000000E+00; 4.9271043413970E+01; 4.2144471072561E+01; 2.7071100000000E+02; 2.8543400000000E+02; 1.0000000000000E+00; 1.0000000000000E+00; 1.0000000000000E+00; 1.0000000000000E+00; 1.0000000000000E+02; 3.0000000000000E-02; 9.0000000000000E-01;                 NAN; 3.0000000000000E-02; 3.2042770036144E+05; 6.1360981274179E+03; 7.1726204903405E+03; 8.0916652537194E+02; 1.7029200000000E-01; 7.3886357339686E-01; 2.8264618997314E-05; 3.0000000000000E+02; 3.0000000000000E-01; 9.0000000000000E+00; 0.0000000000000E+00; 3.0000000000000E-01; 3.0000000000000E-01; 9.0000000000000E+00
 1.7878539160000E+09; 0.0000000000000E+00; 0.0000000000000E+00; 1.0570851666667E+01; 1.9346234666667E+02; 1.8289149500000E+02; 5.0000000000000E+01; 3.0000000000000E+01; 2.0000000000000E+01; 4.6510000000000E-03; 2.0000000000000E+01; 5.8000000000000E+02; 2.2000000000000E+01; 5.7766894032418E-01; 9.9565491080284E-02; 7.1000000000000E+01; 1.0000000000000E+00; 4.9292169978406E+01; 4.3511388016943E+01; 2.7071000000000E+02; 2.8489300000000E+02; 1.0000000000000E+00; 1.0000000000000E+00; 1.0000000000000E+00; 1.0000000000000E+00; 1.0000000000000E+02; 4.0000000000000E-02; 9.1000000000000E-01;                 NAN; 4.0000000000000E-02; 4.2203918816543E+05; 6.1387267274861E+03; 6.1487907956047E+03; 1.0183930575415E+03; 1.7205550000000E-01; 6.9383196141956E-01; 2.8329719650903E-05; 3.0000000000000E+02; 4.0000000000000E-01; 9.1000000000000E+00; 0.0000000000000E+00; 4.0000000000000E-01; 4.0000000000000E-01; 9.1000000000000E+00
 1.7878539180000E+09; 0.0000000000000E+00; 0.0000000000000E+00; 1.0583710000000E+01; 1.9340688000000E+02; 1.8282317000000E+02; 5.0000000000000E+01; 2.0000000000000E+01; 3.0000000000000E+01; 4.7719047619048E-03; 2.1000000000000E+01; 1.2450000000000E+02; 2.2000000000000E+01; 5.7780039001156E-01; 1.9367846846581E-01; 7.4000000000000E+01; 1.0000000000000E+00; 4.9474782805014E+01; 4.5956726570202E+01; 2.7071700000000E+02; 2.8433900000000E+02; 1.0000000000000E+00; 1.0000000000000E+00; 1.0000000000000E+00; 1.0000000000000E+00; 9.9005202788020E+01; 4.0000000000000E-02; 9.1000000000000E-01;                 NAN; 4.0000000000000E-02; 3.3947173504281E+05; 3.7073603304734E+03; 4.8595573364293E+03; 1.5916568303944E+03; 7.7094500000000E-02; 3.9209669412006E-01; 2.8536380024463E-05; 1.9799000000000E+02; 4.0000000000000E-01; 9.1000000000000E+00; 0.0000000000000E+00; 4.0000000000000E-01; 4.0000000000000E-01; 9.1000000000000E+00
 1.7878539200000E+09; 0.0000000000000E+00; 0.0000000000000E+00; 1.0566370000000E+01; 1.9333925000000E+02; 1.8277288000000E+02; 6.0000000000000E+01; 3.0000000000000E+01; 3.0000000000000E+01; 4.7315000000000E-03; 2.0000000000000E+01; 1.0950000000000E+02; 2.2000000000000E+01; 5.7438705116102E-01; 2.0884408056736E-01; 7.3000000000000E+01; 1.0000000000000E+00; 4.9142144669295E+01; 4.0464967130028E+01; 2.7071900000000E+02; 2.8346000000000E+02; 1.0000000000000E+00; 1.0000000000000E+00; 1.0000000000000E+00; 1.0000000000000E+00; 9.7770000000000E+01; 4.0000000000000E-02; 1.3000000000000E-01;                 NAN; 4.0000000000000E-02; 4.1734849017858E+05; 6.2244551843540E+03; 8.3508077293386E+03; 6.4039912834108E+02; 1.4564733333333E-01; 7.5378142127640E-01; 2.8229994466939E-05; 9.7770000000000E+01; 4.0000000000000E-01; 1.3000000000000E+00; 0.0000000000000E+00; 4.0000000000000E-01; 4.0000000000000E-01; 1.3000000000000E+00
 1.7878539220000E+09; 0.0000000000000E+00; 0.0000000000000E+00; 1.0598148333333E+01; 1.9336793333333E+02; 1.8276978500000E+02; 5.0000000000000E+01; 3.0000000000000E+01; 2.0000000000000E+01; 4.7050000000000E-03; 2.0000000000000E+01; 1.5619047619048E+02; 2.1000000000000E+01; 5.7638284838034E-01; 2.2147361934185E-01; 7.2000000000000E+01; 1.0000000000000E+00; 4.9186684089850E+01; 4.0656244329572E+01; 2.7071700000000E+02; 2.8313100000000E+02; 1.0000000000000E+00; 1.0000000000000E+00; 1.0000000000000E+00; 1.0000000000000E+00; 1.0000000000000E+02; 3.0000000000000E-02; 5.0000000000000E-01;                 NAN; 3.0000000000000E-02; 3.4347569904639E+05; 6.1747723767205E+03; 7.9276161775483E+03; 6.8035272004059E+02; 1.7775325000000E-01; 7.7913661041471E-01; 2.8143437535090E-05; 3.0000000000000E+02; 3.0000000000000E-01; 5.0000000000000E+00; 0.0000000000000E+00; 3.0000000000000E-01; 3.0000000000000E-01; 5.0000000000000E+00
 1.7878539240000E+09; 0.0000000000000E+00; 0.0000000000000E+00; 1.0602758333333E+01; 1.9337842500000E+02; 1.8277566666667E+02; 5.0000000000000E+01; 2.0000000000000E+01; 3.0000000000000E+01; 4.7060000000000E-03; 2.0000000000000E+01; 2.0681818181818E+02; 2.2000000000000E+01; 5.7501150221041E-01; 1.7242632806301E-01; 7.3000000000000E+01; 1.0000000000000E+00; 4.9178182933191E+01; 4.2003021937058E+01; 2.7072300000000E+02; 2.8260200000000E+02; 1.0000000000000E+00; 1.0000000000000E+00; 2.0000000000000E+00; 1.0000000000000E+00; 1.0000000000000E+02; 4.0000000000000E-02; 7.2000000000000E-01;                 NAN; 4.0000000000000E-02; 3.7422580356890E+05; 6.1730137203167E+03; 7.8212128076017E+03; 7.1207391847711E+02; 1.7514666666667E-01; 7.6871038433029E-01; 2.8122490623753E-05; 3.0000000000000E+02; 4.0000000000000E-01; 7.2000000000000E+00; 0.0000000000000E+00; 4.0000000000000E-01; 4.0000000000000E-01; 7.2000000000000E+00
 1.7878539260000E+09; 0.0000000000000E+00; 0.0000000000000E+00; 1.0600345000000E+01; 1.9340734500000E+02; 1.8280700000000E+02; 5.0000000000000E+01; 2.0000000000000E+01; 3.0000000000000E+01; 4.7185714285714E-03; 2.1000000000000E+01; 3.0454545454545E+02; 2.2000000000000E+01; 5.7674436690907E-01; 1.5434426069260E-01; 7.2000000000000E+01; 1.0000000000000E+00; 4.9201699454234E+01; 4.1910254394594E+01; 2.7072400000000E+02; 2.8218700000000E+02; 1.0000000000000E+00; 1.0000000000000E+00; 1.0000000000000E+00; 1.0000000000000E+00; 1.0000000000000E+02; 3.0000000000000E-02; 8.5000000000000E-01;                 NAN; 3.0000000000000E-02; 3.6612150648967E+05; 6.1880109372553E+03; 7.6964027848875E+03; 7.1872213519908E+02; 1.7497220000000E-01; 7.7541369635564E-01; 2.6794239077151E-05; 3.0000000000000E+02; 3.0000000000000E-01; 8.5000000000000E+00; 0.0000000000000E+00; 3.0000000000000E-01; 3.0000000000000E-01; 8.5000000000000E+00
 1.7878539280000E+09; 0.0000000000000E+00; 0.0000000000000E+00; 1.0591628333333E+01; 1.9339969333333E+02; 1.8280806500000E+02; 5.0000000000000E+01; 3.0000000000000E+01; 2.0000000000000E+01; 4.7580000000000E-03; 2.0000000000000E+01; 4.0571428571429E+02; 2.1000000000000E+01; 5.7954703099198E-01; 1.8962077796459E-01; 7.2000000000000E+01; 1.0000000000000E+00; 4.9163613744756E+01; 4.1977316475925E+01; 2.7072900000000E+02; 2.8185800000000E+02; 1.0000000000000E+00; 1.0000000000000E+00; 1.0000000000000E+00; 1.0000000000000E+00; 1.0000000000000E+02; 4.0000000000000E-02; 9.3000000000000E-01;                 NAN; 4.0000000000000E-02; 3.9071397285647E+05; 6.1677883631982E+03; 7.7108132564622E+03; 7.2610125093656E+02; 1.7520475000000E-01; 7.7790275690837E-01; 2.6178824693809E-05; 4.0000000000000E+02; 4.0000000000000E-01; 9.3000000000000E+00; 0.0000000000000E+00; 4.0000000000000E-01; 4.0000000000000E-01; 9.3000000000000E+00
 1.7878539300000E+09; 0.0000000000000E+00; 0.0000000000000E+00; 1.0598806666667E+01; 1.9338039000000E+02; 1.8278158333333E+02; 5.0000000000000E+01; 2.0000000000000E+01; 3.0000000000000E+01; 4.7870000000000E-03; 2.0000000000000E+01; 4.6428571428571E+02; 2.1000000000000E+01; 5.8135434520741E-01; 1.5472467243671E-01; 7.2000000000000E+01; 1.0000000000000E+00; 4.9178480398907E+01; 4.2131007333451E+01; 2.7072200000000E+02; 2.8160900000000E+02; 1.0000000000000E+00; 1.0000000000000E+00; 1.0000000000000E+00; 1.0000000000000E+00; 1.0000000000000E+02; 4.0000000000000E-02; 9.5000000000000E-01;                 NAN; 4.0000000000000E-02; 3.5994186726214E+05; 6.1545791714895E+03; 8.1840176213648E+03; 6.8203217337845E+02; 1.7521166666667E-01; 7.8553857261724E-01; 2.6651608945208E-05; 3.0000000000000E+02; 4.0000000000000E-01; 9.5000000000000E+00; 0.0000000000000E+00; 4.0000000000000E-01; 4.0000000000000E-01; 9.5000000000000E+00
 1.7878539320000E+09; 0.0000000000000E+00; 1.0000000000000E+00; 1.0508486666667E+01; 1.9329612666667E+02; 1.8278764000000E+02; 5.0000000000000E+01; 3.0000000000000E+01; 2.0000000000000E+01; 5.0319047619048E-03; 2.1000000000000E+01; 1.3481818181818E+02; 2.2000000000000E+01; 5.8115102657013E-01; 1.4493550360203E-01; 7.2000000000000E+01; 1.0000000000000E+00; 4.9547671457091E+01; 4.7521577083400E+01; 2.7072900000000E+02; 2.8135200000000E+02; 1.0000000000000E+00; 1.0000000000000E+00; 1.0000000000000E+00; 1.0000000000000E+00; 1.0000000000000E+02; 3.0000000000000E-02; 9.7000000000000E-01;                 NAN; 3.0000000000000E-02;-8.4187043411304E+04; 9.6998033715895E+00; 6.2260076925814E+01; 6.0049580698231E+00; 8.8776750000000E-02; 9.9522331994187E-01; 2.6963636816603E-05; 3.0000000000000E+02; 3.0000000000000E-01; 9.7000000000000E+00; 0.0000000000000E+00; 3.0000000000000E-01; 3.0000000000000E-01; 9.7000000000000E+00
 1.7878539340000E+09; 0.0000000000000E+00; 0.0000000000000E+00; 1.0452671666667E+01; 1.9319497500000E+02; 1.8274230333333E+02; 5.0000000000000E+01; 2.0000000000000E+01; 3.0000000000000E+01; 5.0860000000000E-03; 2.0000000000000E+01; 5.3380952380952E+01; 2.1000000000000E+01; 5.8289911024168E-01; 2.2586099803448E-01; 7.1000000000000E+01; 1.0000000000000E+00; 4.9097133918537E+01; 4.3303011818844E+01; 2.7072600000000E+02; 2.8108000000000E+02; 1.0000000000000E+00; 1.0000000000000E+00; 1.0000000000000E+00; 1.0000000000000E+00;                 NAN; 4.0000000000000E-02; 1.0000000000000E-01;                 NAN;                 NAN; 4.1931878114828E+05; 6.3198423401537E+03;                 NAN;                 NAN; 1.0345000000000E-01;                 NAN; 2.6963636816603E-05; 0.0000000000000E+00; 4.0000000000000E-01; 1.0000000000000E+00; 0.0000000000000E+00; 0.0000000000000E+00; 4.0000000000000E-01; 1.0000000000000E+00
 1.7878539360000E+09; 0.0000000000000E+00; 0.0000000000000E+00; 1.0515831666667E+01; 1.9333669666667E+02; 1.8282086500000E+02; 5.0000000000000E+01; 3.0000000000000E+01; 2.0000000000000E+01; 4.8360000000000E-03; 2.0000000000000E+01; 8.4863636363636E+01; 2.2000000000000E+01; 5.8230188856254E-01; 2.0803253352642E-01; 7.4000000000000E+01; 1.0000000000000E+00; 4.9136336732111E+01; 3.8919976834866E+01; 2.7073500000000E+02; 2.8034200000000E+02; 1.0000000000000E+00; 1.0000000000000E+00; 1.0000000000000E+00; 1.0000000000000E+00; 1.0000000000000E+02; 4.0000000000000E-02; 4.8000000000000E-01;                 NAN;                 NAN; 4.0805662006224E+05; 6.1428934752847E+03; 8.5905786009176E+03; 6.4214519207344E+02; 1.8137925000000E-01; 7.9922502535519E-01; 2.6963636816603E-05; 1.0000000000000E+02; 4.0000000000000E-01; 4.8000000000000E+00; 0.0000000000000E+00; 0.0000000000000E+00; 4.0000000000000E-01; 4.8000000000000E+00
 1.7878539380000E+09; 0.0000000000000E+00; 0.0000000000000E+00; 1.0579010000000E+01; 1.9344586000000E+02; 1.8286685000000E+02; 6.0000000000000E+01; 3.0000000000000E+01; 3.0000000000000E+01; 4.8050000000000E-03; 2.0000000000000E+01; 1.3681818181818E+02; 2.2000000000000E+01; 5.8141979322042E-01; 1.1440140753984E-01; 7.3000000000000E+01; 1.0000000000000E+00; 4.9161745750365E+01; 4.2847938908449E+01; 2.7074100000000E+02; 2.8039600000000E+02; 1.0000000000000E+00; 1.0000000000000E+00; 1.0000000000000E+00; 1.0000000000000E+00; 1.0000000000000E+02; 3.0000000000000E-02; 7.1000000000000E-01;                 NAN;                 NAN; 3.8354235547313E+05; 5.7305288742247E+03; 8.6620254767922E+03; 6.1148464146330E+02; 1.7157950000000E-01; 7.9816083484586E-01; 2.6963636816603E-05; 2.0000000000000E+02; 3.0000000000000E-01; 7.1000000000000E+00; 0.0000000000000E+00; 0.0000000000000E+00; 3.0000000000000E-01; 7.1000000000000E+00
 1.7878539400000E+09; 0.0000000000000E+00; 0.0000000000000E+00; 1.0545918333333E+01; 1.9350329500000E+02; 1.8295737666667E+02; 5.0000000000000E+01; 2.0000000000000E+01; 3.0000000000000E+01; 4.8019047619048E-03; 2.1000000000000E+01; 3.4363636363636E+02; 2.2000000000000E+01; 5.8290093994624E-01; 1.0633675754070E-01; 7.4000000000000E+01; 1.0000000000000E+00; 4.8993101490423E+01; 3.1758613532707E+01; 2.7071700000000E+02; 2.8034250000000E+02; 1.0000000000000E+00; 1.0000000000000E+00; 1.0000000000000E+00; 2.0000000000000E+00; 1.0000000000000E+02; 1.0000000000000E-02; 8.9000000000000E-01;                 NAN;                 NAN; 2.9553924723674E+05; 6.7800342892152E+03; 1.0175730474135E+04; 5.8422454822113E+02; 1.8896900000000E-01; 8.2009328805736E-01; 2.6963636816603E-05; 2.0000000000000E+02; 1.0000000000000E-01; 8.9000000000000E+00; 0.0000000000000E+00; 0.0000000000000E+00; 1.0000000000000E-01; 8.9000000000000E+00
 1.7878539420000E+09; 0.0000000000000E+00; 0.0000000000000E+00; 1.0511748333333E+01; 1.9353408333333E+02; 1.8302233500000E+02; 5.0000000000000E+01; 3.0000000000000E+01; 2.0000000000000E+01; 4.8155000000000E-03; 2.0000000000000E+01; 5.5590909090909E+02; 2.2000000000000E+01; 5.8328249307970E-01; 1.8148005008698E-01; 7.2000000000000E+01; 1.0000000000000E+00; 4.8960734713965E+01; 3.1965779014147E+01; 2.7073200000000E+02; 2.8094100000000E+02; 1.0000000000000E+00; 1.0000000000000E+00; 1.0000000000000E+00; 1.0000000000000E+00; 1.0000000000000E+02; 2.0000000000000E-02; 8.4000000000000E-01;                 NAN;                 NAN; 4.4637254782297E+05; 6.7885292704553E+03; 9.9757599526190E+03; 6.0162458443397E+02; 1.9149560000000E-01; 8.1771064826485E-01; 2.6963636816603E-05; 3.0000000000000E+02; 2.0000000000000E-01; 8.4000000000000E+00; 0.0000000000000E+00; 0.0000000000000E+00; 2.0000000000000E-01; 8.4000000000000E+00
 1.7878539440000E+09; 0.0000000000000E+00; 0.0000000000000E+00; 1.0318715000000E+01; 1.9361655500000E+02; 1.8329784000000E+02; 4.0000000000000E+01; 2.0000000000000E+01; 2.0000000000000E+01; 4.8845000000000E-03; 2.0000000000000E+01; 5.8000000000000E+02; 2.2000000000000E+01; 5.8157572043269E-01; 1.8320456147194E-01; 7.3000000000000E+01; 1.0000000000000E+00; 4.8986463505970E+01; 3.4141545723935E+01; 2.7071500000000E+02; 2.8164900000000E+02; 1.0000000000000E+00; 1.0000000000000E+00; 1.0000000000000E+00; 1.0000000000000E+00; 1.0000000000000E+02; 3.0000000000000E-02; 8.1000000000000E-01;                 NAN;                 NAN; 4.3296672063152E+05; 6.7221381536197E+03; 9.9316808630964E+03; 6.1118862441581E+02; 1.9063466666667E-01; 8.1207525536638E-01; 2.7428237726682E-05; 3.0000000000000E+02; 3.0000000000000E-01; 8.1000000000000E+00; 0.0000000000000E+00; 0.0000000000000E+00; 3.0000000000000E-01; 8.1000000000000E+00
 1.7878539460000E+09; 0.0000000000000E+00; 0.0000000000000E+00; 1.0412040000000E+01; 1.9345819666667E+02; 1.8304615666667E+02; 6.0000000000000E+01; 3.0000000000000E+01; 3.0000000000000E+01; 4.9995000000000E-03; 2.0000000000000E+01; 5.8000000000000E+02; 2.1000000000000E+01; 5.8037001541091E-01; 2.5048607587814E-01; 7.2000000000000E+01; 1.0000000000000E+00; 4.9073302249850E+01; 3.3830634219375E+01; 2.7072500000000E+02; 2.8218900000000E+02; 1.0000000000000E+00; 1.0000000000000E+00; 1.0000000000000E+00; 1.0000000000000E+00; 1.0000000000000E+02; 3.0000000000000E-02; 8.0000000000000E-01;                 NAN; 3.0000000000000E-02; 3.9862082436380E+05; 6.7456349218536E+03; 9.9199748777836E+03; 6.2021213316598E+02; 1.9093525000000E-01; 8.0752362949112E-01; 2.7883779132798E-05; 4.0000000000000E+02; 3.0000000000000E-01; 8.0000000000000E+00; 0.0000000000000E+00; 3.0000000000000E-01; 3.0000000000000E-01; 8.0000000000000E+00
 1.7878539480000E+09; 0.0000000000000E+00; 0.0000000000000E+00; 1.0458500000000E+01; 1.9342320500000E+02; 1.8296470500000E+02; 4.0000000000000E+01; 2.0000000000000E+01; 2.0000000000000E+01; 5.0566666666667E-03; 2.1000000000000E+01; 5.8000000000000E+02; 2.2000000000000E+01; 5.7934364291087E-01; 1.1265153437853E-01; 7.3000000000000E+01; 1.0000000000000E+00; 4.8987723679941E+01; 3.4812339101546E+01; 2.7072000000000E+02; 2.8275600000000E+02; 1.0000000000000E+00; 1.0000000000000E+00; 1.0000000000000E+00; 1.0000000000000E+00; 1.0000000000000E+02; 1.0000000000000E-02; 7.9000000000000E-01;                 NAN; 1.0000000000000E-02; 4.4107273935238E+05; 6.7253332374770E+03; 9.7676356068511E+03; 6.2922353884585E+02; 1.9098400000000E-01; 8.0532426359150E-01; 2.7881533901733E-05; 2.0000000000000E+02; 1.0000000000000E-01; 7.9000000000000E+00; 0.0000000000000E+00; 1.0000000000000E-01; 1.0000000000000E-01; 7.9000000000000E+00
 1.7878539500000E+09; 0.0000000000000E+00; 0.0000000000000E+00; 1.0379256666667E+01; 1.9344983333333E+02; 1.8307057666667E+02; 6.0000000000000E+01; 3.0000000000000E+01; 3.0000000000000E+01; 5.0985000000000E-03; 2.0000000000000E+01; 5.8000000000000E+02; 2.2000000000000E+01; 5.8101063056351E-01; 2.0199672877789E-01; 7.3000000000000E+01; 1.0000000000000E+00; 4.9020563740484E+01; 2.6073314619447E+01; 2.7071100000000E+02; 2.8325200000000E+02; 1.0000000000000E+00; 1.0000000000000E+00; 1.0000000000000E+00; 1.0000000000000E+00; 1.0000000000000E+02; 2.0000000000000E-02; 8.0000000000000E-01;                 NAN; 2.0000000000000E-02; 3.3655602515162E+05; 6.8364225067241E+03; 1.0176618514400E+04; 6.2688690645823E+02; 1.9373700000000E-01; 8.0780609629712E-01; 2.7940839437656E-05; 3.0000000000000E+02; 2.0000000000000E-01; 8.0000000000000E+00; 0.0000000000000E+00; 2.0000000000000E-01; 2.0000000000000E-01; 8.0000000000000E+00
 1.7878539520000E+09; 0.0000000000000E+00; 0.0000000000000E+00; 1.0328576666667E+01; 1.9350135666667E+02; 1.8317278000000E+02; 5.0000000000000E+01; 3.0000000000000E+01; 2.0000000000000E+01; 5.1350000000000E-03; 2.0000000000000E+01; 5.8000000000000E+02; 2.2000000000000E+01; 5.8079489279438E-01; 2.0648553967476E-01; 7.4000000000000E+01; 1.0000000000000E+00; 4.8830803889133E+01; 2.8486439008797E+01; 2.7073000000000E+02; 2.8377500000000E+02; 1.0000000000000E+00; 1.0000000000000E+00; 1.0000000000000E+00; 1.0000000000000E+00; 1.0000000000000E+02; 3.0000000000000E-02; 7.9000000000000E-01;                 NAN; 3.0000000000000E-02; 3.9539989378446E+05; 6.8469348715235E+03; 1.0112275960646E+04; 6.3333606848140E+02; 1.9456920000000E-01; 8.0645809144162E-01; 2.8016680905915E-05; 4.0000000000000E+02; 3.0000000000000E-01; 7.9000000000000E+00; 0.0000000000000E+00; 3.0000000000000E-01; 3.0000000000000E-01; 7.9000000000000E+00
 1.7878539540000E+09; 0.0000000000000E+00; 0.0000000000000E+00; 1.0378601666667E+01; 1.9354455500000E+02; 1.8316595333333E+02; 5.0000000000000E+01; 2.0000000000000E+01; 3.0000000000000E+01; 5.1761904761905E-03; 2.1000000000000E+01; 5.8000000000000E+02; 2.2000000000000E+01; 5.7992477502725E-01; 1.8165756762028E-01; 7.3000000000000E+01; 1.0000000000000E+00; 4.8892929229412E+01; 2.5092509827216E+01; 2.7073700000000E+02; 2.8430700000000E+02; 1.0000000000000E+00; 1.0000000000000E+00; 1.0000000000000E+00; 1.0000000000000E+00; 1.0000000000000E+02; 3.0000000000000E-02; 7.8000000000000E-01;                 NAN; 3.0000000000000E-02; 3.9404832641770E+05; 6.8758651882402E+03; 9.9917446773910E+03; 6.3896714319807E+02; 1.9519166666667E-01; 8.0528140429166E-01; 2.8068945729622E-05; 3.0000000000000E+02; 3.0000000000000E-01; 7.8000000000000E+00; 0.0000000000000E+00; 3.0000000000000E-01; 3.0000000000000E-01; 7.8000000000000E+00
 1.7878539560000E+09; 0.0000000000000E+00; 0.0000000000000E+00; 1.0357353333333E+01; 1.9347934666667E+02; 1.8312199333333E+02; 6.0000000000000E+01; 3.0000000000000E+01; 3.0000000000000E+01; 5.1810000000000E-03; 2.0000000000000E+01; 5.8000000000000E+02; 2.2000000000000E+01; 5.8237794824659E-01; 2.0884408056736E-01; 7.3000000000000E+01; 1.0000000000000E+00; 4.8871639274233E+01; 2.3551166335302E+01; 2.7072700000000E+02; 2.8483000000000E+02; 1.0000000000000E+00; 1.0000000000000E+00; 1.0000000000000E+00; 1.0000000000000E+00; 1.0000000000000E+02; 3.0000000000000E-02; 7.9000000000000E-01;                 NAN; 3.0000000000000E-02; 3.7578955547532E+05; 6.8720475315589E+03; 9.9667180881016E+03; 6.4486257273384E+02; 1.9538775000000E-01; 8.0366109606609E-01; 2.8128538885130E-05; 3.0000000000000E+02; 3.0000000000000E-01; 7.9000000000000E+00; 0.0000000000000E+00; 3.0000000000000E-01; 3.0000000000000E-01; 7.9000000000000E+00
 1.7878539580000E+09; 0.0000000000000E+00; 0.0000000000000E+00; 1.0395191666667E+01; 1.9330792500000E+02; 1.8291273333333E+02; 5.0000000000000E+01; 2.0000000000000E+01; 3.0000000000000E+01; 5.2175000000000E-03; 2.0000000000000E+01; 5.8000000000000E+02; 2.2000000000000E+01; 5.8126060032681E-01; 2.1148157119751E-01; 7.3000000000000E+01; 1.0000000000000E+00; 4.8857002276308E+01; 2.4486072942431E+01; 2.7073600000000E+02; 2.8523100000000E+02; 1.0000000000000E+00; 1.0000000000000E+00; 1.0000000000000E+00; 1.0000000000000E+00; 1.0000000000000E+02; 1.0000000000000E-02; 7.9000000000000E-01;                 NAN; 1.0000000000000E-02; 4.9936071342760E+05; 6.8734192137604E+03; 9.9860935120675E+03; 6.5122104152065E+02; 1.9577160000000E-01; 8.0220469394001E-01; 2.8166679005606E-05; 2.0000000000000E+02; 1.0000000000000E-01; 7.9000000000000E+00; 0.0000000000000E+00; 1.0000000000000E-01; 1.0000000000000E-01; 7.9000000000000E+00
 1.7878539600000E+09; 0.0000000000000E+00; 0.0000000000000E+00; 1.0366420000000E+01; 1.9328175000000E+02; 1.8291533000000E+02; 5.0000000000000E+01; 3.0000000000000E+01; 2.0000000000000E+01; 5.2435000000000E-03; 2.0000000000000E+01; 5.8000000000000E+02; 2.1000000000000E+01; 5.8214896506733E-01; 8.7113462388515E-02; 7.2000000000000E+01; 1.0000000000000E+00; 4.8849001040398E+01; 2.4739227261143E+01; 2.7074600000000E+02; 2.8567600000000E+02; 1.0000000000000E+00; 1.0000000000000E+00; 1.0000000000000E+00; 1.0000000000000E+00; 1.0000000000000E+02; 2.0000000000000E-02; 7.8000000000000E-01;                 NAN; 2.0000000000000E-02; 4.0639270976563E+05; 6.8999676251504E+03; 9.9013260322164E+03; 6.5362734962576E+02; 1.9644550000000E-01; 8.0190917130802E-01; 2.8212050579059E-05; 4.0000000000000E+02; 2.0000000000000E-01; 7.8000000000000E+00; 0.0000000000000E+00; 2.0000000000000E-01; 2.0000000000000E-01; 7.8000000000000E+00
 1.7878539620000E+09; 0.0000000000000E+00; 0.0000000000000E+00; 1.0373250000000E+01; 1.9334229000000E+02; 1.8296904000000E+02; 5.0000000000000E+01; 2.0000000000000E+01; 3.0000000000000E+01; 5.2671428571429E-03; 2.1000000000000E+01; 5.8000000000000E+02; 2.2000000000000E+01; 5.8201659565919E-01; 2.2872674465179E-01; 7.3000000000000E+01; 1.0000000000000E+00; 4.8908098993871E+01; 2.4318327073427E+01; 2.7072600000000E+02; 2.8600200000000E+02; 1.0000000000000E+00; 1.0000000000000E+00; 1.0000000000000E+00; 1.0000000000000E+00; 1.0000000000000E+02; 3.0000000000000E-02; 7.8000000000000E-01;                 NAN; 3.0000000000000E-02; 4.2569154130796E+05; 6.9119614768922E+03; 9.8740389767976E+03; 6.5945540402572E+02; 1.9686800000000E-01; 8.0065795004029E-01; 2.8243934403189E-05; 3.0000000000000E+02; 3.0000000000000E-01; 7.8000000000000E+00; 0.0000000000000E+00; 3.0000000000000E-01; 3.0000000000000E-01; 7.8000000000000E+00
 1.7878539640000E+09; 0.0000000000000E+00; 0.0000000000000E+00; 1.0347005000000E+01; 1.9333052500000E+02; 1.8298352000000E+02; 5.0000000000000E+01; 2.0000000000000E+01; 3.0000000000000E+01; 5.2720000000000E-03; 2.0000000000000E+01; 5.8000000000000E+02; 2.1000000000000E+01; 5.8116748309798E-01; 2.1693408489227E-01; 7.2000000000000E+01; 1.0000000000000E+00; 4.8863968177750E+01; 2.4257020040329E+01; 2.7075600000000E+02; 2.8636900000000E+02; 2.0000000000000E+00; 1.0000000000000E+00; 1.0000000000000E+00; 1.0000000000000E+00; 1.0000000000000E+02; 3.0000000000000E-02; 7.9000000000000E-01;                 NAN; 3.0000000000000E-02; 4.5070288476384E+05; 6.9240264359174E+03; 9.9381393377517E+03; 6.6297200417654E+02; 1.9712125000000E-01; 7.9982019078929E-01; 2.8278069611597E-05; 3.0000000000000E+02; 3.0000000000000E-01; 7.9000000000000E+00; 0.0000000000000E+00; 3.0000000000000E-01; 3.0000000000000E-01; 7.9000000000000E+00
 1.7878539660000E+09; 0.0000000000000E+00; 0.0000000000000E+00; 1.0412645000000E+01; 1.9327433500000E+02; 1.8286169000000E+02; 5.0000000000000E+01; 2.0000000000000E+01; 3.0000000000000E+01; 5.3025000000000E-03; 2.0000000000000E+01; 5.8000000000000E+02; 2.2000000000000E+01; 5.8292996945515E-01; 1.7133583128452E-01; 7.1000000000000E+01; 1.0000000000000E+00; 4.8890548435612E+01; 2.4557365448105E+01; 2.7073200000000E+02; 2.8662500000000E+02; 1.0000000000000E+00; 1.0000000000000E+00; 1.0000000000000E+00; 1.0000000000000E+00; 1.0000000000000E+02; 3.0000000000000E-02; 7.8000000000000E-01;                 NAN; 3.0000000000000E-02; 4.8237052826282E+05; 6.9118030382972E+03; 9.8275379592793E+03; 6.6598380649285E+02; 1.9750425000000E-01; 7.9919494737419E-01; 2.8315111712870E-05; 3.0000000000000E+02; 3.0000000000000E-01; 7.8000000000000E+00; 0.0000000000000E+00; 3.0000000000000E-01; 3.0000000000000E-01; 7.8000000000000E+00
 1.7878539680000E+09; 0.0000000000000E+00; 0.0000000000000E+00; 1.0373360000000E+01; 1.9328807000000E+02; 1.8291471000000E+02; 4.0000000000000E+01; 2.0000000000000E+01; 2.0000000000000E+01; 5.3142857142857E-03; 2.1000000000000E+01; 5.8000000000000E+02; 2.0000000000000E+01; 5.8320094326229E-01; 1.6370230913162E-01; 6.6000000000000E+01; 1.0000000000000E+00; 4.8840836987419E+01; 2.4679498537188E+01; 2.7077100000000E+02; 2.8696300000000E+02; 1.0000000000000E+00; 1.0000000000000E+00; 1.0000000000000E+00; 1.0000000000000E+00; 1.0000000000000E+02; 1.0000000000000E-02; 7.9000000000000E-01;                 NAN; 1.0000000000000E-02; 6.3224691744674E+04; 6.9083654999154E+03; 9.8553094002972E+03; 6.7007031624849E+02; 1.9780766666667E-01; 7.9829852750669E-01; 2.8343278087928E-05; 1.0000000000000E+02; 1.0000000000000E-01; 7.9000000000000E+00; 0.0000000000000E+00; 1.0000000000000E-01; 1.0000000000000E-01; 7.9000000000000E+00
 1.7878539700000E+09;                 NAN; 0.0000000000000E+00;                 NAN;                 NAN;                 NAN; 0.0000000000000E+00; 0.0000000000000E+00; 0.0000000000000E+00; 5.3391304347826E-03; 2.3000000000000E+01; 5.8000000000000E+02; 2.0000000000000E+00; 5.8474749445915E-01; 2.6884710788727E-01; 1.0000000000000E+00; 1.0000000000000E+00;                 NAN;                 NAN;                 NAN;                 NAN; 0.0000000000000E+00; 0.0000000000000E+00; 0.0000000000000E+00; 0.0000000000000E+00;                 NAN; 2.0000000000000E-02; 7.9000000000000E-01;                 NAN; 2.0000000000000E-02; 4.6729841934208E+05; 6.9400191696390E+03;                 NAN;                 NAN;                 NAN;                 NAN; 2.8343278087928E-05; 0.0000000000000E+00; 2.0000000000000E-01; 7.9000000000000E+00; 0.0000000000000E+00; 2.0000000000000E-01; 2.0000000000000E-01; 7.9000000000000E+00
 1.7878539720000E+09;                 NAN; 0.0000000000000E+00; 1.0408295000000E+01; 1.9326764500000E+02; 1.8285935000000E+02; 4.0000000000000E+01; 2.0000000000000E+01; 2.0000000000000E+01; 5.3629411764706E-03; 1.7000000000000E+01; 5.8000000000000E+02; 1.3000000000000E+01; 5.8441302072743E-01; 1.9144673645496E-01; 4.6000000000000E+01; 1.0000000000000E+00;                 NAN; 2.3570066602817E+01; 2.7075100000000E+02; 2.8739500000000E+02; 0.0000000000000E+00; 1.0000000000000E+00; 1.0000000000000E+00; 1.0000000000000E+00;                 NAN; 3.0000000000000E-02; 7.8000000000000E-01;                 NAN; 3.0000000000000E-02; 4.3963294744171E+05; 6.9450786862453E+03;                 NAN;                 NAN; 1.9809500000000E-01;                 NAN; 2.8368463789198E-05; 0.0000000000000E+00; 3.0000000000000E-01; 7.8000000000000E+00; 0.0000000000000E+00; 3.0000000000000E-01; 3.0000000000000E-01; 7.8000000000000E+00
 1.7878539740000E+09; 0.0000000000000E+00; 0.0000000000000E+00; 1.0444000000000E+01; 1.9314635500000E+02; 1.8270235500000E+02; 4.0000000000000E+01; 2.0000000000000E+01; 2.0000000000000E+01; 5.3835000000000E-03; 2.0000000000000E+01; 5.8000000000000E+02; 2.1000000000000E+01; 5.8454953508478E-01; 1.2449491024017E-01; 7.1000000000000E+01; 1.0000000000000E+00; 4.8899655737472E+01; 2.4341255361603E+01; 2.7074200000000E+02; 2.8771200000000E+02; 1.0000000000000E+00; 1.0000000000000E+00; 1.0000000000000E+00; 1.0000000000000E+00; 1.0000000000000E+02; 3.0000000000000E-02; 7.8000000000000E-01;                 NAN; 3.0000000000000E-02; 4.9584243092490E+05; 6.9881669989612E+03; 9.6739069934157E+03; 6.7836378283344E+02; 1.9864975000000E-01; 7.9675084568886E-01; 2.8386717793871E-05; 2.0000000000000E+02; 3.0000000000000E-01; 7.8000000000000E+00; 0.0000000000000E+00; 3.0000000000000E-01; 3.0000000000000E-01; 7.8000000000000E+00
 1.7878539760000E+09; 0.0000000000000E+00; 0.0000000000000E+00; 1.0455798333333E+01; 1.9311338500000E+02; 1.8265758666667E+02; 5.0000000000000E+01; 2.0000000000000E+01; 3.0000000000000E+01; 5.4261904761905E-03; 2.1000000000000E+01; 5.8000000000000E+02; 2.3000000000000E+01; 5.8308280762744E-01; 2.0410165190697E-01; 7.3000000000000E+01; 1.0000000000000E+00; 4.8903166282269E+01; 2.3793514485857E+01; 2.7074300000000E+02; 2.8791700000000E+02; 1.0000000000000E+00; 1.0000000000000E+00; 1.0000000000000E+00; 1.0000000000000E+00; 1.0000000000000E+02; 3.0000000000000E-02; 7.8000000000000E-01;                 NAN; 3.0000000000000E-02; 4.1844166255007E+05; 6.9804979523105E+03; 9.6752390538133E+03; 6.7980113837942E+02; 1.9888125000000E-01; 7.9640196240615E-01; 2.8420833882328E-05; 4.0000000000000E+02; 3.0000000000000E-01; 7.8000000000000E+00; 0.0000000000000E+00; 3.0000000000000E-01; 3.0000000000000E-01; 7.8000000000000E+00
 1.7878539780000E+09; 0.0000000000000E+00; 0.0000000000000E+00; 1.0445203333333E+01; 1.9310478333333E+02; 1.8265958000000E+02; 5.0000000000000E+01; 3.0000000000000E+01; 2.0000000000000E+01; 5.4560000000000E-03; 2.0000000000000E+01; 5.8000000000000E+02; 2.1000000000000E+01; 5.8432114904057E-01; 1.8924036622047E-01; 7.3000000000000E+01; 1.0000000000000E+00; 4.8895059697239E+01; 2.4007925888789E+01; 2.7074500000000E+02; 2.8812500000000E+02; 1.0000000000000E+00; 1.0000000000000E+00; 1.0000000000000E+00; 1.0000000000000E+00; 1.0000000000000E+02; 1.0000000000000E-02; 7.8000000000000E-01;                 NAN; 1.0000000000000E-02; 3.9914819441184E+05; 6.9862012998027E+03; 9.7390568565013E+03; 6.8370950561204E+02; 1.9911766666667E-01; 7.9544403831682E-01; 2.8459304549256E-05; 2.0000000000000E+02; 1.0000000000000E-01; 7.8000000000000E+00; 0.0000000000000E+00; 1.0000000000000E-01; 1.0000000000000E-01; 7.8000000000000E+00
 1.7878539800000E+09; 0.0000000000000E+00; 0.0000000000000E+00; 1.0452510000000E+01; 1.9307205666667E+02; 1.8261954666667E+02; 6.0000000000000E+01; 3.0000000000000E+01; 3.0000000000000E+01; 5.4860000000000E-03; 2.0000000000000E+01; 5.8000000000000E+02; 2.0000000000000E+01; 5.8497210597450E-01; 2.5497490167618E-01; 6.6000000000000E+01; 1.0000000000000E+00; 4.8915458936733E+01; 2.3991197949989E+01; 2.7076100000000E+02;                 NAN; 1.0000000000000E+00; 1.0000000000000E+00; 1.0000000000000E+00; 0.0000000000000E+00; 1.0000000000000E+02; 2.0000000000000E-02; 7.8000000000000E-01;                 NAN; 2.0000000000000E-02; 3.8000393116326E+05; 7.0109100190623E+03; 9.6383046518782E+03; 6.8654951907978E+02; 1.9934600000000E-01; 7.9488940193832E-01; 2.8470864164347E-05; 2.0000000000000E+02; 2.0000000000000E-01; 7.8000000000000E+00; 0.0000000000000E+00; 2.0000000000000E-01; 2.0000000000000E-01; 7.8000000000000E+00
 1.7878539820000E+09; 0.0000000000000E+00; 0.0000000000000E+00; 1.0465280000000E+01; 1.9307399000000E+02; 1.8260871000000E+02; 2.0000000000000E+01; 1.0000000000000E+01; 1.0000000000000E+01; 5.5033333333333E-03; 2.1000000000000E+01; 5.8000000000000E+02; 1.1000000000000E+01; 5.8508706377970E-01; 1.2497675418854E-01; 3.7000000000000E+01; 1.0000000000000E+00; 4.8881863464506E+01;                 NAN;                 NAN; 2.8831400000000E+02; 1.0000000000000E+00; 0.0000000000000E+00; 0.0000000000000E+00; 1.0000000000000E+00; 1.0000000000000E+02; 3.0000000000000E-02; 7.8000000000000E-01;                 NAN; 3.0000000000000E-02; 4.5271562598157E+05; 7.0068412075733E+03; 9.5830846935751E+03; 6.8690026525249E+02; 1.9928750000000E-01; 7.9480422941347E-01; 2.8462838409004E-05; 1.0000000000000E+02; 3.0000000000000E-01; 7.8000000000000E+00; 0.0000000000000E+00; 3.0000000000000E-01; 3.0000000000000E-01; 7.8000000000000E+00
 1.7878539840000E+09; 0.0000000000000E+00; 0.0000000000000E+00; 1.0351036666667E+01; 1.9312945666667E+02; 1.8277842000000E+02; 6.0000000000000E+01; 3.0000000000000E+01; 3.0000000000000E+01; 5.5225000000000E-03; 2.0000000000000E+01; 5.8000000000000E+02; 2.1000000000000E+01; 5.8520984115885E-01; 1.2913589179516E-01; 6.7000000000000E+01; 1.0000000000000E+00; 4.8873767067343E+01; 2.3498085191323E+01; 2.7077300000000E+02; 2.8854800000000E+02; 1.0000000000000E+00; 1.0000000000000E+00; 1.0000000000000E+00; 1.0000000000000E+00; 1.0000000000000E+02; 3.0000000000000E-02; 7.7000000000000E-01;                 NAN; 3.0000000000000E-02; 4.1525024203400E+05; 7.0290117437077E+03; 9.5641936552083E+03; 6.8956057323662E+02; 1.9958100000000E-01; 7.9438427908742E-01; 2.8467940197010E-05; 1.0000000000000E+02; 3.0000000000000E-01; 7.7000000000000E+00; 0.0000000000000E+00; 3.0000000000000E-01; 3.0000000000000E-01; 7.7000000000000E+00
 1.7878539860000E+09; 0.0000000000000E+00; 0.0000000000000E+00; 1.0148425000000E+01; 1.9322364000000E+02; 1.8307521500000E+02; 4.0000000000000E+01; 2.0000000000000E+01; 2.0000000000000E+01; 5.5395000000000E-03; 2.0000000000000E+01; 5.8000000000000E+02; 1.8000000000000E+01; 5.8378570085222E-01; 1.6464065015316E-01; 6.6000000000000E+01; 1.0000000000000E+00; 4.8904671024689E+01; 2.4079513888022E+01; 2.7074900000000E+02; 2.8873200000000E+02; 1.0000000000000E+00; 1.0000000000000E+00; 1.0000000000000E+00; 1.0000000000000E+00; 1.0000000000000E+02; 3.0000000000000E-02; 7.8000000000000E-01;                 NAN; 3.0000000000000E-02; 4.9796921064289E+05; 7.0108736793207E+03; 9.5708135917300E+03; 6.9106523766003E+02; 1.9992866666667E-01; 7.9427755035369E-01; 2.8474035241576E-05; 3.0000000000000E+02; 3.0000000000000E-01; 7.8000000000000E+00; 0.0000000000000E+00; 3.0000000000000E-01; 3.0000000000000E-01; 7.8000000000000E+00
 1.7878539880000E+09; 0.0000000000000E+00; 0.0000000000000E+00; 1.0232845000000E+01; 1.9320524000000E+02; 1.8297239500000E+02; 4.0000000000000E+01; 2.0000000000000E+01; 2.0000000000000E+01; 5.5805000000000E-03; 2.0000000000000E+01; 5.8000000000000E+02; 2.1000000000000E+01; 5.8295626627172E-01; 1.9225828349590E-01; 6.8000000000000E+01; 1.0000000000000E+00; 4.8991714857998E+01; 2.3251673085433E+01; 2.7077200000000E+02; 2.8883800000000E+02; 1.0000000000000E+00; 1.0000000000000E+00; 1.0000000000000E+00; 1.0000000000000E+00; 1.0000000000000E+02; 3.0000000000000E-02; 7.7000000000000E-01;                 NAN; 3.0000000000000E-02; 4.4093319460952E+05; 7.0452341791191E+03; 9.5123643960993E+03; 6.9225246706930E+02; 2.0003100000000E-01; 7.9412262553008E-01; 2.8466720801512E-05; 3.0000000000000E+02; 3.0000000000000E-01; 7.7000000000000E+00; 0.0000000000000E+00; 3.0000000000000E-01; 3.0000000000000E-01; 7.7000000000000E+00
 1.7878539900000E+09;                 NAN; 0.0000000000000E+00; 1.0305701666667E+01; 1.9315827500000E+02; 1.8285257333333E+02; 5.0000000000000E+01; 2.0000000000000E+01; 3.0000000000000E+01; 5.6104761904762E-03; 2.1000000000000E+01; 5.8000000000000E+02; 1.9000000000000E+01; 5.8410653769970E-01; 2.5629365444183E-01; 6.0000000000000E+01; 1.0000000000000E+00;                 NAN; 2.4173492907390E+01; 2.7076200000000E+02; 2.8892900000000E+02; 0.0000000000000E+00; 1.0000000000000E+00; 1.0000000000000E+00; 1.0000000000000E+00; 1.0000000000000E+02; 1.0000000000000E-02; 7.8000000000000E-01;                 NAN; 1.0000000000000E-02; 4.2975422924849E+05; 7.0519168260967E+03; 9.5981006471487E+03; 6.9286441080043E+02; 1.9997975000000E-01; 7.9396212274562E-01; 2.8462211801911E-05; 1.0000000000000E+02; 1.0000000000000E-01; 7.8000000000000E+00; 0.0000000000000E+00; 1.0000000000000E-01; 1.0000000000000E-01; 7.8000000000000E+00
 1.7878539920000E+09; 0.0000000000000E+00; 0.0000000000000E+00; 1.0359350000000E+01; 1.9306113500000E+02; 1.8270178500000E+02; 4.0000000000000E+01; 2.0000000000000E+01; 2.0000000000000E+01; 5.6295000000000E-03; 2.0000000000000E+01; 5.8000000000000E+02; 2.1000000000000E+01; 5.8442573810475E-01; 2.4135628342628E-01; 7.0000000000000E+01; 1.0000000000000E+00; 4.8934124096952E+01; 2.2840485743768E+01; 2.7077400000000E+02; 2.8906900000000E+02; 1.0000000000000E+00; 1.0000000000000E+00; 1.0000000000000E+00; 1.0000000000000E+00; 1.0000000000000E+02; 2.0000000000000E-02; 7.7000000000000E-01;                 NAN; 2.0000000000000E-02; 4.7192710728360E+05; 7.0434139604470E+03; 9.5838112719738E+03; 6.9616587083890E+02; 2.0017733333333E-01; 7.9341670123710E-01; 2.8449827514679E-05; 2.0000000000000E+02; 2.0000000000000E-01; 7.7000000000000E+00; 0.0000000000000E+00; 2.0000000000000E-01; 2.0000000000000E-01; 7.7000000000000E+00
 1.7878539940000E+09; 0.0000000000000E+00; 0.0000000000000E+00; 1.0392355000000E+01; 1.9303496000000E+02; 1.8264260500000E+02; 4.0000000000000E+01; 2.0000000000000E+01; 2.0000000000000E+01; 5.6445000000000E-03; 2.0000000000000E+01; 5.8000000000000E+02; 2.0000000000000E+01; 5.8459670113400E-01; 1.7470878362656E-01; 6.4000000000000E+01; 1.0000000000000E+00; 4.8961363821426E+01; 2.1768884622192E+01; 2.7074900000000E+02; 2.8916100000000E+02; 1.0000000000000E+00; 1.0000000000000E+00; 1.0000000000000E+00; 1.0000000000000E+00; 1.0000000000000E+02; 3.0000000000000E-02; 7.8000000000000E-01;                 NAN; 3.0000000000000E-02; 4.7460040265461E+05; 7.0492766219286E+03; 9.4874992686763E+03; 6.9719491162139E+02; 2.0040700000000E-01; 7.9329244454716E-01; 2.8461993011729E-05; 3.0000000000000E+02; 3.0000000000000E-01; 7.8000000000000E+00; 0.0000000000000E+00; 3.0000000000000E-01; 3.0000000000000E-01; 7.8000000000000E+00
 1.7878539960000E+09; 0.0000000000000E+00; 0.0000000000000E+00; 1.0385100000000E+01; 1.9307171500000E+02; 1.8268661500000E+02; 4.0000000000000E+01; 2.0000000000000E+01; 2.0000000000000E+01; 5.6285714285714E-03; 2.1000000000000E+01; 5.8000000000000E+02; 1.8000000000000E+01; 5.8498939267925E-01; 2.2783912718296E-01; 6.1000000000000E+01; 1.0000000000000E+00; 4.8916797453057E+01; 2.2008274037596E+01; 2.7077900000000E+02;                 NAN; 1.0000000000000E+00; 1.0000000000000E+00; 1.0000000000000E+00; 0.0000000000000E+00; 1.0000000000000E+02; 3.0000000000000E-02; 7.8000000000000E-01;                 NAN; 3.0000000000000E-02; 4.5100092869329E+05; 7.0179908151531E+03; 9.3697128371497E+03; 6.9937756854430E+02; 2.0072400000000E-01; 7.9311171598928E-01; 2.8449375188249E-05; 2.0000000000000E+02; 3.0000000000000E-01; 7.8000000000000E+00; 0.0000000000000E+00; 3.0000000000000E-01; 3.0000000000000E-01; 7.8000000000000E+00
 1.7878539980000E+09; 0.0000000000000E+00; 0.0000000000000E+00; 1.0351200000000E+01; 1.9309452000000E+02; 1.8274332000000E+02; 4.0000000000000E+01; 2.0000000000000E+01; 2.0000000000000E+01; 5.6260000000000E-03; 2.0000000000000E+01; 5.8000000000000E+02; 2.1000000000000E+01; 5.8573084867001E-01; 1.7729555070400E-01; 7.0000000000000E+01; 1.0000000000000E+00; 4.8896104142192E+01; 2.2469042530274E+01; 2.7077400000000E+02; 2.8932450000000E+02; 1.0000000000000E+00; 1.0000000000000E+00; 1.0000000000000E+00; 2.0000000000000E+00; 1.0000000000000E+02; 3.0000000000000E-02; 7.7000000000000E-01;                 NAN; 3.0000000000000E-02; 3.8217877589483E+05; 7.0729159149854E+03; 9.3857782928548E+03; 7.0050592964312E+02; 2.0083966666667E-01; 7.9303705246463E-01; 2.8432850045084E-05; 3.0000000000000E+02; 3.0000000000000E-01; 7.7000000000000E+00; 0.0000000000000E+00; 3.0000000000000E-01; 3.0000000000000E-01; 7.7000000000000E+00
 1.7878540000000E+09; 0.0000000000000E+00; 0.0000000000000E+00; 1.0330306666667E+01; 1.9311292000000E+02; 1.8278261333333E+02; 5.0000000000000E+01; 2.0000000000000E+01; 3.0000000000000E+01; 5.6205000000000E-03; 2.0000000000000E+01; 5.8000000000000E+02; 2.2000000000000E+01; 5.8392915808303E-01; 1.9126921892166E-01; 7.0000000000000E+01; 1.0000000000000E+00; 4.8918052408572E+01; 2.1872770955117E+01; 2.7077200000000E+02; 2.8943900000000E+02; 1.0000000000000E+00; 1.0000000000000E+00; 1.0000000000000E+00; 1.0000000000000E+00; 1.0000000000000E+02; 3.0000000000000E-02; 7.7000000000000E-01;                 NAN; 3.0000000000000E-02; 4.1395090044085E+05; 7.0979202601219E+03; 9.4627956031196E+03; 7.0007218994723E+02; 2.0092625000000E-01; 7.9322231559800E-01; 2.8430611023810E-05; 3.0000000000000E+02; 3.0000000000000E-01; 7.7000000000000E+00; 0.0000000000000E+00; 3.0000000000000E-01; 3.0000000000000E-01; 7.7000000000000E+00
 1.7878540020000E+09; 0.0000000000000E+00; 0.0000000000000E+00; 1.0324340000000E+01; 1.9307705000000E+02; 1.8275271000000E+02; 4.0000000000000E+01; 2.0000000000000E+01; 2.0000000000000E+01; 5.6550000000000E-03; 2.0000000000000E+01; 5.8000000000000E+02; 1.7000000000000E+01; 5.8446301558260E-01; 2.2794055938721E-01; 5.9000000000000E+01; 1.0000000000000E+00; 4.8917968741966E+01; 2.2181671254176E+01; 2.7078200000000E+02;                 NAN; 1.0000000000000E+00; 1.0000000000000E+00; 1.0000000000000E+00; 0.0000000000000E+00; 1.0000000000000E+02; 1.0000000000000E-02; 7.7000000000000E-01;                 NAN; 1.0000000000000E-02; 4.6612543841324E+05; 7.0814385162720E+03; 9.4590819801928E+03; 7.0449396539382E+02; 2.0095666666667E-01; 7.9221382988660E-01; 2.8430399093499E-05; 1.0000000000000E+02; 1.0000000000000E-01; 7.7000000000000E+00; 0.0000000000000E+00; 1.0000000000000E-01; 1.0000000000000E-01; 7.7000000000000E+00
 1.7878540040000E+09; 0.0000000000000E+00; 0.0000000000000E+00; 1.0376325000000E+01; 1.9298032500000E+02; 1.8260400000000E+02; 5.0000000000000E+01; 2.0000000000000E+01; 3.0000000000000E+01; 5.6976190476190E-03; 2.1000000000000E+01; 5.8000000000000E+02; 2.0000000000000E+01; 5.8470579362277E-01; 2.3836374282837E-01; 6.6000000000000E+01; 1.0000000000000E+00; 4.8907262839685E+01; 2.2746427739565E+01; 2.7077800000000E+02; 2.8953700000000E+02; 1.0000000000000E+00; 1.0000000000000E+00; 1.0000000000000E+00; 1.0000000000000E+00; 1.0000000000000E+02; 2.0000000000000E-02; 7.8000000000000E-01;                 NAN; 2.0000000000000E-02; 5.6975521726304E+05; 7.0841699040252E+03; 9.5121222032997E+03; 7.0303334100711E+02; 2.0102700000000E-01; 7.9243366745712E-01; 2.8461386935937E-05; 2.0000000000000E+02; 2.0000000000000E-01; 7.8000000000000E+00; 0.0000000000000E+00; 2.0000000000000E-01; 2.0000000000000E-01; 7.8000000000000E+00
 1.7878540060000E+09; 0.0000000000000E+00; 0.0000000000000E+00; 1.0404745000000E+01; 1.9292559000000E+02; 1.8252084500000E+02; 4.0000000000000E+01; 2.0000000000000E+01; 2.0000000000000E+01; 5.7490000000000E-03; 2.0000000000000E+01; 5.8000000000000E+02; 2.1000000000000E+01; 5.8400468576122E-01; 2.0744924247265E-01; 7.1000000000000E+01; 1.0000000000000E+00; 4.8897942521937E+01; 2.1869445916688E+01; 2.7078500000000E+02; 2.8963900000000E+02; 1.0000000000000E+00; 1.0000000000000E+00; 1.0000000000000E+00; 2.0000000000000E+00; 1.0000000000000E+02; 3.0000000000000E-02; 7.7000000000000E-01;                 NAN; 3.0000000000000E-02; 4.1929111534727E+05; 7.0771129604176E+03; 9.3959503904370E+03; 7.0370000619897E+02; 2.0112133333333E-01; 7.9242386912908E-01; 2.8449461159985E-05; 3.0000000000000E+02; 3.0000000000000E-01; 7.7000000000000E+00; 0.0000000000000E+00; 3.0000000000000E-01; 3.0000000000000E-01; 7.7000000000000E+00
 1.7878540080000E+09; 0.0000000000000E+00; 0.0000000000000E+00; 1.0325775000000E+01; 1.9293180500000E+02; 1.8260603000000E+02; 5.0000000000000E+01; 2.0000000000000E+01; 3.0000000000000E+01; 5.7835000000000E-03; 2.0000000000000E+01; 5.8000000000000E+02; 2.1000000000000E+01; 5.8396649720994E-01; 1.5109811723232E-01; 6.6000000000000E+01; 1.0000000000000E+00; 4.8900951210801E+01; 2.2847912485990E+01; 2.7078300000000E+02; 2.8974000000000E+02; 1.0000000000000E+00; 1.0000000000000E+00; 1.0000000000000E+00; 1.0000000000000E+00; 1.0000000000000E+02; 3.0000000000000E-02; 7.7000000000000E-01;                 NAN; 3.0000000000000E-02; 4.0126423173947E+05; 7.0742754151272E+03; 9.4837856457494E+03; 7.0391487558219E+02; 2.0124850000000E-01; 7.9262612400610E-01; 2.8423775781276E-05; 3.0000000000000E+02; 3.0000000000000E-01; 7.7000000000000E+00; 0.0000000000000E+00; 3.0000000000000E-01; 3.0000000000000E-01; 7.7000000000000E+00
 1.7878540100000E+09; 0.0000000000000E+00; 0.0000000000000E+00; 1.0323176666667E+01; 1.9295187000000E+02; 1.8262869333333E+02; 5.0000000000000E+01; 2.0000000000000E+01; 3.0000000000000E+01; 5.8255000000000E-03; 2.0000000000000E+01; 5.8000000000000E+02; 2.2000000000000E+01; 5.8357364447966E-01; 2.1903900802135E-01; 7.3000000000000E+01; 1.0000000000000E+00; 4.8931360683968E+01; 2.0119262916469E+01; 2.7078900000000E+02; 2.8982900000000E+02; 1.0000000000000E+00; 1.0000000000000E+00; 1.0000000000000E+00; 1.0000000000000E+00; 1.0000000000000E+02; 3.0000000000000E-02; 7.7000000000000E-01;                 NAN; 3.0000000000000E-02; 4.4713308221254E+05; 7.0991136687522E+03; 9.3568766187723E+03; 7.0450857686902E+02; 2.0123675000000E-01; 7.9252598334606E-01; 2.8415467914715E-05; 3.0000000000000E+02; 3.0000000000000E-01; 7.7000000000000E+00; 0.0000000000000E+00; 3.0000000000000E-01; 3.0000000000000E-01; 7.7000000000000E+00
 1.7878540120000E+09; 0.0000000000000E+00; 0.0000000000000E+00; 1.0335411666667E+01; 1.9294020500000E+02; 1.8260479333333E+02; 5.0000000000000E+01; 2.0000000000000E+01; 3.0000000000000E+01; 5.8528571428571E-03; 2.1000000000000E+01; 5.8000000000000E+02; 2.2000000000000E+01; 5.8326557362733E-01; 2.3179537057877E-01; 7.3000000000000E+01; 1.0000000000000E+00; 4.8980457982019E+01; 2.0685216210662E+01; 2.7079100000000E+02; 2.8990200000000E+02; 1.0000000000000E+00; 1.0000000000000E+00; 1.0000000000000E+00; 1.0000000000000E+00; 1.0000000000000E+02; 3.0000000000000E-02; 7.8000000000000E-01;                 NAN; 3.0000000000000E-02; 4.0451910582014E+05; 7.1148966010934E+03; 9.3615993783640E+03; 7.0707356726013E+02; 2.0132625000000E-01; 7.9204153948942E-01; 2.8408482342908E-05; 4.0000000000000E+02; 3.0000000000000E-01; 7.8000000000000E+00; 0.0000000000000E+00; 3.0000000000000E-01; 3.0000000000000E-01; 7.8000000000000E+00
 1.7878540140000E+09; 0.0000000000000E+00; 0.0000000000000E+00; 1.0349540000000E+01; 1.9291610000000E+02; 1.8256656000000E+02; 5.0000000000000E+01; 3.0000000000000E+01; 2.0000000000000E+01; 5.8950000000000E-03; 2.0000000000000E+01; 5.8000000000000E+02; 2.2000000000000E+01; 5.8290424907861E-01; 1.3811351358891E-01; 7.3000000000000E+01; 1.0000000000000E+00; 4.8961795225245E+01; 2.0863771496342E+01; 2.7078600000000E+02; 2.8994400000000E+02; 2.0000000000000E+00; 1.0000000000000E+00; 1.0000000000000E+00; 1.0000000000000E+00; 1.0000000000000E+02; 1.0000000000000E-02; 7.7000000000000E-01;                 NAN; 1.0000000000000E-02; 5.0556717033971E+05; 7.0645440829759E+03; 9.4460035690158E+03; 7.0784782193224E+02; 2.0141633333333E-01; 7.9192434868067E-01; 2.8410308447318E-05; 2.0000000000000E+02; 1.0000000000000E-01; 7.7000000000000E+00; 0.0000000000000E+00; 1.0000000000000E-01; 1.0000000000000E-01; 7.7000000000000E+00
 1.7878540160000E+09; 0.0000000000000E+00; 0.0000000000000E+00; 1.0253576666667E+01; 1.9287580333333E+02; 1.8262222666667E+02; 6.0000000000000E+01; 3.0000000000000E+01; 3.0000000000000E+01; 5.9265000000000E-03; 2.0000000000000E+01; 5.8000000000000E+02; 2.1000000000000E+01; 5.8388730467977E-01; 2.5401121377945E-01; 7.4000000000000E+01; 1.0000000000000E+00; 4.8922027050565E+01; 1.9728255102816E+01; 2.7078600000000E+02; 2.9003700000000E+02; 1.0000000000000E+00; 1.0000000000000E+00; 1.0000000000000E+00; 1.0000000000000E+00; 1.0000000000000E+02; 2.0000000000000E-02; 7.7000000000000E-01;                 NAN; 2.0000000000000E-02; 4.4843806747776E+05; 7.0889493439568E+03; 9.4172633567996E+03; 7.0837969252992E+02; 2.0169520000000E-01; 7.9198900804755E-01; 2.8417128287693E-05; 3.0000000000000E+02; 2.0000000000000E-01; 7.7000000000000E+00; 0.0000000000000E+00; 2.0000000000000E-01; 2.0000000000000E-01; 7.7000000000000E+00
 1.7878540180000E+09; 0.0000000000000E+00; 0.0000000000000E+00; 1.0194411666667E+01; 1.9288790500000E+02; 1.8269349333333E+02; 5.0000000000000E+01; 2.0000000000000E+01; 3.0000000000000E+01; 5.9509523809524E-03; 2.1000000000000E+01; 5.8000000000000E+02; 2.2000000000000E+01; 5.8481511467940E-01; 9.5127396285534E-02; 7.3000000000000E+01; 1.0000000000000E+00; 4.8923198702802E+01; 2.2569464646125E+01; 2.7078700000000E+02; 2.9008900000000E+02; 1.0000000000000E+00; 1.0000000000000E+00; 1.0000000000000E+00; 1.0000000000000E+00; 1.0000000000000E+02; 3.0000000000000E-02; 7.7000000000000E-01;                 NAN; 3.0000000000000E-02; 4.6292730023704E+05; 7.0814682120391E+03; 9.2830078149019E+03; 7.0960688624235E+02; 2.0166425000000E-01; 7.9175245787987E-01; 2.8404369581829E-05; 4.0000000000000E+02; 3.0000000000000E-01; 7.7000000000000E+00; 0.0000000000000E+00; 3.0000000000000E-01; 3.0000000000000E-01; 7.7000000000000E+00
 1.7878540200000E+09; 0.0000000000000E+00; 0.0000000000000E+00; 1.0266256666667E+01; 1.9286851666667E+02; 1.8260226000000E+02; 5.0000000000000E+01; 3.0000000000000E+01; 2.0000000000000E+01; 5.9680000000000E-03; 2.0000000000000E+01; 5.8000000000000E+02; 2.2000000000000E+01; 5.8537081750346E-01; 8.6961299180984E-02; 7.1000000000000E+01; 1.0000000000000E+00; 4.8901828845909E+01; 2.1433448213607E+01; 2.7078200000000E+02; 2.9012100000000E+02; 1.0000000000000E+00; 1.0000000000000E+00; 1.0000000000000E+00; 1.0000000000000E+00; 1.0000000000000E+02; 3.0000000000000E-02; 7.7000000000000E-01;                 NAN; 3.0000000000000E-02; 4.1980597097199E+05; 7.1059144700548E+03; 9.3195789276377E+03; 7.1042061739721E+02; 2.0165300000000E-01; 7.9166788551253E-01; 2.8384805400827E-05; 3.0000000000000E+02; 3.0000000000000E-01; 7.7000000000000E+00; 0.0000000000000E+00; 3.0000000000000E-01; 3.0000000000000E-01; 7.7000000000000E+00
 1.7878540220000E+09;                 NAN; 0.0000000000000E+00; 1.0316240000000E+01; 1.9282321000000E+02; 1.8250697000000E+02; 2.0000000000000E+01; 1.0000000000000E+01; 1.0000000000000E+01; 5.9860000000000E-03; 2.0000000000000E+01; 5.8000000000000E+02; 8.0000000000000E+00; 5.8385752027685E-01; 2.8462138772011E-01; 2.2000000000000E+01; 1.0000000000000E+00;                 NAN; 2.2174903052909E+01;                 NAN;                 NAN; 0.0000000000000E+00; 1.0000000000000E+00; 0.0000000000000E+00; 0.0000000000000E+00;                 NAN; 3.0000000000000E-02; 7.7000000000000E-01;                 NAN; 3.0000000000000E-02; 4.7284050110248E+05; 7.1155361073414E+03;                 NAN;                 NAN; 2.0193550000000E-01;                 NAN; 2.8407657943453E-05; 0.0000000000000E+00; 3.0000000000000E-01; 7.7000000000000E+00; 0.0000000000000E+00; 3.0000000000000E-01; 3.0000000000000E-01; 7.7000000000000E+00
 1.7878540240000E+09; 0.0000000000000E+00; 0.0000000000000E+00; 1.0190260000000E+01; 1.9280206500000E+02; 1.8261180500000E+02; 4.0000000000000E+01; 2.0000000000000E+01; 2.0000000000000E+01; 6.0105000000000E-03; 2.0000000000000E+01; 5.8000000000000E+02; 2.0000000000000E+01; 5.8366998564841E-01; 5.5894635617733E-02; 6.7000000000000E+01; 1.0000000000000E+00; 4.8909395114673E+01; 2.1651932207159E+01; 2.7080200000000E+02; 2.9028100000000E+02; 1.0000000000000E+00; 1.0000000000000E+00; 1.0000000000000E+00; 1.0000000000000E+00; 1.0000000000000E+02; 3.0000000000000E-02; 7.7000000000000E-01;                 NAN; 3.0000000000000E-02; 4.6784383638496E+05; 7.1162643747915E+03; 9.3106985249867E+03; 7.1091999813290E+02; 2.0197750000000E-01; 7.9163772887282E-01; 2.8415706362136E-05; 3.0000000000000E+02; 3.0000000000000E-01; 7.7000000000000E+00; 0.0000000000000E+00; 3.0000000000000E-01; 3.0000000000000E-01; 7.7000000000000E+00
 1.7878540260000E+09; 0.0000000000000E+00; 0.0000000000000E+00; 1.0208755000000E+01; 1.9277480000000E+02; 1.8256604500000E+02; 4.0000000000000E+01; 2.0000000000000E+01; 2.0000000000000E+01; 6.0019047619048E-03; 2.1000000000000E+01; 5.8000000000000E+02; 1.9000000000000E+01; 5.8228778403903E-01; 2.0237714052200E-01; 6.3000000000000E+01; 1.0000000000000E+00; 4.8938228183841E+01; 2.2616725902926E+01; 2.7080150000000E+02; 2.9033600000000E+02; 1.0000000000000E+00; 1.0000000000000E+00; 2.0000000000000E+00; 1.0000000000000E+00; 1.0000000000000E+02; 1.0000000000000E-02; 7.7000000000000E-01;                 NAN; 1.0000000000000E-02; 2.0995958357627E+05; 7.1122737568356E+03; 9.4692540777750E+03; 7.1127532583014E+02; 2.0203833333333E-01; 7.9153969559417E-01; 2.8426952162510E-05; 1.0000000000000E+02; 1.0000000000000E-01; 7.7000000000000E+00; 0.0000000000000E+00; 1.0000000000000E-01; 1.0000000000000E-01; 7.7000000000000E+00
 1.7878540280000E+09; 0.0000000000000E+00; 0.0000000000000E+00; 1.0255676666667E+01; 1.9278356000000E+02; 1.8252788333333E+02; 5.0000000000000E+01; 2.0000000000000E+01; 3.0000000000000E+01; 6.0215000000000E-03; 2.0000000000000E+01; 5.8000000000000E+02; 1.5000000000000E+01; 5.8345767031325E-01; 1.2332832068205E-01; 4.7000000000000E+01; 1.0000000000000E+00; 4.8910607704846E+01; 2.1539786130503E+01;                 NAN; 2.9036300000000E+02; 1.0000000000000E+00; 1.0000000000000E+00; 0.0000000000000E+00; 1.0000000000000E+00; 1.0000000000000E+02; 2.0000000000000E-02; 7.6000000000000E-01;                 NAN; 2.0000000000000E-02; 4.6306751880993E+05; 7.1432737898695E+03; 9.3016566604692E+03; 7.1159200411533E+02; 2.0218800000000E-01; 7.9163973054574E-01; 2.8418113312769E-05; 1.0000000000000E+02; 2.0000000000000E-01; 7.6000000000000E+00; 0.0000000000000E+00; 2.0000000000000E-01; 2.0000000000000E-01; 7.6000000000000E+00
 1.7878540300000E+09; 0.0000000000000E+00; 0.0000000000000E+00; 1.0293985000000E+01; 1.9277345000000E+02; 1.8247946500000E+02; 4.0000000000000E+01; 2.0000000000000E+01; 2.0000000000000E+01; 6.0575000000000E-03; 2.0000000000000E+01; 5.8000000000000E+02; 2.1000000000000E+01; 5.8359537879058E-01; 1.4792804419994E-01; 7.0000000000000E+01; 1.0000000000000E+00; 4.8956163908348E+01; 2.0752769748326E+01; 2.7082200000000E+02; 2.9041900000000E+02; 1.0000000000000E+00; 1.0000000000000E+00; 1.0000000000000E+00; 1.0000000000000E+00; 1.0000000000000E+02; 3.0000000000000E-02; 7.7000000000000E-01;                 NAN; 3.0000000000000E-02; 4.0271734796526E+05; 7.1161071146304E+03; 9.2808280797058E+03; 7.1315084394515E+02; 2.0225500000000E-01; 7.9137392376651E-01; 2.8411117550649E-05; 2.0000000000000E+02; 3.0000000000000E-01; 7.7000000000000E+00; 0.0000000000000E+00; 3.0000000000000E-01; 3.0000000000000E-01; 7.7000000000000E+00
 1.7878540320000E+09; 0.0000000000000E+00; 0.0000000000000E+00; 1.0186580000000E+01; 1.9275556500000E+02; 1.8256898500000E+02; 4.0000000000000E+01; 2.0000000000000E+01; 2.0000000000000E+01; 6.1019047619048E-03; 2.1000000000000E+01; 5.8000000000000E+02; 2.1000000000000E+01; 5.8317533878769E-01; 1.8350888788700E-01; 7.0000000000000E+01; 1.0000000000000E+00; 4.8932281771225E+01; 1.9925374314022E+01; 2.7082300000000E+02; 2.9048900000000E+02; 1.0000000000000E+00; 1.0000000000000E+00; 1.0000000000000E+00; 1.0000000000000E+00; 1.0000000000000E+02; 3.0000000000000E-02; 7.7000000000000E-01;                 NAN; 3.0000000000000E-02; 3.9092152514570E+05; 7.1174323901610E+03; 9.2475669352308E+03; 7.1177470976727E+02; 2.0237200000000E-01; 7.9181808009885E-01; 2.8405933288075E-05; 3.0000000000000E+02; 3.0000000000000E-01; 7.7000000000000E+00; 0.0000000000000E+00; 3.0000000000000E-01; 3.0000000000000E-01; 7.7000000000000E+00
 1.7878540340000E+09; 0.0000000000000E+00; 0.0000000000000E+00; 1.0104233333333E+01; 1.9271638000000E+02; 1.8261214666667E+02; 5.0000000000000E+01; 2.0000000000000E+01; 3.0000000000000E+01; 6.1435000000000E-03; 2.0000000000000E+01; 5.8000000000000E+02; 2.2000000000000E+01; 5.8333115193674E-01; 2.0998530089855E-01; 7.0000000000000E+01; 1.0000000000000E+00; 4.8948786151887E+01; 2.1087580420810E+01; 2.7080200000000E+02; 2.9052000000000E+02; 1.0000000000000E+00; 1.0000000000000E+00; 1.0000000000000E+00; 1.0000000000000E+00; 1.0000000000000E+02; 3.0000000000000E-02; 7.7000000000000E-01;                 NAN; 3.0000000000000E-02; 4.5989542769377E+05; 7.1249447481602E+03; 9.2832500077015E+03; 7.1244134503354E+02; 2.0221300000000E-01; 7.9153293785303E-01; 2.8406125954936E-05; 4.0000000000000E+02; 3.0000000000000E-01; 7.7000000000000E+00; 0.0000000000000E+00; 3.0000000000000E-01; 3.0000000000000E-01; 7.7000000000000E+00
 1.7878540360000E+09;                 NAN; 0.0000000000000E+00; 1.0172755000000E+01; 1.9266698000000E+02; 1.8249422500000E+02; 4.0000000000000E+01; 2.0000000000000E+01; 2.0000000000000E+01; 6.1660000000000E-03; 2.0000000000000E+01; 5.8000000000000E+02; 1.0000000000000E+01; 5.8316133029533E-01; 2.1061931550503E-01; 3.3000000000000E+01; 1.0000000000000E+00;                 NAN;                 NAN; 2.7079100000000E+02; 2.9059200000000E+02; 0.0000000000000E+00; 0.0000000000000E+00; 1.0000000000000E+00; 1.0000000000000E+00;                 NAN; 3.0000000000000E-02; 7.6000000000000E-01;                 NAN; 3.0000000000000E-02; 4.1459256131532E+05; 7.1211692737413E+03;                 NAN;                 NAN; 2.0234100000000E-01;                 NAN; 2.8387734924079E-05; 0.0000000000000E+00; 3.0000000000000E-01; 7.6000000000000E+00; 0.0000000000000E+00; 3.0000000000000E-01; 3.0000000000000E-01; 7.6000000000000E+00
 1.7878540380000E+09; 0.0000000000000E+00; 0.0000000000000E+00; 1.0219815000000E+01; 1.9259099000000E+02; 1.8237117500000E+02; 4.0000000000000E+01; 2.0000000000000E+01; 2.0000000000000E+01; 6.1745000000000E-03; 2.0000000000000E+01; 5.8000000000000E+02; 2.1000000000000E+01; 5.8287443109181E-01; 2.0194600522518E-01; 6.9000000000000E+01; 1.0000000000000E+00; 4.8821941366987E+01; 2.2782441168220E+01; 2.7082800000000E+02; 2.9063600000000E+02; 1.0000000000000E+00; 1.0000000000000E+00; 1.0000000000000E+00; 1.0000000000000E+00; 1.0000000000000E+02; 1.0000000000000E-02; 7.7000000000000E-01;                 NAN; 1.0000000000000E-02; 2.7092993949569E+05; 7.1218671175557E+03; 9.2425616173730E+03; 7.1729011198511E+02; 2.0241075000000E-01; 7.9064423405704E-01; 2.8393971693075E-05; 1.0000000000000E+02; 1.0000000000000E-01; 7.7000000000000E+00; 0.0000000000000E+00; 1.0000000000000E-01; 1.0000000000000E-01; 7.7000000000000E+00
 1.7878540400000E+09; 0.0000000000000E+00; 0.0000000000000E+00; 1.0215485000000E+01; 1.9259161000000E+02; 1.8237612500000E+02; 4.0000000000000E+01; 2.0000000000000E+01; 2.0000000000000E+01; 6.1838095238095E-03; 2.1000000000000E+01; 5.8000000000000E+02; 1.9000000000000E+01; 5.8308682142643E-01; 2.6255771517754E-01; 5.7000000000000E+01; 1.0000000000000E+00; 4.8875811668904E+01; 2.2268402412002E+01; 2.7082300000000E+02;                 NAN; 1.0000000000000E+00; 1.0000000000000E+00; 1.0000000000000E+00; 0.0000000000000E+00; 1.0000000000000E+02; 2.0000000000000E-02; 7.7000000000000E-01;                 NAN; 2.0000000000000E-02; 4.0633338166244E+05; 7.1204712641692E+03; 9.1776539470869E+03; 7.1666229049429E+02; 2.0237000000000E-01; 7.9071430016999E-01; 2.8401098403846E-05; 3.0000000000000E+02; 2.0000000000000E-01; 7.7000000000000E+00; 0.0000000000000E+00; 2.0000000000000E-01; 2.0000000000000E-01; 7.7000000000000E+00
 1.7878540420000E+09; 0.0000000000000E+00; 0.0000000000000E+00; 1.0257405000000E+01; 1.9259773000000E+02; 1.8234032500000E+02; 3.0000000000000E+01; 1.0000000000000E+01; 2.0000000000000E+01; 6.1810000000000E-03; 2.0000000000000E+01; 5.8000000000000E+02; 1.1000000000000E+01; 5.8375748775507E-01; 1.3664260506630E-01; 3.8000000000000E+01; 1.0000000000000E+00; 4.8865215791187E+01; 1.9349671136482E+01;                 NAN; 2.9065800000000E+02; 1.0000000000000E+00; 1.0000000000000E+00; 0.0000000000000E+00; 1.0000000000000E+00; 1.0000000000000E+02; 3.0000000000000E-02; 7.7000000000000E-01;                 NAN; 3.0000000000000E-02; 4.1240495236540E+05; 7.1418515899433E+03; 9.1355123999609E+03; 7.1521786139216E+02; 2.0257500000000E-01; 7.9123648021935E-01; 2.8397453733758E-05; 1.0000000000000E+02; 3.0000000000000E-01; 7.7000000000000E+00; 0.0000000000000E+00; 3.0000000000000E-01; 3.0000000000000E-01; 7.7000000000000E+00
 1.7878540440000E+09;                 NAN; 0.0000000000000E+00; 1.0258650000000E+01; 1.9260011000000E+02; 1.8234146000000E+02; 3.0000000000000E+01; 2.0000000000000E+01; 1.0000000000000E+01; 6.1855000000000E-03; 2.0000000000000E+01; 5.8000000000000E+02; 1.0000000000000E+01; 5.8448486620730E-01; 2.0483711361885E-01; 3.3000000000000E+01; 1.0000000000000E+00;                 NAN;                 NAN; 2.7081900000000E+02; 2.9073100000000E+02; 0.0000000000000E+00; 0.0000000000000E+00; 1.0000000000000E+00; 1.0000000000000E+00;                 NAN; 3.0000000000000E-02; 7.7000000000000E-01;                 NAN; 3.0000000000000E-02; 4.2788147504937E+05; 7.1167370601529E+03;                 NAN;                 NAN; 2.0268250000000E-01;                 NAN; 2.8400455513172E-05; 0.0000000000000E+00; 3.0000000000000E-01; 7.7000000000000E+00; 0.0000000000000E+00; 3.0000000000000E-01; 3.0000000000000E-01; 7.7000000000000E+00
 1.7878540460000E+09; 0.0000000000000E+00; 0.0000000000000E+00; 1.0284675000000E+01; 1.9260446500000E+02; 1.8231979000000E+02; 4.0000000000000E+01; 2.0000000000000E+01; 2.0000000000000E+01; 6.1914285714286E-03; 2.1000000000000E+01; 5.8000000000000E+02; 2.2000000000000E+01; 5.8443108640926E-01; 1.3732734322548E-01; 7.1000000000000E+01; 1.0000000000000E+00; 4.8865247075095E+01; 2.2177768133871E+01; 2.7081600000000E+02; 2.9080500000000E+02; 2.0000000000000E+00; 1.0000000000000E+00; 1.0000000000000E+00; 1.0000000000000E+00; 1.0000000000000E+02; 3.0000000000000E-02; 7.7000000000000E-01;                 NAN; 3.0000000000000E-02; 4.8784223351970E+05; 7.1515854476965E+03; 9.2280300493985E+03; 7.1589942496424E+02; 2.0272675000000E-01; 7.9116368642537E-01; 2.8404183787630E-05; 2.0000000000000E+02; 3.0000000000000E-01; 7.7000000000000E+00; 0.0000000000000E+00; 3.0000000000000E-01; 3.0000000000000E-01; 7.7000000000000E+00
 1.7878540480000E+09; 0.0000000000000E+00; 0.0000000000000E+00; 1.0294720000000E+01; 1.9256704000000E+02; 1.8227232000000E+02; 4.0000000000000E+01; 2.0000000000000E+01; 2.0000000000000E+01; 6.2070000000000E-03; 2.0000000000000E+01; 5.8000000000000E+02; 2.0000000000000E+01; 5.8248795270043E-01; 1.2185741215944E-01; 6.8000000000000E+01; 1.0000000000000E+00; 4.8889044948848E+01; 2.0342561142127E+01; 2.7082300000000E+02; 2.9086000000000E+02; 1.0000000000000E+00; 1.0000000000000E+00; 1.0000000000000E+00; 1.0000000000000E+00; 1.0000000000000E+02; 3.0000000000000E-02; 7.6000000000000E-01;                 NAN; 3.0000000000000E-02; 4.8775080924464E+05; 7.1078468020242E+03; 9.2343270621874E+03; 7.1801035359725E+02; 2.0280466666667E-01; 7.9072277153407E-01; 2.8407208786765E-05; 3.0000000000000E+02; 3.0000000000000E-01; 7.6000000000000E+00; 0.0000000000000E+00; 3.0000000000000E-01; 3.0000000000000E-01; 7.6000000000000E+00
 1.7878540500000E+09; 0.0000000000000E+00; 0.0000000000000E+00; 1.0283253333333E+01; 1.9256077000000E+02; 1.8227751666667E+02; 5.0000000000000E+01; 2.0000000000000E+01; 3.0000000000000E+01; 6.2145000000000E-03; 2.0000000000000E+01; 5.8000000000000E+02; 2.1000000000000E+01; 5.8357630589770E-01; 1.5135172009468E-01; 7.2000000000000E+01; 1.0000000000000E+00; 4.8854793225939E+01; 2.0434578705486E+01; 2.7081800000000E+02; 2.9090400000000E+02; 1.0000000000000E+00; 1.0000000000000E+00; 1.0000000000000E+00; 1.0000000000000E+00; 1.0000000000000E+02; 3.0000000000000E-02; 7.7000000000000E-01;                 NAN; 3.0000000000000E-02; 4.2920828700121E+05; 7.1504759343889E+03; 9.1498825060690E+03; 7.1564494012798E+02; 2.0282825000000E-01; 7.9133252868951E-01; 2.8399465742734E-05; 3.0000000000000E+02; 3.0000000000000E-01; 7.7000000000000E+00; 0.0000000000000E+00; 3.0000000000000E-01; 3.0000000000000E-01; 7.7000000000000E+00
 1.7878540520000E+09;                 NAN; 0.0000000000000E+00; 1.0319865000000E+01; 1.9254817500000E+02; 1.8222831000000E+02; 4.0000000000000E+01; 2.0000000000000E+01; 2.0000000000000E+01; 6.2555000000000E-03; 2.0000000000000E+01; 5.8000000000000E+02; 1.3000000000000E+01; 5.8494801268345E-01; 2.5084114074707E-01; 4.1000000000000E+01; 1.0000000000000E+00;                 NAN; 2.0506684443239E+01; 2.7081900000000E+02;                 NAN; 0.0000000000000E+00; 1.0000000000000E+00; 1.0000000000000E+00; 0.0000000000000E+00;                 NAN; 1.0000000000000E-02; 7.7000000000000E-01;                 NAN; 1.0000000000000E-02; 4.2660538093414E+05; 7.1344827958193E+03;                 NAN;                 NAN; 2.0293650000000E-01;                 NAN; 2.8414008817662E-05; 0.0000000000000E+00; 1.0000000000000E-01; 7.7000000000000E+00; 0.0000000000000E+00; 1.0000000000000E-01; 1.0000000000000E-01; 7.7000000000000E+00
 1.7878540540000E+09; 0.0000000000000E+00; 0.0000000000000E+00; 1.0294710000000E+01; 1.9253184500000E+02; 1.8223713500000E+02; 4.0000000000000E+01; 2.0000000000000E+01; 2.0000000000000E+01; 6.2900000000000E-03; 2.1000000000000E+01; 5.8000000000000E+02; 2.1000000000000E+01; 5.8499873761745E-01; 1.3598322868347E-01; 6.8000000000000E+01; 1.0000000000000E+00; 4.8848417764010E+01; 2.0702338400287E+01; 2.7084100000000E+02; 2.9097850000000E+02; 1.0000000000000E+00; 1.0000000000000E+00; 1.0000000000000E+00; 2.0000000000000E+00; 1.0000000000000E+02; 2.0000000000000E-02; 7.7000000000000E-01;                 NAN; 2.0000000000000E-02; 4.5352565877767E+05; 7.1506094996343E+03; 9.1640911503107E+03; 7.1919449514951E+02; 2.0292333333333E-01; 7.9057788510398E-01; 2.8401881375178E-05; 3.0000000000000E+02; 2.0000000000000E-01; 7.7000000000000E+00; 0.0000000000000E+00; 2.0000000000000E-01; 2.0000000000000E-01; 7.7000000000000E+00
 1.7878540560000E+09; 0.0000000000000E+00; 0.0000000000000E+00; 1.0222540000000E+01; 1.9255206000000E+02; 1.8232952000000E+02; 5.0000000000000E+01; 2.0000000000000E+01; 3.0000000000000E+01; 6.3370000000000E-03; 2.0000000000000E+01; 5.8000000000000E+02; 2.1000000000000E+01; 5.8309579607467E-01; 1.4118213951588E-01; 7.1000000000000E+01; 1.0000000000000E+00; 4.8935254714865E+01; 2.2783312458953E+01; 2.7081200000000E+02; 2.9105200000000E+02; 1.0000000000000E+00; 1.0000000000000E+00; 1.0000000000000E+00; 1.0000000000000E+00; 1.0000000000000E+02; 3.0000000000000E-02; 7.6000000000000E-01;                 NAN; 3.0000000000000E-02; 4.0913602806482E+05; 7.1414853681552E+03; 9.1582785231209E+03; 7.1845635519062E+02; 2.0298950000000E-01; 7.9066389269157E-01; 2.8425559223600E-05; 3.0000000000000E+02; 3.0000000000000E-01; 7.6000000000000E+00; 0.0000000000000E+00; 3.0000000000000E-01; 3.0000000000000E-01; 7.6000000000000E+00
 1.7878540580000E+09; 0.0000000000000E+00; 0.0000000000000E+00; 1.0061480000000E+01; 1.9259538000000E+02; 1.8253390000000E+02; 5.0000000000000E+01; 3.0000000000000E+01; 2.0000000000000E+01; 6.3550000000000E-03; 2.0000000000000E+01; 5.8000000000000E+02; 2.1000000000000E+01; 5.8257428850926E-01; 2.5073969364166E-01; 7.1000000000000E+01; 1.0000000000000E+00; 4.8846043202029E+01; 2.2154473168223E+01; 2.7080800000000E+02; 2.9105200000000E+02; 1.0000000000000E+00; 1.0000000000000E+00; 1.0000000000000E+00; 1.0000000000000E+00; 1.0000000000000E+02; 3.0000000000000E-02; 7.7000000000000E-01;                 NAN; 3.0000000000000E-02; 4.2684931362917E+05; 7.1630265769608E+03; 9.2090179146319E+03; 7.2021338970523E+02; 2.0308475000000E-01; 7.9040032822034E-01; 2.8414708455087E-05; 4.0000000000000E+02; 3.0000000000000E-01; 7.7000000000000E+00; 0.0000000000000E+00; 3.0000000000000E-01; 3.0000000000000E-01; 7.7000000000000E+00
 1.7878540600000E+09; 0.0000000000000E+00; 0.0000000000000E+00; 9.9896000000001E+00; 1.9259394000000E+02; 1.8260434000000E+02; 5.0000000000000E+01; 2.0000000000000E+01; 3.0000000000000E+01; 6.3765000000000E-03; 2.0000000000000E+01; 5.8000000000000E+02; 2.2000000000000E+01; 5.8486690046853E-01; 1.5310159325600E-01; 7.3000000000000E+01; 1.0000000000000E+00; 4.8909687321172E+01; 2.1307376796979E+01; 2.7082500000000E+02; 2.9111900000000E+02; 2.0000000000000E+00; 1.0000000000000E+00; 1.0000000000000E+00; 1.0000000000000E+00; 1.0000000000000E+02; 3.0000000000000E-02; 7.6000000000000E-01;                 NAN; 3.0000000000000E-02; 4.3357362061905E+05; 7.1239936822976E+03; 9.1621536079141E+03; 7.2070729372322E+02; 2.0310266666667E-01; 7.9026990291912E-01; 2.8420101228288E-05; 3.0000000000000E+02; 3.0000000000000E-01; 7.6000000000000E+00; 0.0000000000000E+00; 3.0000000000000E-01; 3.0000000000000E-01; 7.6000000000000E+00
 1.7878540620000E+09; 0.0000000000000E+00; 0.0000000000000E+00; 1.0032331666667E+01; 1.9259653500000E+02; 1.8256420333333E+02; 5.0000000000000E+01; 2.0000000000000E+01; 3.0000000000000E+01; 6.3919047619048E-03; 2.1000000000000E+01; 5.8000000000000E+02; 2.2000000000000E+01; 5.8334234761695E-01; 1.5008369088173E-01; 7.2000000000000E+01; 1.0000000000000E+00; 4.8895477467483E+01; 1.9679343751882E+01; 2.7083100000000E+02; 2.9114800000000E+02; 1.0000000000000E+00; 1.0000000000000E+00; 1.0000000000000E+00; 1.0000000000000E+00; 1.0000000000000E+02; 3.0000000000000E-02; 7.7000000000000E-01;                 NAN; 3.0000000000000E-02; 4.3934732681958E+05; 7.1445834371732E+03; 9.1308300058358E+03; 7.1759891752293E+02; 2.0307500000000E-01; 7.9100677933796E-01; 2.8412554162698E-05; 3.0000000000000E+02; 3.0000000000000E-01; 7.7000000000000E+00; 0.0000000000000E+00; 3.0000000000000E-01; 3.0000000000000E-01; 7.7000000000000E+00
 1.7878540640000E+09; 0.0000000000000E+00; 0.0000000000000E+00; 1.0145161666667E+01; 1.9250670500000E+02; 1.8236154333333E+02; 5.0000000000000E+01; 2.0000000000000E+01; 3.0000000000000E+01; 6.4265000000000E-03; 2.0000000000000E+01; 5.8000000000000E+02; 2.1000000000000E+01; 5.8374331850145E-01; 1.7643329501152E-01; 7.2000000000000E+01; 1.0000000000000E+00; 4.8642058849169E+01; 2.1909759230141E+01; 2.7085500000000E+02; 2.9131700000000E+02; 1.0000000000000E+00; 1.0000000000000E+00; 1.0000000000000E+00; 1.0000000000000E+00; 1.0000000000000E+02; 3.0000000000000E-02; 7.6000000000000E-01;                 NAN; 3.0000000000000E-02; 4.5827365501778E+05; 7.1172579610163E+03; 8.4805019735109E+03; 7.7412263816711E+02; 2.0152225000000E-01; 7.7685582577919E-01; 2.8414626907749E-05; 4.0000000000000E+02; 3.0000000000000E-01; 7.6000000000000E+00; 0.0000000000000E+00; 3.0000000000000E-01; 3.0000000000000E-01; 7.6000000000000E+00
 1.7878540660000E+09; 0.0000000000000E+00; 0.0000000000000E+00; 1.0226856666667E+01; 1.9243406666667E+02; 1.8220721000000E+02; 5.0000000000000E+01; 3.0000000000000E+01; 2.0000000000000E+01; 6.4735000000000E-03; 2.0000000000000E+01; 5.8000000000000E+02; 2.1000000000000E+01; 5.8494847404285E-01; 1.9246116280556E-01; 7.1000000000000E+01; 1.0000000000000E+00; 4.8715863466857E+01; 3.7846608895989E+01; 2.7085700000000E+02; 2.9124800000000E+02; 1.0000000000000E+00; 1.0000000000000E+00; 1.0000000000000E+00; 1.0000000000000E+00; 1.0000000000000E+02; 1.0000000000000E-02; 7.7000000000000E-01;                 NAN; 1.0000000000000E-02; 3.5714274689354E+05; 6.7328034933965E+03; 8.5804065033355E+03; 7.0957072922870E+02; 1.9187200000000E-01; 7.8344161344676E-01; 2.8403239665138E-05; 1.0000000000000E+02; 1.0000000000000E-01; 7.7000000000000E+00; 0.0000000000000E+00; 1.0000000000000E-01; 1.0000000000000E-01; 7.7000000000000E+00
 1.7878540680000E+09; 0.0000000000000E+00; 0.0000000000000E+00; 1.0256945000000E+01; 1.9241008500000E+02; 1.8215314000000E+02; 4.0000000000000E+01; 2.0000000000000E+01; 2.0000000000000E+01; 6.4780952380952E-03; 2.1000000000000E+01; 5.8000000000000E+02; 2.2000000000000E+01; 5.8281379579646E-01; 2.3836374282837E-01; 7.0000000000000E+01; 1.0000000000000E+00; 4.9025910054394E+01; 2.6720957650560E+01; 2.7086200000000E+02; 2.9088600000000E+02; 1.0000000000000E+00; 1.0000000000000E+00; 1.0000000000000E+00; 1.0000000000000E+00; 1.0000000000000E+02; 2.0000000000000E-02; 8.0000000000000E-01;                 NAN; 2.0000000000000E-02; 4.9834951217337E+05; 7.1264718045806E+03; 9.0903030773736E+03; 7.1538061521184E+02; 2.0120425000000E-01; 7.8992856926522E-01; 2.8422531135527E-05; 3.0000000000000E+02; 2.0000000000000E-01; 8.0000000000000E+00; 0.0000000000000E+00; 2.0000000000000E-01; 2.0000000000000E-01; 8.0000000000000E+00
 1.7878540700000E+09; 0.0000000000000E+00; 0.0000000000000E+00; 1.0125256666667E+01; 1.9239837000000E+02; 1.8227311333333E+02; 5.0000000000000E+01; 2.0000000000000E+01; 3.0000000000000E+01; 6.4675000000000E-03; 2.0000000000000E+01; 5.8000000000000E+02; 2.1000000000000E+01; 5.8338712438941E-01; 2.0607978105545E-01; 7.2000000000000E+01; 1.0000000000000E+00; 4.8906008686006E+01; 2.9577447841212E+01; 2.7083900000000E+02; 2.9080900000000E+02; 1.0000000000000E+00; 1.0000000000000E+00; 1.0000000000000E+00; 1.0000000000000E+00; 1.0000000000000E+02; 3.0000000000000E-02; 7.8000000000000E-01;                 NAN; 3.0000000000000E-02; 4.3378812873733E+05; 7.1244030609372E+03; 9.0471120281161E+03; 7.1764708800609E+02; 2.0266125000000E-01; 7.9059903099762E-01; 2.8422730424245E-05; 4.0000000000000E+02; 3.0000000000000E-01; 7.8000000000000E+00; 0.0000000000000E+00; 3.0000000000000E-01; 3.0000000000000E-01; 7.8000000000000E+00
 1.7878540720000E+09; 0.0000000000000E+00; 0.0000000000000E+00; 1.0088325000000E+01; 1.9240780000000E+02; 1.8231947500000E+02; 5.0000000000000E+01; 3.0000000000000E+01; 2.0000000000000E+01; 6.4575000000000E-03; 2.0000000000000E+01; 5.8000000000000E+02; 2.1000000000000E+01; 5.8355825823214E-01; 2.1774561703205E-01; 7.2000000000000E+01; 1.0000000000000E+00; 4.8919642152948E+01; 2.9142050553137E+01; 2.7084600000000E+02; 2.9081700000000E+02; 1.0000000000000E+00; 1.0000000000000E+00; 1.0000000000000E+00; 1.0000000000000E+00; 1.0000000000000E+02; 3.0000000000000E-02; 7.8000000000000E-01;                 NAN; 3.0000000000000E-02; 4.0735151885643E+05; 7.1313491804660E+03; 9.0798080560587E+03; 7.1981302172010E+02; 2.0259700000000E-01; 7.9016151639456E-01; 2.8403128117898E-05; 3.0000000000000E+02; 3.0000000000000E-01; 7.8000000000000E+00; 0.0000000000000E+00; 3.0000000000000E-01; 3.0000000000000E-01; 7.8000000000000E+00
 1.7878540740000E+09; 0.0000000000000E+00; 0.0000000000000E+00; 1.0097095000000E+01; 1.9238644500000E+02; 1.8228935000000E+02; 4.0000000000000E+01; 2.0000000000000E+01; 2.0000000000000E+01; 6.4865000000000E-03; 2.0000000000000E+01; 5.8000000000000E+02; 2.2000000000000E+01; 5.8478730383847E-01; 2.3727324604988E-01; 7.2000000000000E+01; 1.0000000000000E+00; 4.8928723303717E+01; 2.9222860725880E+01; 2.7084100000000E+02; 2.9082600000000E+02; 1.0000000000000E+00; 1.0000000000000E+00; 1.0000000000000E+00; 1.0000000000000E+00; 1.0000000000000E+02; 3.0000000000000E-02; 7.7000000000000E-01;                 NAN; 3.0000000000000E-02; 4.5691611388867E+05; 7.1308608162354E+03; 9.0386352801310E+03; 7.1812486287308E+02; 2.0262650000000E-01; 7.9047435410711E-01; 2.8420340712322E-05; 3.0000000000000E+02; 3.0000000000000E-01; 7.7000000000000E+00; 0.0000000000000E+00; 3.0000000000000E-01; 3.0000000000000E-01; 7.7000000000000E+00
 1.7878540760000E+09; 0.0000000000000E+00; 0.0000000000000E+00; 1.0130886666667E+01; 1.9237022000000E+02; 1.8223933333333E+02; 5.0000000000000E+01; 2.0000000000000E+01; 3.0000000000000E+01; 6.5176190476190E-03; 2.1000000000000E+01; 5.8000000000000E+02; 2.2000000000000E+01; 5.8362031650870E-01; 2.0070333778858E-01; 7.3000000000000E+01; 1.0000000000000E+00; 4.8942710320520E+01; 2.8949999808327E+01; 2.7085900000000E+02; 2.9076700000000E+02; 1.0000000000000E+00; 1.0000000000000E+00; 1.0000000000000E+00; 1.0000000000000E+00; 1.0000000000000E+02; 3.0000000000000E-02; 7.7000000000000E-01;                 NAN; 3.0000000000000E-02; 4.7001738454308E+05; 7.1424881466136E+03; 9.0457799677184E+03; 7.1922051955245E+02; 2.0259775000000E-01; 7.9039597716606E-01; 2.8386447012317E-05; 4.0000000000000E+02; 3.0000000000000E-01; 7.7000000000000E+00; 0.0000000000000E+00; 3.0000000000000E-01; 3.0000000000000E-01; 7.7000000000000E+00
 1.7878540780000E+09; 0.0000000000000E+00; 0.0000000000000E+00; 1.0227901666667E+01; 1.9239280666667E+02; 1.8216490500000E+02; 5.0000000000000E+01; 3.0000000000000E+01; 2.0000000000000E+01; 6.5685000000000E-03; 2.0000000000000E+01; 5.8000000000000E+02; 2.1000000000000E+01; 5.8267527050535E-01; 2.0978240668774E-01; 7.1000000000000E+01; 1.0000000000000E+00; 4.8988647867921E+01; 2.8275827620875E+01; 2.7084100000000E+02; 2.9083200000000E+02; 1.0000000000000E+00; 1.0000000000000E+00; 1.0000000000000E+00; 1.0000000000000E+00; 1.0000000000000E+02; 1.0000000000000E-02; 7.7000000000000E-01;                 NAN; 1.0000000000000E-02; 4.3894422227805E+05; 7.1468603471776E+03; 9.0391196657301E+03; 7.2144942988183E+02; 2.0263333333333E-01; 7.8984885760485E-01; 2.8397254363841E-05; 1.0000000000000E+02; 1.0000000000000E-01; 7.7000000000000E+00; 0.0000000000000E+00; 1.0000000000000E-01; 1.0000000000000E-01; 7.7000000000000E+00
 1.7878540800000E+09; 0.0000000000000E+00; 0.0000000000000E+00; 1.0234705000000E+01; 1.9242267500000E+02; 1.8218797000000E+02; 4.0000000000000E+01; 2.0000000000000E+01; 2.0000000000000E+01; 6.5960000000000E-03; 2.0000000000000E+01; 5.8000000000000E+02; 2.1000000000000E+01; 5.8270609749875E-01; 2.2195547819138E-01; 7.1000000000000E+01; 1.0000000000000E+00; 4.8993227553625E+01; 2.8549505357046E+01; 2.7084700000000E+02; 2.9093100000000E+02; 1.0000000000000E+00; 1.0000000000000E+00; 1.0000000000000E+00; 1.0000000000000E+00; 1.0000000000000E+02; 2.0000000000000E-02; 7.6000000000000E-01;                 NAN; 2.0000000000000E-02; 4.2982227359930E+05; 7.1546865356411E+03; 8.9939103431428E+03; 7.2074039239066E+02; 2.0275300000000E-01; 7.9009714211593E-01; 2.8399447061857E-05; 3.0000000000000E+02; 2.0000000000000E-01; 7.6000000000000E+00; 0.0000000000000E+00; 2.0000000000000E-01; 2.0000000000000E-01; 7.6000000000000E+00
 1.7878540820000E+09; 0.0000000000000E+00; 0.0000000000000E+00; 1.0241431666667E+01; 1.9242143500000E+02; 1.8218000333333E+02; 5.0000000000000E+01; 2.0000000000000E+01; 3.0000000000000E+01; 6.6300000000000E-03; 2.1000000000000E+01; 5.8000000000000E+02; 2.2000000000000E+01; 5.8293795240597E-01; 1.8084603548050E-01; 7.1000000000000E+01; 1.0000000000000E+00; 4.8992765326535E+01; 2.8303188558710E+01; 2.7087100000000E+02; 2.9099000000000E+02; 1.0000000000000E+00; 1.0000000000000E+00; 1.0000000000000E+00; 1.0000000000000E+00; 1.0000000000000E+02; 3.0000000000000E-02; 7.6000000000000E-01;                 NAN; 3.0000000000000E-02; 4.5429608286166E+05; 7.1567320968820E+03; 9.0123169959105E+03; 7.1977849536255E+02; 2.0284575000000E-01; 7.9037741352571E-01; 2.8402344877867E-05; 3.0000000000000E+02; 3.0000000000000E-01; 7.6000000000000E+00; 0.0000000000000E+00; 3.0000000000000E-01; 3.0000000000000E-01; 7.6000000000000E+00
 1.7878540840000E+09; 0.0000000000000E+00; 0.0000000000000E+00; 1.0288235000000E+01; 1.9241671500000E+02; 1.8212848000000E+02; 5.0000000000000E+01; 2.0000000000000E+01; 3.0000000000000E+01; 6.6675000000000E-03; 2.0000000000000E+01; 5.8000000000000E+02; 2.1000000000000E+01; 5.8201140830347E-01; 2.4399378895760E-01; 7.0000000000000E+01; 1.0000000000000E+00; 4.8944469990513E+01; 2.7805940122431E+01; 2.7086400000000E+02; 2.9110700000000E+02; 1.0000000000000E+00; 1.0000000000000E+00; 1.0000000000000E+00; 1.0000000000000E+00; 1.0000000000000E+02; 3.0000000000000E-02; 7.6000000000000E-01;                 NAN; 3.0000000000000E-02; 4.3120255372827E+05; 7.1314525598697E+03; 9.0084822765839E+03; 7.1873760066827E+02; 2.0272275000000E-01; 7.9055596725372E-01; 2.8395602649959E-05; 4.0000000000000E+02; 3.0000000000000E-01; 7.6000000000000E+00; 0.0000000000000E+00; 3.0000000000000E-01; 3.0000000000000E-01; 7.6000000000000E+00
 1.7878540860000E+09;                 NAN; 0.0000000000000E+00; 1.0140825000000E+01; 1.9235438000000E+02; 1.8221355500000E+02; 5.0000000000000E+01; 3.0000000000000E+01; 2.0000000000000E+01; 6.7265000000000E-03; 2.0000000000000E+01; 5.8000000000000E+02; 2.0000000000000E+01; 5.8120197032304E-01; 2.3681674897671E-01; 6.8000000000000E+01; 1.0000000000000E+00;                 NAN; 2.8286214276393E+01; 2.7086500000000E+02; 2.9118500000000E+02; 0.0000000000000E+00; 1.0000000000000E+00; 1.0000000000000E+00; 1.0000000000000E+00; 1.0000000000000E+02; 3.0000000000000E-02; 7.7000000000000E-01;                 NAN; 3.0000000000000E-02; 4.8436953590141E+05; 7.1626115610293E+03; 8.9659774402586E+03; 7.2108868539329E+02; 2.0276300000000E-01; 7.9009299589230E-01; 2.8387839566556E-05; 2.0000000000000E+02; 3.0000000000000E-01; 7.7000000000000E+00; 0.0000000000000E+00; 3.0000000000000E-01; 3.0000000000000E-01; 7.7000000000000E+00
 1.7878540880000E+09; 0.0000000000000E+00; 0.0000000000000E+00; 1.0127383333333E+01; 1.9227526000000E+02; 1.8214787666667E+02; 5.0000000000000E+01; 2.0000000000000E+01; 3.0000000000000E+01; 6.7635000000000E-03; 2.0000000000000E+01; 5.8000000000000E+02; 2.2000000000000E+01; 5.8167064411053E-01; 2.0121054351330E-01; 6.9000000000000E+01; 1.0000000000000E+00; 4.8966698955658E+01; 2.8912967080090E+01; 2.7088100000000E+02; 2.9124900000000E+02; 2.0000000000000E+00; 1.0000000000000E+00; 1.0000000000000E+00; 1.0000000000000E+00; 1.0000000000000E+02; 3.0000000000000E-02; 7.7000000000000E-01;                 NAN; 3.0000000000000E-02; 4.3185527632630E+05; 7.1516146536702E+03; 8.9522531816160E+03; 7.2273323113556E+02; 2.0287333333333E-01; 7.8985758598395E-01; 2.8378893682393E-05; 3.0000000000000E+02; 3.0000000000000E-01; 7.7000000000000E+00; 0.0000000000000E+00; 3.0000000000000E-01; 3.0000000000000E-01; 7.7000000000000E+00
 1.7878540900000E+09; 0.0000000000000E+00; 0.0000000000000E+00; 1.0141198333333E+01; 1.9225426500000E+02; 1.8211306666667E+02; 5.0000000000000E+01; 2.0000000000000E+01; 3.0000000000000E+01; 6.7490476190476E-03; 2.1000000000000E+01; 5.8000000000000E+02; 2.1000000000000E+01; 5.8213413646652E-01; 1.7658546566963E-01; 7.2000000000000E+01; 1.0000000000000E+00; 4.8868051834833E+01; 2.8456527130847E+01; 2.7086400000000E+02; 2.9131700000000E+02; 1.0000000000000E+00; 1.0000000000000E+00; 1.0000000000000E+00; 1.0000000000000E+00; 1.0000000000000E+02; 3.0000000000000E-02; 7.6000000000000E-01;                 NAN; 3.0000000000000E-02; 4.0340611097328E+05; 7.1589644672673E+03; 8.9772394054388E+03; 7.2139369032155E+02; 2.0282600000000E-01; 7.9016430445928E-01; 2.8372450384734E-05; 4.0000000000000E+02; 3.0000000000000E-01; 7.6000000000000E+00; 0.0000000000000E+00; 3.0000000000000E-01; 3.0000000000000E-01; 7.6000000000000E+00
