#('timer', 'discharge-state', 'gpib-controller', 'wire-detector', 'chamber-pressure', 'discharge-pressure', 'hydrogen-flow', 'Keithley-199_address-26', 'optical-emission-spectroscopy')
#((('unix-time',), ()), (('rf-was-on', 'plasma-was-on'), ()), ((), ()), (('wire-detector-difference_ohms', 'front-wire_ohms', 'back-wire_ohms'), ('wire-detector-combined_plcs', 'front-wire_plcs', 'back-wire_plcs')), (('chamber-pressure_mbar',), ('chamber-pressure_number-measurements',)), (('discharge-pressure_mbar',), ('discharge-pressure_number-measurements',)), (('hydrogen-flow-mln_min', 'flowmeter-temperature_celsius'), ('hydrogen-flow_number-measurements', 'flowmeter-temperature_number-measurements')), (('rf-input_dbm', 'rf-reflected_dbm', 'nozzle-temperature_kelvin', 'discharge-temperature_kelvin'), ('rf-input_plcs', 'rf-output_plcs', 'nozzle-temperature_plcs', 'discharge-temperature_plcs')), (('fulcher_average-exposure_ms', 'spectrum-full_average-exposure_ms', 'spectrum-wo-alpha-beta_average-exposure_ms', 'background_average-exposure_ms', 'wavelength-calibration_average-exposure_ms', 'spectrum-full-intensity_counts-ms', 'gamma-intensity_counts-ms', 'fulcher-maximum-intensity_counts', 'fulcher-band-intensity_counts-ms', 'gamma-intensity_volts', 'degree-of-dissociation', 'calibration-factor'), ('exposure-fulcher_ms', 'exposure-full-spectrum_ms', 'exposure-without-alpha-beta_ms', 'exposure-background-update_ms', 'exposure-wavelength-calibration-update_ms', 'exposure-full-spectrum_duplicate_ms', 'exposure-without-alpha-beta_duplicate_ms')))
#((('Unix Time [s]',), ()), (('RF was switched on (0 = True)', 'Plasma was on (0 = True)'), ()), ((), ()), (('Difference in resistance [Ω]', 'Resistance front wire [Ω]', 'Resistance back wire [Ω]'), ('Combined exposure [#PLCs]', '#PLCs front wire', '#PLCs back wire')), (('Background pressure [mBar]',), ('#Measurements',)), (('Pressure discharge tube [mBar]',), ('#Measurements',)), (('Hydrogen flow [mln/min]', 'Flowmeter ambient temperature [°C]'), ('#Measurements flow', '#Measurements ambient flowmeter temperature')), (('RF power in [dBm]', 'RF power reflected [dBm]', 'Nozzle temperature [K]', 'Discharge tube temperature [K]'), ('#PLCs', '#PLCs', '#PLCs', '#PLCs')), (('Average exposure time Fulcher band [ms]', 'Average exposure time full spectrum [ms]', 'Average exposure time without α and β [ms]', 'Average exposure time for background spectrum [ms]', 'Average exposure time for wavelength calibration [ms]', 'Intensity of the full spectrum [counts/ms]', 'Intensity of the gamma line [counts/ms]', 'Maximum intensity in the fulcher band [counts]', 'Integrated intensity of the fulcher band [counts/ms]', 'PMT intensity of the Balmer-γ line [Volts]', 'Degree of dissociation', 'Calibration between Spectrometer and PMT [Volts/counts/ms]'), ('Exposure for Fulcher band [ms]', 'Exposure for full spectrum [ms]', 'Exposure for spectrum without α and β lines [ms]', 'Exposure used to update the background [ms]', 'Exposure used to update the wavelength calibration [ms]', 'Exposure for full spectrum [ms]', 'Exposure for spectrum without α and β lines [ms]')))
 1.7878386760000E+09;                 NAN; 0.0000000000000E+00; 7.5352300000000E+00; 1.8448473000000E+02; 1.7694950000000E+02; 2.0000000000000E+01; 1.0000000000000E+01; 1.0000000000000E+01; 6.3263398692810E-06; 1.5300000000000E+02; 1.3000000000000E-05; 1.5000000000000E+01; 0.0000000000000E+00;                 NAN; 5.4000000000000E+01; 0.0000000000000E+00;                 NAN;-1.4840000000000E+01; 2.9663600000000E+02;                 NAN; 0.0000000000000E+00; 1.0000000000000E+00; 1.0000000000000E+00; 0.0000000000000E+00; 1.0000000000000E+02; 1.0000000000000E-02; 5.0000000000000E-01;                 NAN;                 NAN; 6.2905835625767E+05;-3.7400920442562E+00; 4.4843123164524E+01; 9.1235314212262E-01; 2.0000000000000E-06;                 NAN;                 NAN; 3.0000000000000E+02; 1.0000000000000E-01; 5.0000000000000E+00; 0.0000000000000E+00; 0.0000000000000E+00; 1.0000000000000E-01; 5.0000000000000E+00
 1.7878386780000E+09; 1.0000000000000E+00; 4.0000000000000E+00; 9.8861825000000E+00; 1.9249218500000E+02; 1.8260600250000E+02; 8.0000000000000E+01; 4.0000000000000E+01; 4.0000000000000E+01; 6.3405000000000E-06; 2.0000000000000E+01; 1.3000000000000E-05; 3.9000000000000E+01; 0.0000000000000E+00;-3.3775171637535E-01; 1.3700000000000E+02; 1.0000000000000E+00;-1.0790000000000E+01;-1.4840000000000E+01; 2.9658500000000E+02; 2.9424350000000E+02; 2.0000000000000E+00; 2.0000000000000E+00; 2.0000000000000E+00; 2.0000000000000E+00; 1.0000000000000E+02; 6.9000000000000E-01; 1.0000000000000E+01;                 NAN;                 NAN; 1.5926323747285E+03;-4.3033752397801E+00; 5.3531633824286E+01; 1.8883029949084E+00; 2.6666666666667E-06;                 NAN;                 NAN; 1.1000000000000E+03; 6.9000000000000E+00; 1.0000000000000E+01; 0.0000000000000E+00; 0.0000000000000E+00; 6.9000000000000E+00; 1.0000000000000E+01
 1.7878386800000E+09; 1.0000000000000E+00; 1.0000000000000E+00; 1.1431975500000E+01; 1.9805514750000E+02; 1.8662317200000E+02; 9.0000000000000E+01; 4.0000000000000E+01; 5.0000000000000E+01; 6.2350000000000E-06; 2.0000000000000E+01; 1.3000000000000E-05; 3.9000000000000E+01; 0.0000000000000E+00;-4.0853297710419E-01; 1.3900000000000E+02; 1.0000000000000E+00;-1.0790000000000E+01;-1.4840000000000E+01; 2.9652350000000E+02; 2.9424450000000E+02; 2.0000000000000E+00; 2.0000000000000E+00; 2.0000000000000E+00; 2.0000000000000E+00; 1.0000000000000E+02; 1.0000000000000E+01; 1.0000000000000E+01;                 NAN;                 NAN;-5.4644059959471E+01; 8.5254536036352E-01; 5.2687056800966E+01; 2.1231863256289E+00; 3.0000000000000E-06;                 NAN;                 NAN; 1.4000000000000E+03; 1.0000000000000E+01; 1.0000000000000E+01; 0.0000000000000E+00; 0.0000000000000E+00; 1.0000000000000E+01; 1.0000000000000E+01
 1.7878386820000E+09; 1.0000000000000E+00; 1.0000000000000E+00; 1.2089653500000E+01; 1.9964186600000E+02; 1.8755221250000E+02; 9.0000000000000E+01; 5.0000000000000E+01; 4.0000000000000E+01; 6.2650000000000E-06; 2.0000000000000E+01; 1.3000000000000E-05; 3.9000000000000E+01; 0.0000000000000E+00;-3.8403469324112E-01; 1.3700000000000E+02; 1.0000000000000E+00;-1.0790000000000E+01;-1.4840000000000E+01; 2.9647200000000E+02; 2.9424400000000E+02; 2.0000000000000E+00; 2.0000000000000E+00; 1.0000000000000E+00; 2.0000000000000E+00; 1.0000000000000E+02; 1.0000000000000E+01; 1.0000000000000E+01;                 NAN;                 NAN; 1.0378153954449E+02; 6.8997765635990E+00; 6.2591764504256E+01; 2.8103949476847E+00; 2.5714285714286E-06;                 NAN;                 NAN; 1.3000000000000E+03; 1.0000000000000E+01; 1.0000000000000E+01; 0.0000000000000E+00; 0.0000000000000E+00; 1.0000000000000E+01; 1.0000000000000E+01
 1.7878386840000E+09; 1.0000000000000E+00; 1.0000000000000E+00; 1.2292597500000E+01; 2.0003444000000E+02; 1.8774184250000E+02; 8.0000000000000E+01; 4.0000000000000E+01; 4.0000000000000E+01; 6.2433333333333E-06; 2.1000000000000E+01; 1.3000000000000E-05; 4.0000000000000E+01; 0.0000000000000E+00;-5.1768475770950E-01; 1.3900000000000E+02; 1.0000000000000E+00;-7.6811752467122E+00;-1.4840000000000E+01; 2.9642850000000E+02; 2.9424700000000E+02; 2.0000000000000E+00; 2.0000000000000E+00; 2.0000000000000E+00; 2.0000000000000E+00; 1.0000000000000E+02; 1.0000000000000E+01; 1.0000000000000E+01;                 NAN;                 NAN;-6.2691297627194E+01; 8.1298035239218E-01; 6.4373216397942E+01; 1.4594795972578E+00; 2.0000000000000E-06;                 NAN;                 NAN; 1.3000000000000E+03; 1.0000000000000E+01; 1.0000000000000E+01; 0.0000000000000E+00; 0.0000000000000E+00; 1.0000000000000E+01; 1.0000000000000E+01
 1.7878386860000E+09; 1.0000000000000E+00; 1.0000000000000E+00; 1.2329165500000E+01; 2.0012431750000E+02; 1.8779515200000E+02; 9.0000000000000E+01; 4.0000000000000E+01; 5.0000000000000E+01; 5.9940000000000E-06; 2.0000000000000E+01; 1.3000000000000E-05; 3.9000000000000E+01; 0.0000000000000E+00;-3.6351802945137E-01; 1.3800000000000E+02; 1.0000000000000E+00;-8.1743998200855E+00;-1.4840000000000E+01; 2.9636700000000E+02; 2.9424950000000E+02; 2.0000000000000E+00; 2.0000000000000E+00; 2.0000000000000E+00; 2.0000000000000E+00; 1.0000000000000E+02; 1.0000000000000E+01; 1.0000000000000E+01;                 NAN;                 NAN; 8.9190359503276E+00;-5.6651338451122E-01; 6.2144343911832E+01; 1.8699786347052E+00; 2.0000000000000E-06;                 NAN;                 NAN; 1.3000000000000E+03; 1.0000000000000E+01; 1.0000000000000E+01; 0.0000000000000E+00; 0.0000000000000E+00; 1.0000000000000E+01; 1.0000000000000E+01
 1.7878386880000E+09; 1.0000000000000E+00; 1.0000000000000E+00; 1.2337447500000E+01; 2.0014829500000E+02; 1.8781084750000E+02; 8.0000000000000E+01; 4.0000000000000E+01; 4.0000000000000E+01; 6.0320000000000E-06; 2.0000000000000E+01; 1.3000000000000E-05; 3.9000000000000E+01; 0.0000000000000E+00;-3.7723809480667E-01; 1.3800000000000E+02; 1.0000000000000E+00;-1.0790000000000E+01;-1.4840000000000E+01; 2.9630400000000E+02; 2.9425000000000E+02; 2.0000000000000E+00; 1.0000000000000E+00; 2.0000000000000E+00; 2.0000000000000E+00; 1.0000000000000E+02; 1.0000000000000E+01; 1.0000000000000E+01;                 NAN;                 NAN; 1.5410430344589E+02; 3.0101133068873E+00; 5.3171557667954E+01; 1.2327816660923E+00; 1.4285714285714E-06;                 NAN;                 NAN; 1.3000000000000E+03; 1.0000000000000E+01; 1.0000000000000E+01; 0.0000000000000E+00; 0.0000000000000E+00; 1.0000000000000E+01; 1.0000000000000E+01
 1.7878386900000E+09; 1.0000000000000E+00; 1.0000000000000E+00; 1.2341608000000E+01; 2.0015503800000E+02; 1.8781343000000E+02; 9.0000000000000E+01; 5.0000000000000E+01; 4.0000000000000E+01; 6.2457142857143E-06; 2.1000000000000E+01; 1.3000000000000E-05; 4.0000000000000E+01; 0.0000000000000E+00;-3.8821920752525E-01; 1.3700000000000E+02; 1.0000000000000E+00;-1.0790000000000E+01;-1.4840000000000E+01; 2.9623950000000E+02; 2.9425150000000E+02; 2.0000000000000E+00; 2.0000000000000E+00; 2.0000000000000E+00; 2.0000000000000E+00; 1.0000000000000E+02; 1.0000000000000E+01; 1.0000000000000E+01;                 NAN;                 NAN;-5.5440956800713E+01; 7.2850240657419E-01; 6.2813345315013E+01; 1.5427033531427E+00; 2.0000000000000E-06;                 NAN;                 NAN; 1.4000000000000E+03; 1.0000000000000E+01; 1.0000000000000E+01; 0.0000000000000E+00; 0.0000000000000E+00; 1.0000000000000E+01; 1.0000000000000E+01
 1.7878386920000E+09; 1.0000000000000E+00; 1.0000000000000E+00; 1.2342304000000E+01; 2.0015739000000E+02; 1.8781508600000E+02; 9.0000000000000E+01; 4.0000000000000E+01; 5.0000000000000E+01; 6.1400000000000E-06; 2.0000000000000E+01; 1.3000000000000E-05; 3.9000000000000E+01; 0.0000000000000E+00;-4.2276024818420E-01; 1.3900000000000E+02; 1.0000000000000E+00;-1.0790000000000E+01;-1.4840000000000E+01; 2.9617400000000E+02; 2.9425250000000E+02; 1.0000000000000E+00; 2.0000000000000E+00; 2.0000000000000E+00; 2.0000000000000E+00; 1.0000000000000E+02; 1.0000000000000E+01; 1.0000000000000E+01; 1.0000000000000E+01;                 NAN; 2.6688569075277E+02; 3.9077064134601E+00; 5.7676055817048E+01; 8.9422350635740E+00; 1.8571428571429E-06;                 NAN;                 NAN; 1.3000000000000E+03; 1.0000000000000E+01; 1.0000000000000E+01; 1.0000000000000E+01; 0.0000000000000E+00; 1.0000000000000E+01; 1.0000000000000E+01
 1.7878386940000E+09; 1.0000000000000E+00; 1.0000000000000E+00; 1.2340770000000E+01; 2.0015796500000E+02; 1.8781719500000E+02; 8.0000000000000E+01; 4.0000000000000E+01; 4.0000000000000E+01; 6.1400000000000E-06; 2.0000000000000E+01; 1.3000000000000E-05; 3.9000000000000E+01; 0.0000000000000E+00;-4.2735052108765E-01; 1.3600000000000E+02; 1.0000000000000E+00;-1.0790000000000E+01;-1.4840000000000E+01; 2.9611500000000E+02; 2.9425600000000E+02; 2.0000000000000E+00; 2.0000000000000E+00; 2.0000000000000E+00; 2.0000000000000E+00; 1.0000000000000E+02; 1.0000000000000E+01; 1.0000000000000E+01; 1.0000000000000E+01;                 NAN;-1.6198315926142E+02; 1.8803605951811E+00; 6.3307938585210E+01; 9.1809291006447E+00; 1.1428571428571E-06;                 NAN;                 NAN; 1.3000000000000E+03; 1.0000000000000E+01; 1.0000000000000E+01; 1.0000000000000E+01; 0.0000000000000E+00; 1.0000000000000E+01; 1.0000000000000E+01
 1.7878386960000E+09; 1.0000000000000E+00; 1.0000000000000E+00; 1.2340770000000E+01; 2.0015845500000E+02; 1.8781768500000E+02; 8.0000000000000E+01; 4.0000000000000E+01; 4.0000000000000E+01; 6.1325000000000E-06; 2.0000000000000E+01; 1.3000000000000E-05; 3.9000000000000E+01; 0.0000000000000E+00;-3.6334049701691E-01; 1.3900000000000E+02; 1.0000000000000E+00;-1.0790000000000E+01;-1.4840000000000E+01; 2.9605100000000E+02; 2.9425500000000E+02; 2.0000000000000E+00; 2.0000000000000E+00; 2.0000000000000E+00; 1.0000000000000E+00; 1.0000000000000E+02; 1.0000000000000E+01; 1.0000000000000E+01; 1.0000000000000E+01;                 NAN;-3.3973479614338E+02;-1.2579230336466E+00; 5.8596799282970E+01; 7.1926411538836E+00; 2.0000000000000E-06;                 NAN;                 NAN; 1.3000000000000E+03; 1.0000000000000E+01; 1.0000000000000E+01; 1.0000000000000E+01; 0.0000000000000E+00; 1.0000000000000E+01; 1.0000000000000E+01
 1.7878386980000E+09; 1.0000000000000E+00; 1.0000000000000E+00; 1.2343535000000E+01; 2.0015946500000E+02; 1.8781593000000E+02; 8.0000000000000E+01; 4.0000000000000E+01; 4.0000000000000E+01; 6.1338095238095E-06; 2.1000000000000E+01; 1.3000000000000E-05; 4.0000000000000E+01; 0.0000000000000E+00;-3.8056030869484E-01; 1.3800000000000E+02; 1.0000000000000E+00;-1.0790000000000E+01;-1.4840000000000E+01; 2.9599150000000E+02; 2.9425800000000E+02; 2.0000000000000E+00; 2.0000000000000E+00; 2.0000000000000E+00; 2.0000000000000E+00; 1.0000000000000E+02; 1.0000000000000E+01; 1.0000000000000E+01; 1.0000000000000E+01;                 NAN; 4.3386190880738E+02; 3.2356724438673E+00; 5.1665973917497E+01; 4.2901136134281E+00; 1.0000000000000E-06;                 NAN;                 NAN; 1.3000000000000E+03; 1.0000000000000E+01; 1.0000000000000E+01; 1.0000000000000E+01; 0.0000000000000E+00; 1.0000000000000E+01; 1.0000000000000E+01
 1.7878387000000E+09; 1.0000000000000E+00; 1.0000000000000E+00; 1.2342167000000E+01; 2.0015993200000E+02; 1.8781776500000E+02; 9.0000000000000E+01; 5.0000000000000E+01; 4.0000000000000E+01; 6.1135000000000E-06; 2.0000000000000E+01; 1.3000000000000E-05; 4.0000000000000E+01; 0.0000000000000E+00;-3.4021168947220E-01; 1.3800000000000E+02; 1.0000000000000E+00;-1.0790000000000E+01;-1.4840000000000E+01; 2.9594300000000E+02; 2.9425900000000E+02; 2.0000000000000E+00; 2.0000000000000E+00; 1.0000000000000E+00; 2.0000000000000E+00; 1.0000000000000E+02; 1.0000000000000E+01; 1.0000000000000E+01; 1.0000000000000E+01;                 NAN; 3.9400198076497E+02; 1.0419968982084E-01; 5.6916271708819E+01; 2.5900956153904E+00; 1.0000000000000E-06;                 NAN;                 NAN; 1.3000000000000E+03; 1.0000000000000E+01; 1.0000000000000E+01; 1.0000000000000E+01; 0.0000000000000E+00; 1.0000000000000E+01; 1.0000000000000E+01
 1.7878387020000E+09; 1.0000000000000E+00; 1.0000000000000E+00; 1.2342180500000E+01; 2.0016042250000E+02; 1.8781824200000E+02; 9.0000000000000E+01; 4.0000000000000E+01; 5.0000000000000E+01; 6.0900000000000E-06; 2.0000000000000E+01; 1.3000000000000E-05; 3.9000000000000E+01; 0.0000000000000E+00;-4.7013375163078E-01; 1.3800000000000E+02; 1.0000000000000E+00;-1.0790000000000E+01;-1.4840000000000E+01; 2.9589650000000E+02; 2.9425850000000E+02; 2.0000000000000E+00; 2.0000000000000E+00; 2.0000000000000E+00; 2.0000000000000E+00; 1.0000000000000E+02; 1.0000000000000E+01; 1.0000000000000E+01; 1.0000000000000E+01;                 NAN; 3.0649929748602E+02;-2.0408804411742E+00; 5.8715286790524E+01; 3.3719668280240E+00; 5.7142857142857E-07;                 NAN;                 NAN; 1.4000000000000E+03; 1.0000000000000E+01; 1.0000000000000E+01; 1.0000000000000E+01; 0.0000000000000E+00; 1.0000000000000E+01; 1.0000000000000E+01
 1.7878387040000E+09; 1.0000000000000E+00; 1.0000000000000E+00; 1.2340885000000E+01; 2.0016107250000E+02; 1.8782018750000E+02; 8.0000000000000E+01; 4.0000000000000E+01; 4.0000000000000E+01; 6.1228571428571E-06; 2.1000000000000E+01; 1.3000000000000E-05; 3.9000000000000E+01; 0.0000000000000E+00;-3.9734899997711E-01; 1.3800000000000E+02; 1.0000000000000E+00;-1.0790000000000E+01;-1.4840000000000E+01; 2.9583300000000E+02; 2.9426450000000E+02; 2.0000000000000E+00; 1.0000000000000E+00; 2.0000000000000E+00; 2.0000000000000E+00; 1.0000000000000E+02; 1.0000000000000E+01; 1.0000000000000E+01; 1.0000000000000E+01;                 NAN;-1.3295276764676E+02; 7.1624740212282E-01; 4.7774009536294E+01; 3.4060063577574E+00; 7.1428571428571E-07;                 NAN;                 NAN; 1.3000000000000E+03; 1.0000000000000E+01; 1.0000000000000E+01; 1.0000000000000E+01; 0.0000000000000E+00; 1.0000000000000E+01; 1.0000000000000E+01
 1.7878387060000E+09; 1.0000000000000E+00; 1.0000000000000E+00; 1.2340605000000E+01; 2.0016154000000E+02; 1.8782093500000E+02; 8.0000000000000E+01; 4.0000000000000E+01; 4.0000000000000E+01; 6.2205000000000E-06; 2.0000000000000E+01; 1.3000000000000E-05; 3.9000000000000E+01; 0.0000000000000E+00;-4.0490642189980E-01; 1.3800000000000E+02; 1.0000000000000E+00;-1.0790000000000E+01;-1.4840000000000E+01; 2.9576600000000E+02; 2.9426600000000E+02; 1.0000000000000E+00; 2.0000000000000E+00; 2.0000000000000E+00; 2.0000000000000E+00; 1.0000000000000E+02; 1.0000000000000E+01; 1.0000000000000E+01; 1.0000000000000E+01;                 NAN;-2.3244877756306E+02;-2.3114572008412E+00; 5.5296161488621E+01; 2.6887074717145E+00; 3.3333333333333E-07;                 NAN;                 NAN; 1.3000000000000E+03; 1.0000000000000E+01; 1.0000000000000E+01; 1.0000000000000E+01; 0.0000000000000E+00; 1.0000000000000E+01; 1.0000000000000E+01
 1.7878387080000E+09; 1.0000000000000E+00; 1.0000000000000E+00; 1.2343807500000E+01; 2.0016218750000E+02; 1.8781838000000E+02; 8.0000000000000E+01; 4.0000000000000E+01; 4.0000000000000E+01; 6.2215000000000E-06; 2.0000000000000E+01; 1.3000000000000E-05; 4.0000000000000E+01; 0.0000000000000E+00;-4.4588908553123E-01; 1.3800000000000E+02; 1.0000000000000E+00;-1.0790000000000E+01;-1.4840000000000E+01; 2.9570650000000E+02; 2.9426550000000E+02; 2.0000000000000E+00; 2.0000000000000E+00; 2.0000000000000E+00; 2.0000000000000E+00; 1.0000000000000E+02; 1.0000000000000E+01; 1.0000000000000E+01; 1.0000000000000E+01;                 NAN; 2.9886127750388E+02;-5.5121185443148E+00; 6.0472441468038E+01;-1.0737102397242E+00; 8.5714285714286E-07;                 NAN;                 NAN; 1.3000000000000E+03; 1.0000000000000E+01; 1.0000000000000E+01; 1.0000000000000E+01; 0.0000000000000E+00; 1.0000000000000E+01; 1.0000000000000E+01
 1.7878387100000E+09; 1.0000000000000E+00; 1.0000000000000E+00; 1.2341865500000E+01; 2.0016264800000E+02; 1.8782078250000E+02; 9.0000000000000E+01; 5.0000000000000E+01; 4.0000000000000E+01; 6.2235000000000E-06; 2.0000000000000E+01; 1.3000000000000E-05; 3.9000000000000E+01; 0.0000000000000E+00;-3.6308690905571E-01; 1.3900000000000E+02; 1.0000000000000E+00;-1.0790000000000E+01;-1.4840000000000E+01; 2.9564650000000E+02; 2.9426500000000E+02; 2.0000000000000E+00; 2.0000000000000E+00; 2.0000000000000E+00; 2.0000000000000E+00; 1.0000000000000E+02; 1.0000000000000E+01; 1.0000000000000E+01; 1.0000000000000E+01;                 NAN; 3.1708499517092E+02;-3.4705068762523E-02; 5.8616376087488E+01;-2.3235893116173E+00; 4.2857142857143E-07;                 NAN;                 NAN; 1.3000000000000E+03; 1.0000000000000E+01; 1.0000000000000E+01; 1.0000000000000E+01; 0.0000000000000E+00; 1.0000000000000E+01; 1.0000000000000E+01
 1.7878387120000E+09; 1.0000000000000E+00; 1.0000000000000E+00; 1.2340852000000E+01; 2.0016312000000E+02; 1.8782226800000E+02; 9.0000000000000E+01; 4.0000000000000E+01; 5.0000000000000E+01; 6.1523809523810E-06; 2.1000000000000E+01; 1.3000000000000E-05; 4.0000000000000E+01; 0.0000000000000E+00;-4.4855192303658E-01; 1.3800000000000E+02; 1.0000000000000E+00;-1.0790000000000E+01;-1.4840000000000E+01; 2.9558650000000E+02; 2.9426700000000E+02; 2.0000000000000E+00; 2.0000000000000E+00; 2.0000000000000E+00; 1.0000000000000E+00; 1.0000000000000E+02; 1.0000000000000E+01; 1.0000000000000E+01; 1.0000000000000E+01;                 NAN; 7.8063544539899E+01;-3.2784606199060E+00; 5.9139223879264E+01;-1.6239098662456E+00; 1.0000000000000E-06;                 NAN;                 NAN; 1.4000000000000E+03; 1.0000000000000E+01; 1.0000000000000E+01; 1.0000000000000E+01; 0.0000000000000E+00; 1.0000000000000E+01; 1.0000000000000E+01
 1.7878387140000E+09; 1.0000000000000E+00; 1.0000000000000E+00; 1.2340947500000E+01; 2.0016361250000E+02; 1.8782266500000E+02; 8.0000000000000E+01; 4.0000000000000E+01; 4.0000000000000E+01; 6.1140000000000E-06; 2.0000000000000E+01; 1.3000000000000E-05; 3.9000000000000E+01; 0.0000000000000E+00;-4.3511083722115E-01; 1.3800000000000E+02; 1.0000000000000E+00;-1.0790000000000E+01;-1.4840000000000E+01; 2.9552900000000E+02; 2.9426900000000E+02; 2.0000000000000E+00; 2.0000000000000E+00; 2.0000000000000E+00; 2.0000000000000E+00; 1.0000000000000E+02; 1.0000000000000E+01; 1.0000000000000E+01; 1.0000000000000E+01;                 NAN; 2.6439770898048E+02; 4.9399717270877E+00; 6.6104762736747E+01; 2.0807986490538E+00; 8.3333333333333E-07;                 NAN;                 NAN; 1.3000000000000E+03; 1.0000000000000E+01; 1.0000000000000E+01; 1.0000000000000E+01; 0.0000000000000E+00; 1.0000000000000E+01; 1.0000000000000E+01
 1.7878387160000E+09; 1.0000000000000E+00; 1.0000000000000E+00; 1.2341615000000E+01; 2.0016433000000E+02; 1.8782271500000E+02; 9.0000000000000E+01; 5.0000000000000E+01; 4.0000000000000E+01; 6.1050000000000E-06; 2.0000000000000E+01; 1.3000000000000E-05; 4.0000000000000E+01; 0.0000000000000E+00;-2.8791823983192E-01; 1.3800000000000E+02; 1.0000000000000E+00;-1.0790000000000E+01;-1.4840000000000E+01; 2.9548400000000E+02; 2.9426850000000E+02; 2.0000000000000E+00; 2.0000000000000E+00; 1.0000000000000E+00; 2.0000000000000E+00; 1.0000000000000E+02; 1.0000000000000E+01; 1.0000000000000E+01; 1.0000000000000E+01;                 NAN; 2.0827692357901E+02; 2.0339004874886E+00; 6.1938295683126E+01;-7.4479864678472E-01; 6.2500000000000E-07;                 NAN;                 NAN; 1.3000000000000E+03; 1.0000000000000E+01; 1.0000000000000E+01; 1.0000000000000E+01; 0.0000000000000E+00; 1.0000000000000E+01; 1.0000000000000E+01
 1.7878387180000E+09; 1.0000000000000E+00; 1.0000000000000E+00; 1.2341315000000E+01; 2.0016475250000E+02; 1.8782343750000E+02; 8.0000000000000E+01; 4.0000000000000E+01; 4.0000000000000E+01; 6.0728571428571E-06; 2.1000000000000E+01; 1.3000000000000E-05; 3.8000000000000E+01; 0.0000000000000E+00;-5.0566387176514E-01; 1.3500000000000E+02; 1.0000000000000E+00;-1.0790000000000E+01;-1.4840000000000E+01; 2.9544050000000E+02; 2.9427050000000E+02; 2.0000000000000E+00; 2.0000000000000E+00; 2.0000000000000E+00; 2.0000000000000E+00; 1.0000000000000E+02; 1.0000000000000E+01; 1.0000000000000E+01; 1.0000000000000E+01;                 NAN;-3.7807616106631E+02;-5.6976896275753E+00; 7.0022700103921E+01;-1.7594418160921E+00; 1.3333333333333E-06;                 NAN;                 NAN; 1.3000000000000E+03; 1.0000000000000E+01; 1.0000000000000E+01; 1.0000000000000E+01; 0.0000000000000E+00; 1.0000000000000E+01; 1.0000000000000E+01
 1.7878387200000E+09; 1.0000000000000E+00; 1.0000000000000E+00; 1.2340975500000E+01; 2.0016534750000E+02; 1.8782437200000E+02; 9.0000000000000E+01; 4.0000000000000E+01; 5.0000000000000E+01; 6.0230000000000E-06; 2.0000000000000E+01; 1.3000000000000E-05; 4.0000000000000E+01; 0.0000000000000E+00;-3.5852199792862E-01; 1.3800000000000E+02; 1.0000000000000E+00;-1.0790000000000E+01;-1.4840000000000E+01; 2.9537900000000E+02; 2.9427300000000E+02; 2.0000000000000E+00; 1.0000000000000E+00; 2.0000000000000E+00; 2.0000000000000E+00; 1.0000000000000E+02; 1.0000000000000E+01; 1.0000000000000E+01; 1.0000000000000E+01;                 NAN;-2.7104490992898E+02;-5.9750112777505E+00; 5.1680466567298E+01;-3.9031313210869E+00; 1.2500000000000E-06;                 NAN;                 NAN; 1.3000000000000E+03; 1.0000000000000E+01; 1.0000000000000E+01; 1.0000000000000E+01; 0.0000000000000E+00; 1.0000000000000E+01; 1.0000000000000E+01
 1.7878387220000E+09; 1.0000000000000E+00; 1.0000000000000E+00; 1.2340160000000E+01; 2.0016558250000E+02; 1.8782542250000E+02; 8.0000000000000E+01; 4.0000000000000E+01; 4.0000000000000E+01; 6.0780000000000E-06; 2.0000000000000E+01; 1.3000000000000E-05; 3.9000000000000E+01; 0.0000000000000E+00;-3.9714610576630E-01; 1.3800000000000E+02; 1.0000000000000E+00;-1.0790000000000E+01;-1.4840000000000E+01; 2.9531800000000E+02; 2.9427100000000E+02; 2.0000000000000E+00; 2.0000000000000E+00; 2.0000000000000E+00; 2.0000000000000E+00; 1.0000000000000E+02; 1.0000000000000E+01; 1.0000000000000E+01; 1.0000000000000E+01;                 NAN; 4.8357064742918E+01;-4.0225774559110E+00; 5.5166172445045E+01;-5.4310132666142E+00; 1.5000000000000E-06;                 NAN;                 NAN; 1.3000000000000E+03; 1.0000000000000E+01; 1.0000000000000E+01; 1.0000000000000E+01; 0.0000000000000E+00; 1.0000000000000E+01; 1.0000000000000E+01
 1.7878387240000E+09; 1.0000000000000E+00; 1.0000000000000E+00; 1.2340123500000E+01; 2.0016629600000E+02; 1.8782617250000E+02; 9.0000000000000E+01; 5.0000000000000E+01; 4.0000000000000E+01; 6.0395000000000E-06; 2.0000000000000E+01; 1.3000000000000E-05; 3.9000000000000E+01; 0.0000000000000E+00;-4.3749472498894E-01; 1.3800000000000E+02; 1.0000000000000E+00;-1.0790000000000E+01;-1.4840000000000E+01; 2.9525650000000E+02; 2.9427650000000E+02; 2.0000000000000E+00; 2.0000000000000E+00; 2.0000000000000E+00; 2.0000000000000E+00; 1.0000000000000E+02; 1.0000000000000E+01; 1.0000000000000E+01; 1.0000000000000E+01;                 NAN; 9.4593498761723E+02;-3.6231810528965E-01; 6.7356354415788E+01;-3.1536057068040E+00; 1.2857142857143E-06;                 NAN;                 NAN; 1.3000000000000E+03; 1.0000000000000E+01; 1.0000000000000E+01; 1.0000000000000E+01; 0.0000000000000E+00; 1.0000000000000E+01; 1.0000000000000E+01
 1.7878387260000E+09; 1.0000000000000E+00; 1.0000000000000E+00; 1.2341401000000E+01; 2.0016682500000E+02; 1.8782542400000E+02; 9.0000000000000E+01; 4.0000000000000E+01; 5.0000000000000E+01; 6.0938095238095E-06; 2.1000000000000E+01; 1.3000000000000E-05; 4.0000000000000E+01; 0.0000000000000E+00;-4.6054747700691E-01; 1.3700000000000E+02; 1.0000000000000E+00;-1.0790000000000E+01;-1.4840000000000E+01; 2.9520000000000E+02; 2.9427250000000E+02; 1.0000000000000E+00; 2.0000000000000E+00; 2.0000000000000E+00; 2.0000000000000E+00; 1.0000000000000E+02; 1.0000000000000E+01; 1.0000000000000E+01; 1.0000000000000E+01;                 NAN;-1.4618410650719E+02;-7.8579611064172E-01; 6.0718464508728E+01;-2.6880576713861E-01; 1.1428571428571E-06;                 NAN;                 NAN; 1.3000000000000E+03; 1.0000000000000E+01; 1.0000000000000E+01; 1.0000000000000E+01; 0.0000000000000E+00; 1.0000000000000E+01; 1.0000000000000E+01
 1.7878387280000E+09; 1.0000000000000E+00; 1.0000000000000E+00; 1.2342690000000E+01; 2.0016760000000E+02; 1.8782491000000E+02; 3.0000000000000E+01; 2.0000000000000E+01; 1.0000000000000E+01; 6.0839285714286E-06; 2.8000000000000E+01; 1.3000000000000E-05; 1.4000000000000E+01; 0.0000000000000E+00;-4.5953303575516E-01; 4.1000000000000E+01; 1.0000000000000E+00;-1.0790000000000E+01;-1.4840000000000E+01; 2.9515400000000E+02;                 NAN; 1.0000000000000E+00; 1.0000000000000E+00; 1.0000000000000E+00; 0.0000000000000E+00; 1.0000000000000E+02; 1.0000000000000E+01; 1.0000000000000E+01; 1.0000000000000E+01;                 NAN;-4.4143868879225E+01;-5.7173608653441E+00; 5.1932293370680E+01; 1.0050351277258E+00; 1.0000000000000E-06;                 NAN;                 NAN; 4.0000000000000E+02; 1.0000000000000E+01; 1.0000000000000E+01; 1.0000000000000E+01; 0.0000000000000E+00; 1.0000000000000E+01; 1.0000000000000E+01
 1.7878387300000E+09;                 NAN; 1.0000000000000E+00; 1.2341560000000E+01; 2.0016729000000E+02; 1.8782573000000E+02; 2.0000000000000E+01; 1.0000000000000E+01; 1.0000000000000E+01; 6.0658333333333E-06; 1.2000000000000E+01; 1.3000000000000E-05; 4.0000000000000E+00; 0.0000000000000E+00;-4.1182985901833E-01; 1.0000000000000E+01; 1.0000000000000E+00;                 NAN;                 NAN;                 NAN; 2.9427800000000E+02; 0.0000000000000E+00; 0.0000000000000E+00; 0.0000000000000E+00; 1.0000000000000E+00;                 NAN; 1.0000000000000E+01; 1.0000000000000E+01; 1.0000000000000E+01;                 NAN; 3.9638828371860E+01;-7.6765936198633E-01;                 NAN;                 NAN; 1.0000000000000E-06;                 NAN;                 NAN; 0.0000000000000E+00; 1.0000000000000E+01; 1.0000000000000E+01; 1.0000000000000E+01; 0.0000000000000E+00; 1.0000000000000E+01; 1.0000000000000E+01
 1.7878387320000E+09; 1.0000000000000E+00; 1.0000000000000E+00; 1.2343553333333E+01; 2.0016825666667E+02; 1.8782470333333E+02; 6.0000000000000E+01; 3.0000000000000E+01; 3.0000000000000E+01; 6.1304761904762E-06; 2.1000000000000E+01; 1.3000000000000E-05; 2.2000000000000E+01; 0.0000000000000E+00;-3.9641064405441E-01; 7.4000000000000E+01; 1.0000000000000E+00;-1.0790000000000E+01;-1.4840000000000E+01; 2.9501700000000E+02; 2.9427800000000E+02; 1.0000000000000E+00; 1.0000000000000E+00; 1.0000000000000E+00; 1.0000000000000E+00; 1.0000000000000E+02; 1.0000000000000E+01; 1.0000000000000E+01; 1.0000000000000E+01;                 NAN; 6.7061962985920E+01; 2.0852327264341E+00; 6.3802531855407E+01;-5.5762347689592E+00; 1.2500000000000E-06;                 NAN;                 NAN; 6.0000000000000E+02; 1.0000000000000E+01; 1.0000000000000E+01; 1.0000000000000E+01; 0.0000000000000E+00; 1.0000000000000E+01; 1.0000000000000E+01
 1.7878387340000E+09; 1.0000000000000E+00; 1.0000000000000E+00; 1.2344496666667E+01; 2.0017030000000E+02; 1.8782580333333E+02; 5.0000000000000E+01; 2.0000000000000E+01; 3.0000000000000E+01; 6.1890000000000E-06; 2.0000000000000E+01; 1.3000000000000E-05; 2.2000000000000E+01; 0.0000000000000E+00;-4.0904021263123E-01; 7.3000000000000E+01; 1.0000000000000E+00;-1.0790000000000E+01;-1.4840000000000E+01; 2.9496400000000E+02; 2.9427900000000E+02; 1.0000000000000E+00; 1.0000000000000E+00; 1.0000000000000E+00; 1.0000000000000E+00; 1.0000000000000E+02; 1.0000000000000E+01; 1.0000000000000E+01; 1.0000000000000E+01;                 NAN; 2.0856982581852E+02;-3.3463621373325E-01; 4.5667445281519E+01;-5.0992156165512E+00; 1.0000000000000E-06;                 NAN;                 NAN; 6.0000000000000E+02; 1.0000000000000E+01; 1.0000000000000E+01; 1.0000000000000E+01; 0.0000000000000E+00; 1.0000000000000E+01; 1.0000000000000E+01
 1.7878387360000E+09; 1.0000000000000E+00; 1.0000000000000E+00; 1.2345016666667E+01; 2.0017095666667E+02; 1.8782594000000E+02; 5.0000000000000E+01; 3.0000000000000E+01; 2.0000000000000E+01; 6.1400000000000E-06; 2.0000000000000E+01; 1.3000000000000E-05; 2.2000000000000E+01; 0.0000000000000E+00;-4.5902583003044E-01; 7.6000000000000E+01; 1.0000000000000E+00;-1.0790000000000E+01;-1.4840000000000E+01; 2.9491000000000E+02; 2.9427600000000E+02; 1.0000000000000E+00; 1.0000000000000E+00; 1.0000000000000E+00; 1.0000000000000E+00; 1.0000000000000E+02; 1.0000000000000E+01; 1.0000000000000E+01; 1.0000000000000E+01;                 NAN;-9.9249075137925E+00;-1.3028556225227E-01; 5.1239862792404E+01;-3.9241969303405E+00; 0.0000000000000E+00;                 NAN;                 NAN; 5.0000000000000E+02; 1.0000000000000E+01; 1.0000000000000E+01; 1.0000000000000E+01; 0.0000000000000E+00; 1.0000000000000E+01; 1.0000000000000E+01
 1.7878387380000E+09; 1.0000000000000E+00; 1.0000000000000E+00; 1.2344740000000E+01; 2.0017123333333E+02; 1.8782649333333E+02; 6.0000000000000E+01; 3.0000000000000E+01; 3.0000000000000E+01; 6.0550000000000E-06; 2.0000000000000E+01; 1.3000000000000E-05; 2.3000000000000E+01; 0.0000000000000E+00;-3.8816848397255E-01; 7.5000000000000E+01; 1.0000000000000E+00;-1.0790000000000E+01;-1.4840000000000E+01; 2.9485500000000E+02; 2.9428100000000E+02; 1.0000000000000E+00; 1.0000000000000E+00; 1.0000000000000E+00; 1.0000000000000E+00; 1.0000000000000E+02; 1.0000000000000E+01; 1.0000000000000E+01; 1.0000000000000E+01;                 NAN; 1.8113576985761E+02;-2.4717589157807E+00; 5.4499810827677E+01;-3.0918043621703E+00;-2.5000000000000E-07;                 NAN;                 NAN; 6.0000000000000E+02; 1.0000000000000E+01; 1.0000000000000E+01; 1.0000000000000E+01; 0.0000000000000E+00; 1.0000000000000E+01; 1.0000000000000E+01
 1.7878387400000E+09; 1.0000000000000E+00; 1.0000000000000E+00; 1.2344830000000E+01; 2.0017190500000E+02; 1.8782707500000E+02; 4.0000000000000E+01; 2.0000000000000E+01; 2.0000000000000E+01; 5.9890476190476E-06; 2.1000000000000E+01; 1.3000000000000E-05; 2.1000000000000E+01; 0.0000000000000E+00;-4.8436102271080E-01; 7.4000000000000E+01; 1.0000000000000E+00;-1.0790000000000E+01;-1.4840000000000E+01; 2.9479900000000E+02; 2.9428100000000E+02; 1.0000000000000E+00; 1.0000000000000E+00; 1.0000000000000E+00; 1.0000000000000E+00; 1.0000000000000E+02; 1.0000000000000E+01; 1.0000000000000E+01; 1.0000000000000E+01;                 NAN; 2.4841414857374E+02; 2.5577498357382E+00; 5.6383632802453E+01;-2.7632461142149E+00;-5.0000000000000E-07;                 NAN;                 NAN; 5.0000000000000E+02; 1.0000000000000E+01; 1.0000000000000E+01; 1.0000000000000E+01; 0.0000000000000E+00; 1.0000000000000E+01; 1.0000000000000E+01
 1.7878387420000E+09; 1.0000000000000E+00; 1.0000000000000E+00; 1.2344348333333E+01; 2.0017252500000E+02; 1.8782817666667E+02; 5.0000000000000E+01; 2.0000000000000E+01; 3.0000000000000E+01; 5.9450000000000E-06; 2.0000000000000E+01; 1.3000000000000E-05; 2.2000000000000E+01; 0.0000000000000E+00;-3.6230072379112E-01; 7.1000000000000E+01; 1.0000000000000E+00;-1.0790000000000E+01;-1.4840000000000E+01; 2.9474500000000E+02; 2.9428100000000E+02; 1.0000000000000E+00; 1.0000000000000E+00; 1.0000000000000E+00; 1.0000000000000E+00; 1.0000000000000E+02; 1.0000000000000E+01; 1.0000000000000E+01; 1.0000000000000E+01;                 NAN; 5.7422000445760E+00;-1.0154168879315E+00; 6.1527402812501E+01;-3.6114569880861E+00;-2.5000000000000E-07;                 NAN;                 NAN; 5.0000000000000E+02; 1.0000000000000E+01; 1.0000000000000E+01; 1.0000000000000E+01; 0.0000000000000E+00; 1.0000000000000E+01; 1.0000000000000E+01
 1.7878387440000E+09;                 NAN; 1.0000000000000E+00;                 NAN;                 NAN;                 NAN; 0.0000000000000E+00; 0.0000000000000E+00; 0.0000000000000E+00; 5.9604761904762E-06; 2.1000000000000E+01; 1.3000000000000E-05; 2.0000000000000E+00; 0.0000000000000E+00;-4.2798453569412E-01; 1.0000000000000E+00; 1.0000000000000E+00;                 NAN;                 NAN;                 NAN;                 NAN; 0.0000000000000E+00; 0.0000000000000E+00; 0.0000000000000E+00; 0.0000000000000E+00;                 NAN; 1.0000000000000E+01; 1.0000000000000E+01; 1.0000000000000E+01;                 NAN; 4.6281728110189E+02;-4.9042724475749E+00;                 NAN;                 NAN;                 NAN;                 NAN;                 NAN; 0.0000000000000E+00; 1.0000000000000E+01; 1.0000000000000E+01; 1.0000000000000E+01; 0.0000000000000E+00; 1.0000000000000E+01; 1.0000000000000E+01
 1.7878387460000E+09; 1.0000000000000E+00; 1.0000000000000E+00; 1.2344510000000E+01; 2.0017313000000E+02; 1.8782862000000E+02; 6.0000000000000E+01; 3.0000000000000E+01; 3.0000000000000E+01; 6.0684210526316E-06; 1.9000000000000E+01; 1.3000000000000E-05; 1.6000000000000E+01; 0.0000000000000E+00;-4.3754544854164E-01; 5.4000000000000E+01; 1.0000000000000E+00;-5.7574690207424E+00;-1.4840000000000E+01; 2.9463500000000E+02;                 NAN; 1.0000000000000E+00; 1.0000000000000E+00; 1.0000000000000E+00; 0.0000000000000E+00; 1.0000000000000E+02; 1.0000000000000E+01; 1.0000000000000E+01; 1.0000000000000E+01;                 NAN;-1.7000385612845E+02;-4.1932490846949E+00; 6.6028201571293E+01;-1.2098775054406E+00; 0.0000000000000E+00;                 NAN;                 NAN; 4.0000000000000E+02; 1.0000000000000E+01; 1.0000000000000E+01; 1.0000000000000E+01; 0.0000000000000E+00; 1.0000000000000E+01; 1.0000000000000E+01
 1.7878387480000E+09; 1.0000000000000E+00; 1.0000000000000E+00; 1.2345145000000E+01; 2.0017346000000E+02; 1.8782831500000E+02; 4.0000000000000E+01; 2.0000000000000E+01; 2.0000000000000E+01; 6.0280952380952E-06; 2.1000000000000E+01; 1.3000000000000E-05; 2.2000000000000E+01; 0.0000000000000E+00;-3.6465924978256E-01; 7.5000000000000E+01; 1.0000000000000E+00;-1.0790000000000E+01;-1.4840000000000E+01; 2.9458300000000E+02; 2.9428450000000E+02; 1.0000000000000E+00; 1.0000000000000E+00; 1.0000000000000E+00; 2.0000000000000E+00; 1.0000000000000E+02; 1.0000000000000E+01; 1.0000000000000E+01; 1.0000000000000E+01;                 NAN; 6.1591925305690E+02; 2.0039529903328E+00; 5.6581470110531E+01;-3.6685018355819E+00; 0.0000000000000E+00;                 NAN;                 NAN; 5.0000000000000E+02; 1.0000000000000E+01; 1.0000000000000E+01; 1.0000000000000E+01; 0.0000000000000E+00; 1.0000000000000E+01; 1.0000000000000E+01
 1.7878387500000E+09; 1.0000000000000E+00; 1.0000000000000E+00; 1.2343846666667E+01; 2.0017419000000E+02; 1.8783034333333E+02; 5.0000000000000E+01; 2.0000000000000E+01; 3.0000000000000E+01; 6.0390000000000E-06; 2.0000000000000E+01; 1.3000000000000E-05; 2.2000000000000E+01; 0.0000000000000E+00;-3.9258119463921E-01; 7.3000000000000E+01; 1.0000000000000E+00;-1.0790000000000E+01;-1.4840000000000E+01; 2.9453300000000E+02; 2.9428700000000E+02; 1.0000000000000E+00; 1.0000000000000E+00; 1.0000000000000E+00; 1.0000000000000E+00; 1.0000000000000E+02; 1.0000000000000E+01; 1.0000000000000E+01; 1.0000000000000E+01;                 NAN;-1.4265851740374E+02; 1.8572085203633E+00; 6.1329565504422E+01;-2.2863898503868E+00; 0.0000000000000E+00;                 NAN;                 NAN; 5.0000000000000E+02; 1.0000000000000E+01; 1.0000000000000E+01; 1.0000000000000E+01; 0.0000000000000E+00; 1.0000000000000E+01; 1.0000000000000E+01
 1.7878387520000E+09; 1.0000000000000E+00; 1.0000000000000E+00; 1.2342966666667E+01; 2.0017448000000E+02; 1.8783151333333E+02; 6.0000000000000E+01; 3.0000000000000E+01; 3.0000000000000E+01; 6.0540000000000E-06; 2.0000000000000E+01; 1.3000000000000E-05; 2.2000000000000E+01; 0.0000000000000E+00;-3.6425349116325E-01; 7.5000000000000E+01; 1.0000000000000E+00;-1.0790000000000E+01;-1.4840000000000E+01; 2.9447800000000E+02; 2.9428700000000E+02; 1.0000000000000E+00; 1.0000000000000E+00; 1.0000000000000E+00; 1.0000000000000E+00; 1.0000000000000E+02; 1.0000000000000E+01; 1.0000000000000E+01; 1.0000000000000E+01;                 NAN; 1.8023354556509E+01;-1.5187124184582E+00; 5.6400145475939E+01;-4.2047785431360E+00; 0.0000000000000E+00;                 NAN;                 NAN; 6.0000000000000E+02; 1.0000000000000E+01; 1.0000000000000E+01; 1.0000000000000E+01; 0.0000000000000E+00; 1.0000000000000E+01; 1.0000000000000E+01
 1.7878387540000E+09; 1.0000000000000E+00; 1.0000000000000E+00; 1.2343843333333E+01; 2.0017458333333E+02; 1.8783074000000E+02; 5.0000000000000E+01; 3.0000000000000E+01; 2.0000000000000E+01; 6.0333333333333E-06; 2.1000000000000E+01; 1.3000000000000E-05; 2.2000000000000E+01; 0.0000000000000E+00;-4.2983585596085E-01; 7.5000000000000E+01; 1.0000000000000E+00;-1.0790000000000E+01;-1.4840000000000E+01; 2.9442900000000E+02; 2.9429100000000E+02; 1.0000000000000E+00; 1.0000000000000E+00; 1.0000000000000E+00; 1.0000000000000E+00; 1.0000000000000E+02; 1.0000000000000E+01; 1.0000000000000E+01; 1.0000000000000E+01;                 NAN;-4.6176564632276E+01;-4.0977665592782E+00; 6.8847383211416E+01;-2.1385616157584E+00; 0.0000000000000E+00;                 NAN;                 NAN; 5.0000000000000E+02; 1.0000000000000E+01; 1.0000000000000E+01; 1.0000000000000E+01; 0.0000000000000E+00; 1.0000000000000E+01; 1.0000000000000E+01
 1.7878387560000E+09; 1.0000000000000E+00; 1.0000000000000E+00; 1.2342918333333E+01; 2.0017520333333E+02; 1.8783228500000E+02; 5.0000000000000E+01; 3.0000000000000E+01; 2.0000000000000E+01; 6.0765000000000E-06; 2.0000000000000E+01; 1.3000000000000E-05; 2.2000000000000E+01; 0.0000000000000E+00;-3.4312814474106E-01; 7.5000000000000E+01; 1.0000000000000E+00;-1.0790000000000E+01;-1.4840000000000E+01; 2.9437400000000E+02; 2.9428900000000E+02; 1.0000000000000E+00; 1.0000000000000E+00; 1.0000000000000E+00; 1.0000000000000E+00; 1.0000000000000E+02; 1.0000000000000E+01; 1.0000000000000E+01; 1.0000000000000E+01;                 NAN;-1.2005333254299E+02;-4.6379340480567E+00; 6.4956582819200E+01;-4.6185248645637E+00; 0.0000000000000E+00;                 NAN;                 NAN; 6.0000000000000E+02; 1.0000000000000E+01; 1.0000000000000E+01; 1.0000000000000E+01; 0.0000000000000E+00; 1.0000000000000E+01; 1.0000000000000E+01
 1.7878387580000E+09; 1.0000000000000E+00; 1.0000000000000E+00; 1.2342491666667E+01; 2.0017589500000E+02; 1.8783340333333E+02; 5.0000000000000E+01; 2.0000000000000E+01; 3.0000000000000E+01; 6.1130000000000E-06; 2.0000000000000E+01; 1.3000000000000E-05; 2.1000000000000E+01; 0.0000000000000E+00;-5.1504725217819E-01; 7.1000000000000E+01; 1.0000000000000E+00;-1.0790000000000E+01;-1.4840000000000E+01; 2.9431900000000E+02; 2.9429200000000E+02; 1.0000000000000E+00; 1.0000000000000E+00; 1.0000000000000E+00; 1.0000000000000E+00; 1.0000000000000E+02; 1.0000000000000E+01; 1.0000000000000E+01; 1.0000000000000E+01;                 NAN; 3.0277766664202E+02; 7.6291988290488E-01; 7.4782502453779E+01;-4.5016967088796E+00; 2.5000000000000E-07;                 NAN;                 NAN; 5.0000000000000E+02; 1.0000000000000E+01; 1.0000000000000E+01; 1.0000000000000E+01; 0.0000000000000E+00; 1.0000000000000E+01; 1.0000000000000E+01
 1.7878387600000E+09; 1.0000000000000E+00; 1.0000000000000E+00; 1.2345883333333E+01; 2.0017610333333E+02; 1.8783022000000E+02; 5.0000000000000E+01; 3.0000000000000E+01; 2.0000000000000E+01; 6.0765000000000E-06; 2.0000000000000E+01; 1.3000000000000E-05; 2.2000000000000E+01; 0.0000000000000E+00;-4.5621082186699E-01; 7.2000000000000E+01; 1.0000000000000E+00;-1.0790000000000E+01;-1.4840000000000E+01; 2.9426600000000E+02; 2.9429300000000E+02; 1.0000000000000E+00; 1.0000000000000E+00; 1.0000000000000E+00; 1.0000000000000E+00; 1.0000000000000E+02; 1.0000000000000E+01; 1.0000000000000E+01; 1.0000000000000E+01;                 NAN; 3.8697154063450E+02; 3.9245031805184E+00; 4.9459327019695E+01;-6.2665897482901E+00; 7.5000000000000E-07;                 NAN;                 NAN; 5.0000000000000E+02; 1.0000000000000E+01; 1.0000000000000E+01; 1.0000000000000E+01; 0.0000000000000E+00; 1.0000000000000E+01; 1.0000000000000E+01
 1.7878387620000E+09; 1.0000000000000E+00; 1.0000000000000E+00; 1.2344255000000E+01; 2.0017659000000E+02; 1.8783233500000E+02; 5.0000000000000E+01; 3.0000000000000E+01; 2.0000000000000E+01; 6.1000000000000E-06; 2.1000000000000E+01; 1.3000000000000E-05; 2.1000000000000E+01; 0.0000000000000E+00;-3.6328977346420E-01; 7.1000000000000E+01; 1.0000000000000E+00;-1.0790000000000E+01;-1.4840000000000E+01; 2.9421700000000E+02; 2.9429600000000E+02; 1.0000000000000E+00; 1.0000000000000E+00; 1.0000000000000E+00; 1.0000000000000E+00; 1.0000000000000E+02; 1.0000000000000E+01; 1.0000000000000E+01; 1.0000000000000E+01;                 NAN;-2.3404674168064E+02;-5.0307336389573E-01; 6.7099820323387E+01;-2.0048114584067E+00; 1.0000000000000E-06;                 NAN;                 NAN; 6.0000000000000E+02; 1.0000000000000E+01; 1.0000000000000E+01; 1.0000000000000E+01; 0.0000000000000E+00; 1.0000000000000E+01; 1.0000000000000E+01
 1.7878387640000E+09; 1.0000000000000E+00; 1.0000000000000E+00; 1.2343515000000E+01; 2.0017688500000E+02; 1.8783337000000E+02; 5.0000000000000E+01; 2.0000000000000E+01; 3.0000000000000E+01; 6.1265000000000E-06; 2.0000000000000E+01; 1.3000000000000E-05; 2.3000000000000E+01; 0.0000000000000E+00;-4.1259068250656E-01; 7.3000000000000E+01; 1.0000000000000E+00;-1.0790000000000E+01;-1.4840000000000E+01; 2.9416200000000E+02; 2.9429900000000E+02; 1.0000000000000E+00; 1.0000000000000E+00; 1.0000000000000E+00; 1.0000000000000E+00; 1.0000000000000E+02; 1.0000000000000E+01; 1.0000000000000E+01; 1.0000000000000E+01;                 NAN;-2.9287518857284E+02;-2.1905218056826E+00; 5.4013107272684E+01;-8.0545105284221E-01; 0.0000000000000E+00;                 NAN;                 NAN; 5.0000000000000E+02; 1.0000000000000E+01; 1.0000000000000E+01; 1.0000000000000E+01; 0.0000000000000E+00; 1.0000000000000E+01; 1.0000000000000E+01
 1.7878387660000E+09; 1.0000000000000E+00; 1.0000000000000E+00; 1.2345285000000E+01; 2.0017755500000E+02; 1.8783227000000E+02; 5.0000000000000E+01; 2.0000000000000E+01; 3.0000000000000E+01; 6.1525000000000E-06; 2.0000000000000E+01; 1.3000000000000E-05; 2.1000000000000E+01; 0.0000000000000E+00;-3.5134497284889E-01; 7.4000000000000E+01; 1.0000000000000E+00;-1.0790000000000E+01;-1.4840000000000E+01; 2.9411100000000E+02; 2.9429700000000E+02; 1.0000000000000E+00; 1.0000000000000E+00; 1.0000000000000E+00; 1.0000000000000E+00; 1.0000000000000E+02; 1.0000000000000E+01; 1.0000000000000E+01; 1.0000000000000E+01;                 NAN; 2.5748928488286E+02;-2.9331627775769E-01; 6.3151077667080E+01;-7.8485555297085E-01; 5.0000000000000E-07;                 NAN;                 NAN; 5.0000000000000E+02; 1.0000000000000E+01; 1.0000000000000E+01; 1.0000000000000E+01; 0.0000000000000E+00; 1.0000000000000E+01; 1.0000000000000E+01
 1.7878387680000E+09; 1.0000000000000E+00; 1.0000000000000E+00; 1.2343686666667E+01; 2.0017823000000E+02; 1.8783454333333E+02; 5.0000000000000E+01; 2.0000000000000E+01; 3.0000000000000E+01; 6.0890476190476E-06; 2.1000000000000E+01; 1.3000000000000E-05; 2.2000000000000E+01; 0.0000000000000E+00;-3.6623159050941E-01; 7.1000000000000E+01; 1.0000000000000E+00;-1.0790000000000E+01;-1.4840000000000E+01; 2.9406100000000E+02; 2.9430100000000E+02; 1.0000000000000E+00; 1.0000000000000E+00; 1.0000000000000E+00; 1.0000000000000E+00; 1.0000000000000E+02; 1.0000000000000E+01; 1.0000000000000E+01; 1.0000000000000E+01;                 NAN; 9.8810358636134E+01; 2.2020282255729E+00; 6.4150455787412E+01;-2.4003246478737E+00; 6.0000000000000E-07;                 NAN;                 NAN; 5.0000000000000E+02; 1.0000000000000E+01; 1.0000000000000E+01; 1.0000000000000E+01; 0.0000000000000E+00; 1.0000000000000E+01; 1.0000000000000E+01
 1.7878387700000E+09; 1.0000000000000E+00; 1.0000000000000E+00; 1.2342710000000E+01; 2.0017866000000E+02; 1.8783595000000E+02; 5.0000000000000E+01; 3.0000000000000E+01; 2.0000000000000E+01; 6.0270000000000E-06; 2.0000000000000E+01; 1.3000000000000E-05; 2.2000000000000E+01; 0.0000000000000E+00;-3.9321520924568E-01; 7.6000000000000E+01; 1.0000000000000E+00;-1.0790000000000E+01;-1.4840000000000E+01; 2.9401100000000E+02; 2.9430300000000E+02; 1.0000000000000E+00; 1.0000000000000E+00; 1.0000000000000E+00; 1.0000000000000E+00; 1.0000000000000E+02; 1.0000000000000E+01; 1.0000000000000E+01; 1.0000000000000E+01;                 NAN;-1.8280142814041E+02;-8.0581682387847E+00; 6.2978209738412E+01;-1.7688592138625E+00; 1.0000000000000E-06;                 NAN;                 NAN; 6.0000000000000E+02; 1.0000000000000E+01; 1.0000000000000E+01; 1.0000000000000E+01; 0.0000000000000E+00; 1.0000000000000E+01; 1.0000000000000E+01
 1.7878387720000E+09; 1.0000000000000E+00; 1.0000000000000E+00; 1.2344366666667E+01; 2.0017880000000E+02; 1.8783443333333E+02; 5.0000000000000E+01; 2.0000000000000E+01; 3.0000000000000E+01; 6.0975000000000E-06; 2.0000000000000E+01; 1.3000000000000E-05; 2.2000000000000E+01; 0.0000000000000E+00;-3.1690534949303E-01; 7.5000000000000E+01; 1.0000000000000E+00;-5.7249917204646E+00;-1.4840000000000E+01; 2.9395500000000E+02; 2.9430200000000E+02; 1.0000000000000E+00; 1.0000000000000E+00; 1.0000000000000E+00; 1.0000000000000E+00; 1.0000000000000E+02; 1.0000000000000E+01; 1.0000000000000E+01; 1.0000000000000E+01;                 NAN;-5.6944399309144E+01;-2.5553273062152E+00; 6.7671645502741E+01; 1.1385615151754E+00; 1.2500000000000E-06;                 NAN;                 NAN; 5.0000000000000E+02; 1.0000000000000E+01; 1.0000000000000E+01; 1.0000000000000E+01; 0.0000000000000E+00; 1.0000000000000E+01; 1.0000000000000E+01
 1.7878387740000E+09; 1.0000000000000E+00; 1.0000000000000E+00; 1.2343678333333E+01; 2.0017921333333E+02; 1.8783553500000E+02; 5.0000000000000E+01; 3.0000000000000E+01; 2.0000000000000E+01; 6.0815000000000E-06; 2.0000000000000E+01; 1.3000000000000E-05; 2.1000000000000E+01; 0.0000000000000E+00;-3.3265423774719E-01; 7.0000000000000E+01; 1.0000000000000E+00;-1.0790000000000E+01;-1.4840000000000E+01; 2.9390900000000E+02; 2.9430600000000E+02; 1.0000000000000E+00; 1.0000000000000E+00; 1.0000000000000E+00; 1.0000000000000E+00; 1.0000000000000E+02; 1.0000000000000E+01; 1.0000000000000E+01; 1.0000000000000E+01;                 NAN;-8.4111842345081E+01; 2.3569161088982E+00; 5.7043090496049E+01;-1.2359521323051E+00; 2.0000000000000E-06;                 NAN;                 NAN; 6.0000000000000E+02; 1.0000000000000E+01; 1.0000000000000E+01; 1.0000000000000E+01; 0.0000000000000E+00; 1.0000000000000E+01; 1.0000000000000E+01
 1.7878387760000E+09; 1.0000000000000E+00; 1.0000000000000E+00; 1.2343675000000E+01; 2.0017890500000E+02; 1.8783523000000E+02; 5.0000000000000E+01; 2.0000000000000E+01; 3.0000000000000E+01; 6.0304761904762E-06; 2.1000000000000E+01; 1.3000000000000E-05; 2.2000000000000E+01; 0.0000000000000E+00;-3.3384618163109E-01; 7.4000000000000E+01; 1.0000000000000E+00;-1.0790000000000E+01;-1.4840000000000E+01; 2.9386200000000E+02; 2.9430600000000E+02; 2.0000000000000E+00; 1.0000000000000E+00; 1.0000000000000E+00; 1.0000000000000E+00; 1.0000000000000E+02; 1.0000000000000E+01; 1.0000000000000E+01; 1.0000000000000E+01;                 NAN;-4.5957328952016E+01; 6.7059021390189E-01; 6.4494962433683E+01; 2.0361191528177E+00; 2.0000000000000E-06;                 NAN;                 NAN; 5.0000000000000E+02; 1.0000000000000E+01; 1.0000000000000E+01; 1.0000000000000E+01; 0.0000000000000E+00; 1.0000000000000E+01; 1.0000000000000E+01
 1.7878387780000E+09; 1.0000000000000E+00; 1.0000000000000E+00; 1.2342436666667E+01; 2.0017893666667E+02; 1.8783650000000E+02; 6.0000000000000E+01; 3.0000000000000E+01; 3.0000000000000E+01; 5.9890000000000E-06; 2.0000000000000E+01; 1.3000000000000E-05; 2.2000000000000E+01; 0.0000000000000E+00;-4.4094377756119E-01; 7.4000000000000E+01; 1.0000000000000E+00;-1.0790000000000E+01;-1.4840000000000E+01; 2.9381000000000E+02; 2.9430300000000E+02; 1.0000000000000E+00; 1.0000000000000E+00; 1.0000000000000E+00; 1.0000000000000E+00; 1.0000000000000E+02; 1.0000000000000E+01; 1.0000000000000E+01; 1.0000000000000E+01;                 NAN;-2.3872007259371E+02; 1.8033118325777E+00; 6.8451708595258E+01; 9.3757091311551E-01; 1.4000000000000E-06;                 NAN;                 NAN; 5.0000000000000E+02; 1.0000000000000E+01; 1.0000000000000E+01; 1.0000000000000E+01; 0.0000000000000E+00; 1.0000000000000E+01; 1.0000000000000E+01
 1.7878387800000E+09; 1.0000000000000E+00; 1.0000000000000E+00; 1.2342890000000E+01; 2.0017925000000E+02; 1.8783636000000E+02; 5.0000000000000E+01; 3.0000000000000E+01; 2.0000000000000E+01; 6.0310000000000E-06; 2.0000000000000E+01; 1.3000000000000E-05; 2.2000000000000E+01; 0.0000000000000E+00;-3.4632357954979E-01; 7.5000000000000E+01; 1.0000000000000E+00;-1.0790000000000E+01;-1.4840000000000E+01; 2.9376100000000E+02; 2.9431000000000E+02; 1.0000000000000E+00; 1.0000000000000E+00; 1.0000000000000E+00; 1.0000000000000E+00; 1.0000000000000E+02; 1.0000000000000E+01; 1.0000000000000E+01; 1.0000000000000E+01;                 NAN; 8.4975680881307E+00; 3.3175510759764E+00; 6.4791718395801E+01; 1.4821019303513E+00; 1.0000000000000E-06;                 NAN;                 NAN; 6.0000000000000E+02; 1.0000000000000E+01; 1.0000000000000E+01; 1.0000000000000E+01; 0.0000000000000E+00; 1.0000000000000E+01; 1.0000000000000E+01
 1.7878387820000E+09; 1.0000000000000E+00; 1.0000000000000E+00; 1.2343875000000E+01; 2.0017968500000E+02; 1.8783581000000E+02; 5.0000000000000E+01; 2.0000000000000E+01; 3.0000000000000E+01; 6.0842857142857E-06; 2.1000000000000E+01; 1.3000000000000E-05; 2.2000000000000E+01; 0.0000000000000E+00;-3.6605408787727E-01; 7.5000000000000E+01; 1.0000000000000E+00;-1.0790000000000E+01;-1.4840000000000E+01; 2.9371100000000E+02; 2.9431200000000E+02; 1.0000000000000E+00; 1.0000000000000E+00; 1.0000000000000E+00; 1.0000000000000E+00; 1.0000000000000E+02; 1.0000000000000E+01; 1.0000000000000E+01; 1.0000000000000E+01;                 NAN;-4.2056907444924E+02;-3.3229462451291E+00; 6.0997824102418E+01; 2.7261320781595E+00; 1.0000000000000E-06;                 NAN;                 NAN; 5.0000000000000E+02; 1.0000000000000E+01; 1.0000000000000E+01; 1.0000000000000E+01; 0.0000000000000E+00; 1.0000000000000E+01; 1.0000000000000E+01
 1.7878387840000E+09; 1.0000000000000E+00; 1.0000000000000E+00; 1.2343916666667E+01; 2.0017973000000E+02; 1.8783581333333E+02; 6.0000000000000E+01; 3.0000000000000E+01; 3.0000000000000E+01; 6.0600000000000E-06; 2.0000000000000E+01; 1.3000000000000E-05; 2.2000000000000E+01; 0.0000000000000E+00;-3.2618731260300E-01; 7.4000000000000E+01; 1.0000000000000E+00;-1.0790000000000E+01;-1.4840000000000E+01; 2.9366300000000E+02; 2.9431500000000E+02; 1.0000000000000E+00; 1.0000000000000E+00; 1.0000000000000E+00; 1.0000000000000E+00; 1.0000000000000E+02; 1.0000000000000E+01; 1.0000000000000E+01; 1.0000000000000E+01;                 NAN;-4.0191426260866E+02; 1.0878216418119E+00; 6.8748464557376E+01; 1.5201260475361E+00; 1.2500000000000E-06;                 NAN;                 NAN; 6.0000000000000E+02; 1.0000000000000E+01; 1.0000000000000E+01; 1.0000000000000E+01; 0.0000000000000E+00; 1.0000000000000E+01; 1.0000000000000E+01
 1.7878387860000E+09; 1.0000000000000E+00; 1.0000000000000E+00; 1.2344886666667E+01; 2.0018015000000E+02; 1.8783526333333E+02; 5.0000000000000E+01; 2.0000000000000E+01; 3.0000000000000E+01; 6.0780000000000E-06; 2.0000000000000E+01; 1.3000000000000E-05; 2.2000000000000E+01; 0.0000000000000E+00;-4.4875481724739E-01; 7.5000000000000E+01; 1.0000000000000E+00;-1.0790000000000E+01;-1.4840000000000E+01; 2.9363700000000E+02; 2.9431700000000E+02; 1.0000000000000E+00; 2.0000000000000E+00; 1.0000000000000E+00; 1.0000000000000E+00; 1.0000000000000E+02; 1.0000000000000E+01; 1.0000000000000E+01; 1.0000000000000E+01;                 NAN;-1.7989668834192E+02;-2.3500549117770E+00; 5.6195350347288E+01; 2.6255572468024E+00; 1.0000000000000E-06;                 NAN;                 NAN; 5.0000000000000E+02; 1.0000000000000E+01; 1.0000000000000E+01; 1.0000000000000E+01; 0.0000000000000E+00; 1.0000000000000E+01; 1.0000000000000E+01
 1.7878387880000E+09; 1.0000000000000E+00; 1.0000000000000E+00; 1.2342495000000E+01; 2.0018009500000E+02; 1.8783760000000E+02; 4.0000000000000E+01; 2.0000000000000E+01; 2.0000000000000E+01; 6.0440000000000E-06; 2.0000000000000E+01; 1.3000000000000E-05; 2.0000000000000E+01; 0.0000000000000E+00;-3.8692581653595E-01; 6.7000000000000E+01; 1.0000000000000E+00;-1.0790000000000E+01;-1.4840000000000E+01; 2.9358800000000E+02; 2.9431400000000E+02; 1.0000000000000E+00; 1.0000000000000E+00; 1.0000000000000E+00; 1.0000000000000E+00; 1.0000000000000E+02; 1.0000000000000E+01; 1.0000000000000E+01; 1.0000000000000E+01;                 NAN; 2.8257471781439E+02; 3.7743257494912E+00; 5.6765326166594E+01; 8.6024850173489E-01; 7.5000000000000E-07;                 NAN;                 NAN; 5.0000000000000E+02; 1.0000000000000E+01; 1.0000000000000E+01; 1.0000000000000E+01; 0.0000000000000E+00; 1.0000000000000E+01; 1.0000000000000E+01
 1.7878387900000E+09; 1.0000000000000E+00; 1.0000000000000E+00; 1.2342568333333E+01; 2.0018042333333E+02; 1.8783785500000E+02; 5.0000000000000E+01; 3.0000000000000E+01; 2.0000000000000E+01; 6.0228571428571E-06; 2.1000000000000E+01; 1.3000000000000E-05; 2.1000000000000E+01; 0.0000000000000E+00;-3.8017991185188E-01; 7.1000000000000E+01; 1.0000000000000E+00;-1.0790000000000E+01;                 NAN; 2.9354200000000E+02; 2.9431600000000E+02; 1.0000000000000E+00; 0.0000000000000E+00; 1.0000000000000E+00; 1.0000000000000E+00; 1.0000000000000E+02; 1.0000000000000E+01; 1.0000000000000E+01; 1.0000000000000E+01;                 NAN;-2.0572079194583E+01; 8.6946262905311E-01; 7.9972356839905E+01; 7.8413841621530E+00; 7.5000000000000E-07;                 NAN;                 NAN; 5.0000000000000E+02; 1.0000000000000E+01; 1.0000000000000E+01; 1.0000000000000E+01; 0.0000000000000E+00; 1.0000000000000E+01; 1.0000000000000E+01
 1.7878387920000E+09; 1.0000000000000E+00; 1.0000000000000E+00; 1.2340316666667E+01; 2.0018077000000E+02; 1.8784045333333E+02; 5.0000000000000E+01; 2.0000000000000E+01; 3.0000000000000E+01; 6.0085000000000E-06; 2.0000000000000E+01; 1.3000000000000E-05; 2.2000000000000E+01; 0.0000000000000E+00;-3.5436287522316E-01; 7.3000000000000E+01; 1.0000000000000E+00;-1.0790000000000E+01;-1.4840000000000E+01; 2.9348900000000E+02; 2.9432200000000E+02; 1.0000000000000E+00; 2.0000000000000E+00; 1.0000000000000E+00; 1.0000000000000E+00; 1.0000000000000E+02; 1.0000000000000E+01; 1.0000000000000E+01; 1.0000000000000E+01;                 NAN; 3.7915045897436E+00;-1.5825551744223E+00; 5.8032277036442E+01; 7.2795754532073E+00; 7.5000000000000E-07;                 NAN;                 NAN; 6.0000000000000E+02; 1.0000000000000E+01; 1.0000000000000E+01; 1.0000000000000E+01; 0.0000000000000E+00; 1.0000000000000E+01; 1.0000000000000E+01
 1.7878387940000E+09;                 NAN; 1.0000000000000E+00;                 NAN; 2.0018160000000E+02;                 NAN; 1.0000000000000E+01; 1.0000000000000E+01; 0.0000000000000E+00; 5.8747619047619E-06; 2.1000000000000E+01; 1.3000000000000E-05; 4.0000000000000E+00; 0.0000000000000E+00;-3.2494464516640E-01; 9.0000000000000E+00; 1.0000000000000E+00;                 NAN;                 NAN; 2.9344400000000E+02;                 NAN; 0.0000000000000E+00; 0.0000000000000E+00; 1.0000000000000E+00; 0.0000000000000E+00;                 NAN; 1.0000000000000E+01; 1.0000000000000E+01; 1.0000000000000E+01;                 NAN;-3.2945966076820E+02;-5.8149433584693E-01;                 NAN;                 NAN;                 NAN;                 NAN;                 NAN; 0.0000000000000E+00; 1.0000000000000E+01; 1.0000000000000E+01; 1.0000000000000E+01; 0.0000000000000E+00; 1.0000000000000E+01; 1.0000000000000E+01
 1.7878387960000E+09; 1.0000000000000E+00; 1.0000000000000E+00; 1.2341570000000E+01; 2.0018092500000E+02; 1.8783935500000E+02; 4.0000000000000E+01; 2.0000000000000E+01; 2.0000000000000E+01; 5.9331818181818E-06; 2.2000000000000E+01; 1.3000000000000E-05; 1.2000000000000E+01; 0.0000000000000E+00;-3.4213909506798E-01; 3.7000000000000E+01; 1.0000000000000E+00;-1.0790000000000E+01;                 NAN;                 NAN; 2.9432100000000E+02; 1.0000000000000E+00; 0.0000000000000E+00; 0.0000000000000E+00; 1.0000000000000E+00; 1.0000000000000E+02; 1.0000000000000E+01; 1.0000000000000E+01; 1.0000000000000E+01;                 NAN;-3.1460127035273E+01; 1.5234596314042E+00; 6.1847549844336E+01; 3.1269215165490E+00; 1.0000000000000E-06;                 NAN;                 NAN; 3.0000000000000E+02; 1.0000000000000E+01; 1.0000000000000E+01; 1.0000000000000E+01; 0.0000000000000E+00; 1.0000000000000E+01; 1.0000000000000E+01
 1.7878387980000E+09;                 NAN; 1.0000000000000E+00; 1.2347580000000E+01; 2.0018523000000E+02; 1.8783765000000E+02; 3.0000000000000E+01; 1.0000000000000E+01; 2.0000000000000E+01; 5.8272222222222E-06; 1.8000000000000E+01; 1.3000000000000E-05; 4.0000000000000E+00; 0.0000000000000E+00;-3.7881043553352E-01; 1.5000000000000E+01; 1.0000000000000E+00;                 NAN;-1.4840000000000E+01; 2.9333700000000E+02;                 NAN; 0.0000000000000E+00; 1.0000000000000E+00; 1.0000000000000E+00; 0.0000000000000E+00;                 NAN; 1.0000000000000E+01; 1.0000000000000E+01; 1.0000000000000E+01;                 NAN;-4.2784362018623E+02; 1.6679070821017E+00;                 NAN;                 NAN; 1.0000000000000E-06;                 NAN;                 NAN; 0.0000000000000E+00; 1.0000000000000E+01; 1.0000000000000E+01; 1.0000000000000E+01; 0.0000000000000E+00; 1.0000000000000E+01; 1.0000000000000E+01
 1.7878388000000E+09; 1.0000000000000E+00; 1.0000000000000E+00; 1.2343215000000E+01; 2.0018288000000E+02; 1.8783966500000E+02; 5.0000000000000E+01; 3.0000000000000E+01; 2.0000000000000E+01; 5.8195000000000E-06; 2.0000000000000E+01; 1.3000000000000E-05; 1.9000000000000E+01; 0.0000000000000E+00;-4.3939676880836E-01; 6.1000000000000E+01; 1.0000000000000E+00;-1.0790000000000E+01;-1.4840000000000E+01;                 NAN; 2.9432500000000E+02; 1.0000000000000E+00; 1.0000000000000E+00; 0.0000000000000E+00; 1.0000000000000E+00; 1.0000000000000E+02; 1.0000000000000E+01; 1.0000000000000E+01; 1.0000000000000E+01;                 NAN;-5.1208621095645E+02;-5.6269726162324E+00; 7.0034407059889E+01; 7.8237004987021E-01; 1.0000000000000E-06;                 NAN;                 NAN; 5.0000000000000E+02; 1.0000000000000E+01; 1.0000000000000E+01; 1.0000000000000E+01; 0.0000000000000E+00; 1.0000000000000E+01; 1.0000000000000E+01
 1.7878388020000E+09; 1.0000000000000E+00; 1.0000000000000E+00; 1.2341060000000E+01; 2.0018253000000E+02; 1.8784147000000E+02; 4.0000000000000E+01; 2.0000000000000E+01; 2.0000000000000E+01; 5.8745000000000E-06; 2.0000000000000E+01; 1.3000000000000E-05; 1.8000000000000E+01; 0.0000000000000E+00;-3.8319781422615E-01; 6.0000000000000E+01; 1.0000000000000E+00;-1.0790000000000E+01;-1.4840000000000E+01; 2.9324800000000E+02; 2.9432800000000E+02; 1.0000000000000E+00; 1.0000000000000E+00; 1.0000000000000E+00; 1.0000000000000E+00; 1.0000000000000E+02; 1.0000000000000E+01; 1.0000000000000E+01; 1.0000000000000E+01;                 NAN;-2.8985594781707E+02;-5.8984138686676E+00; 5.4652556356763E+01; 4.0228129675734E+00; 3.3333333333333E-07;                 NAN;                 NAN; 4.0000000000000E+02; 1.0000000000000E+01; 1.0000000000000E+01; 1.0000000000000E+01; 0.0000000000000E+00; 1.0000000000000E+01; 1.0000000000000E+01
 1.7878388040000E+09; 1.0000000000000E+00; 1.0000000000000E+00; 1.2342200000000E+01; 2.0018294500000E+02; 1.8784074500000E+02; 4.0000000000000E+01; 2.0000000000000E+01; 2.0000000000000E+01; 5.8304761904762E-06; 2.1000000000000E+01; 1.3000000000000E-05; 1.9000000000000E+01; 0.0000000000000E+00;-4.7320237755775E-01; 6.6000000000000E+01; 1.0000000000000E+00;-1.0790000000000E+01;                 NAN; 2.9319700000000E+02; 2.9433200000000E+02; 1.0000000000000E+00; 0.0000000000000E+00; 1.0000000000000E+00; 1.0000000000000E+00; 1.0000000000000E+02; 1.0000000000000E+01; 1.0000000000000E+01; 1.0000000000000E+01;                 NAN; 4.0880644940732E+02; 6.4138593592311E+00; 6.8649545903337E+01; 3.9781171161220E+00;-6.6666666666667E-07;                 NAN;                 NAN; 5.0000000000000E+02; 1.0000000000000E+01; 1.0000000000000E+01; 1.0000000000000E+01; 0.0000000000000E+00; 1.0000000000000E+01; 1.0000000000000E+01
 1.7878388060000E+09; 1.0000000000000E+00; 1.0000000000000E+00; 1.2342463333333E+01; 2.0018357000000E+02; 1.8784110666667E+02; 5.0000000000000E+01; 2.0000000000000E+01; 3.0000000000000E+01; 5.8100000000000E-06; 2.0000000000000E+01; 1.3000000000000E-05; 1.9000000000000E+01; 0.0000000000000E+00;-3.6884373426437E-01; 6.2000000000000E+01; 1.0000000000000E+00;-1.0790000000000E+01;-1.4840000000000E+01; 2.9314800000000E+02; 2.9433100000000E+02; 1.0000000000000E+00; 1.0000000000000E+00; 1.0000000000000E+00; 1.0000000000000E+00; 1.0000000000000E+02; 1.0000000000000E+01; 1.0000000000000E+01; 1.0000000000000E+01;                 NAN;-2.0892771769680E+02; 1.2947349231832E+00; 5.9708404321071E+01; 8.4268289661943E+00; 0.0000000000000E+00;                 NAN;                 NAN; 4.0000000000000E+02; 1.0000000000000E+01; 1.0000000000000E+01; 1.0000000000000E+01; 0.0000000000000E+00; 1.0000000000000E+01; 1.0000000000000E+01
 1.7878388080000E+09;                 NAN; 1.0000000000000E+00; 1.2342100000000E+01; 2.0018398000000E+02; 1.8784188000000E+02; 4.0000000000000E+01; 2.0000000000000E+01; 2.0000000000000E+01; 5.6710000000000E-06; 2.0000000000000E+01; 1.3000000000000E-05; 1.7000000000000E+01; 0.0000000000000E+00;-3.3065077662468E-01; 5.3000000000000E+01; 1.0000000000000E+00;                 NAN;-1.4840000000000E+01; 2.9306700000000E+02; 2.9433200000000E+02; 0.0000000000000E+00; 1.0000000000000E+00; 1.0000000000000E+00; 1.0000000000000E+00; 1.0000000000000E+02; 1.0000000000000E+01; 1.0000000000000E+01; 1.0000000000000E+01;                 NAN;-9.2659658352865E+01;-2.5416626023835E+00; 6.4297125125604E+01; 9.6341061896796E+00;-6.6666666666667E-07;                 NAN;                 NAN; 3.0000000000000E+02; 1.0000000000000E+01; 1.0000000000000E+01; 1.0000000000000E+01; 0.0000000000000E+00; 1.0000000000000E+01; 1.0000000000000E+01
 1.7878388100000E+09; 1.0000000000000E+00; 1.0000000000000E+00; 1.2343500000000E+01; 2.0018517500000E+02; 1.8784167500000E+02; 4.0000000000000E+01; 2.0000000000000E+01; 2.0000000000000E+01; 5.6470000000000E-06; 2.0000000000000E+01; 1.3000000000000E-05; 1.6000000000000E+01; 0.0000000000000E+00;-4.3906709551811E-01; 5.2000000000000E+01; 1.0000000000000E+00;-1.0790000000000E+01;-1.4840000000000E+01; 2.9301200000000E+02;                 NAN; 1.0000000000000E+00; 1.0000000000000E+00; 1.0000000000000E+00; 0.0000000000000E+00; 1.0000000000000E+02; 1.0000000000000E+01; 1.0000000000000E+01; 1.0000000000000E+01;                 NAN; 3.0988517926287E+02; 7.7723654125999E+00; 5.4734988568463E+01; 8.6117929053780E+00; 0.0000000000000E+00;                 NAN;                 NAN; 3.0000000000000E+02; 1.0000000000000E+01; 1.0000000000000E+01; 1.0000000000000E+01; 0.0000000000000E+00; 1.0000000000000E+01; 1.0000000000000E+01
 1.7878388120000E+09; 1.0000000000000E+00; 1.0000000000000E+00; 1.2343595000000E+01; 2.0018496500000E+02; 1.8784137000000E+02; 4.0000000000000E+01; 2.0000000000000E+01; 2.0000000000000E+01; 5.7509523809524E-06; 2.1000000000000E+01; 1.3000000000000E-05; 1.6000000000000E+01; 0.0000000000000E+00;-4.2476373910904E-01; 5.3000000000000E+01; 1.0000000000000E+00;-1.0790000000000E+01;-1.4840000000000E+01;                 NAN; 2.9433600000000E+02; 1.0000000000000E+00; 1.0000000000000E+00; 0.0000000000000E+00; 1.0000000000000E+00; 1.0000000000000E+02; 1.0000000000000E+01; 1.0000000000000E+01; 1.0000000000000E+01;                 NAN; 1.3175831519189E+02; 7.8358603027694E-02; 7.5178177069937E+01; 5.3551832320284E+00;-6.6666666666667E-07;                 NAN;                 NAN; 3.0000000000000E+02; 1.0000000000000E+01; 1.0000000000000E+01; 1.0000000000000E+01; 0.0000000000000E+00; 1.0000000000000E+01; 1.0000000000000E+01
 1.7878388140000E+09; 1.0000000000000E+00; 1.0000000000000E+00; 1.2342155000000E+01; 2.0018460500000E+02; 1.8784245000000E+02; 4.0000000000000E+01; 2.0000000000000E+01; 2.0000000000000E+01; 5.8045000000000E-06; 2.0000000000000E+01; 1.3000000000000E-05; 1.7000000000000E+01; 0.0000000000000E+00;-3.5393175482750E-01; 5.7000000000000E+01; 1.0000000000000E+00;-1.0790000000000E+01;                 NAN; 2.9296100000000E+02; 2.9433800000000E+02; 1.0000000000000E+00; 0.0000000000000E+00; 1.0000000000000E+00; 1.0000000000000E+00; 1.0000000000000E+02; 1.0000000000000E+01; 1.0000000000000E+01; 1.0000000000000E+01;                 NAN;-2.6887170703518E+02; 4.7220073498500E+00; 5.7372819342847E+01; 4.8085134966060E+00;-1.3333333333333E-06;                 NAN;                 NAN; 4.0000000000000E+02; 1.0000000000000E+01; 1.0000000000000E+01; 1.0000000000000E+01; 0.0000000000000E+00; 1.0000000000000E+01; 1.0000000000000E+01
 1.7878388160000E+09; 1.0000000000000E+00; 1.0000000000000E+00; 1.2342880000000E+01; 2.0018486500000E+02; 1.8784198500000E+02; 4.0000000000000E+01; 2.0000000000000E+01; 2.0000000000000E+01; 5.7610000000000E-06; 2.0000000000000E+01; 1.3000000000000E-05; 1.8000000000000E+01; 0.0000000000000E+00;-3.8778805732727E-01; 5.9000000000000E+01; 1.0000000000000E+00;-1.0790000000000E+01;-1.4840000000000E+01; 2.9290600000000E+02; 2.9434200000000E+02; 1.0000000000000E+00; 1.0000000000000E+00; 1.0000000000000E+00; 1.0000000000000E+00; 1.0000000000000E+02; 1.0000000000000E+01; 1.0000000000000E+01; 1.0000000000000E+01;                 NAN; 1.3137218038190E+02; 1.3666884096867E+00; 3.8973399177857E+01; 3.3468543029632E+00;-1.3333333333333E-06;                 NAN;                 NAN; 4.0000000000000E+02; 1.0000000000000E+01; 1.0000000000000E+01; 1.0000000000000E+01; 0.0000000000000E+00; 1.0000000000000E+01; 1.0000000000000E+01
 1.7878388180000E+09; 1.0000000000000E+00; 1.0000000000000E+00; 1.2344995000000E+01; 2.0018590000000E+02; 1.8784090500000E+02; 4.0000000000000E+01; 2.0000000000000E+01; 2.0000000000000E+01; 5.7633333333333E-06; 2.1000000000000E+01; 1.3000000000000E-05; 1.9000000000000E+01; 0.0000000000000E+00;-3.4480193257332E-01; 6.4000000000000E+01; 1.0000000000000E+00;-1.0790000000000E+01;-1.4840000000000E+01; 2.9283200000000E+02; 2.9434300000000E+02; 1.0000000000000E+00; 1.0000000000000E+00; 1.0000000000000E+00; 1.0000000000000E+00; 1.0000000000000E+02; 1.0000000000000E+01; 1.0000000000000E+01; 1.0000000000000E+01;                 NAN;-2.8727424778910E+02;-3.4541443868784E+00; 4.8218226890290E+01; 2.4884632440285E+00;-1.3333333333333E-06;                 NAN;                 NAN; 4.0000000000000E+02; 1.0000000000000E+01; 1.0000000000000E+01; 1.0000000000000E+01; 0.0000000000000E+00; 1.0000000000000E+01; 1.0000000000000E+01
 1.7878388200000E+09; 1.0000000000000E+00; 1.0000000000000E+00; 1.2342885000000E+01; 2.0018626500000E+02; 1.8784338000000E+02; 4.0000000000000E+01; 2.0000000000000E+01; 2.0000000000000E+01; 5.7680000000000E-06; 2.0000000000000E+01; 1.3000000000000E-05; 2.1000000000000E+01; 0.0000000000000E+00;-3.6909735202789E-01; 6.9000000000000E+01; 1.0000000000000E+00;-1.0790000000000E+01;-1.4840000000000E+01; 2.9278800000000E+02; 2.9434700000000E+02; 1.0000000000000E+00; 1.0000000000000E+00; 1.0000000000000E+00; 1.0000000000000E+00; 1.0000000000000E+02; 1.0000000000000E+01; 1.0000000000000E+01; 1.0000000000000E+01;                 NAN; 2.0797064502743E+02; 1.6243187594098E+00; 5.9549029731713E+01; 7.0072362146651E-01;-1.0000000000000E-06;                 NAN;                 NAN; 5.0000000000000E+02; 1.0000000000000E+01; 1.0000000000000E+01; 1.0000000000000E+01; 0.0000000000000E+00; 1.0000000000000E+01; 1.0000000000000E+01
 1.7878388220000E+09; 1.0000000000000E+00; 1.0000000000000E+00; 1.2343076666667E+01; 2.0018611000000E+02; 1.8784303333333E+02; 5.0000000000000E+01; 2.0000000000000E+01; 3.0000000000000E+01; 5.7090000000000E-06; 2.0000000000000E+01; 1.3000000000000E-05; 2.1000000000000E+01; 0.0000000000000E+00;-3.4934148192406E-01; 7.2000000000000E+01; 1.0000000000000E+00;-1.0790000000000E+01;-1.4840000000000E+01; 2.9274000000000E+02; 2.9434700000000E+02; 1.0000000000000E+00; 1.0000000000000E+00; 1.0000000000000E+00; 1.0000000000000E+00; 1.0000000000000E+02; 1.0000000000000E+01; 1.0000000000000E+01; 1.0000000000000E+01;                 NAN;-6.8997485893313E+01; 1.5921425867956E+00; 5.6089940538242E+01; 2.5453377450889E+00;-1.0000000000000E-06;                 NAN;                 NAN; 5.0000000000000E+02; 1.0000000000000E+01; 1.0000000000000E+01; 1.0000000000000E+01; 0.0000000000000E+00; 1.0000000000000E+01; 1.0000000000000E+01
 1.7878388240000E+09; 1.0000000000000E+00; 1.0000000000000E+00; 1.2342028333333E+01; 2.0018626500000E+02; 1.8784423666667E+02; 5.0000000000000E+01; 2.0000000000000E+01; 3.0000000000000E+01; 5.7220000000000E-06; 2.0000000000000E+01; 1.3000000000000E-05; 2.1000000000000E+01; 0.0000000000000E+00;-4.4997212290764E-01; 7.1000000000000E+01; 1.0000000000000E+00;-1.0790000000000E+01;-1.4840000000000E+01; 2.9269400000000E+02; 2.9435200000000E+02; 1.0000000000000E+00; 1.0000000000000E+00; 1.0000000000000E+00; 1.0000000000000E+00; 1.0000000000000E+02; 1.0000000000000E+01; 1.0000000000000E+01; 1.0000000000000E+01;                 NAN;-2.2991077192067E+02;-4.1203334253464E+00; 6.4297125125604E+01; 2.1440417791582E+00;-1.7500000000000E-06;                 NAN;                 NAN; 5.0000000000000E+02; 1.0000000000000E+01; 1.0000000000000E+01; 1.0000000000000E+01; 0.0000000000000E+00; 1.0000000000000E+01; 1.0000000000000E+01
 1.7878388260000E+09; 1.0000000000000E+00; 1.0000000000000E+00; 1.2342056666667E+01; 2.0018681333333E+02; 1.8784475666667E+02; 6.0000000000000E+01; 3.0000000000000E+01; 3.0000000000000E+01; 5.7066666666667E-06; 2.1000000000000E+01; 1.3000000000000E-05; 2.2000000000000E+01; 0.0000000000000E+00;-4.9118301272392E-01; 7.3000000000000E+01; 1.0000000000000E+00;-1.0790000000000E+01;-1.4840000000000E+01; 2.9264500000000E+02; 2.9435300000000E+02; 1.0000000000000E+00; 1.0000000000000E+00; 1.0000000000000E+00; 1.0000000000000E+00; 1.0000000000000E+02; 1.0000000000000E+01; 1.0000000000000E+01; 1.0000000000000E+01;                 NAN; 3.1723455436232E+02; 4.4270819670537E+00; 7.0825756292204E+01; 1.1670080552141E+00;-1.0000000000000E-06;                 NAN;                 NAN; 5.0000000000000E+02; 1.0000000000000E+01; 1.0000000000000E+01; 1.0000000000000E+01; 0.0000000000000E+00; 1.0000000000000E+01; 1.0000000000000E+01
 1.7878388280000E+09; 1.0000000000000E+00; 1.0000000000000E+00; 1.2340830000000E+01; 2.0018689000000E+02; 1.8784606000000E+02; 5.0000000000000E+01; 2.0000000000000E+01; 3.0000000000000E+01; 5.6860000000000E-06; 2.0000000000000E+01; 1.3000000000000E-05; 2.1000000000000E+01; 0.0000000000000E+00;-4.5547536015511E-01; 7.1000000000000E+01; 1.0000000000000E+00;-1.0790000000000E+01;-1.4840000000000E+01; 2.9260000000000E+02; 2.9435700000000E+02; 1.0000000000000E+00; 1.0000000000000E+00; 1.0000000000000E+00; 1.0000000000000E+00; 1.0000000000000E+02; 1.0000000000000E+01; 1.0000000000000E+01; 1.0000000000000E+01;                 NAN; 1.3916124847534E+02;-2.2059903863118E+00; 7.0576216265195E+01; 5.8989773835739E-01;-5.0000000000000E-07;                 NAN;                 NAN; 6.0000000000000E+02; 1.0000000000000E+01; 1.0000000000000E+01; 1.0000000000000E+01; 0.0000000000000E+00; 1.0000000000000E+01; 1.0000000000000E+01
 1.7878388300000E+09; 1.0000000000000E+00; 1.0000000000000E+00; 1.2342408333333E+01; 2.0018723333333E+02; 1.8784482500000E+02; 5.0000000000000E+01; 3.0000000000000E+01; 2.0000000000000E+01; 5.7310000000000E-06; 2.0000000000000E+01; 1.3000000000000E-05; 2.1000000000000E+01; 0.0000000000000E+00;-3.8345140218735E-01; 7.2000000000000E+01; 1.0000000000000E+00;-1.0790000000000E+01;-1.4840000000000E+01; 2.9255200000000E+02; 2.9435600000000E+02; 1.0000000000000E+00; 1.0000000000000E+00; 1.0000000000000E+00; 1.0000000000000E+00; 1.0000000000000E+02; 1.0000000000000E+01; 1.0000000000000E+01; 1.0000000000000E+01;                 NAN;-1.7466401629222E+02;-2.7848882705862E-01; 6.4692799741761E+01;-1.7626055157555E+00; 2.5000000000000E-07;                 NAN;                 NAN; 5.0000000000000E+02; 1.0000000000000E+01; 1.0000000000000E+01; 1.0000000000000E+01; 0.0000000000000E+00; 1.0000000000000E+01; 1.0000000000000E+01
 1.7878388320000E+09; 1.0000000000000E+00; 1.0000000000000E+00; 1.2341746666667E+01; 2.0018746000000E+02; 1.8784571333333E+02; 5.0000000000000E+01; 2.0000000000000E+01; 3.0000000000000E+01; 5.7438095238095E-06; 2.1000000000000E+01; 1.3000000000000E-05; 2.2000000000000E+01; 0.0000000000000E+00;-3.2466566562653E-01; 7.2000000000000E+01; 1.0000000000000E+00;-1.0790000000000E+01;-1.4840000000000E+01; 2.9250200000000E+02; 2.9435700000000E+02; 1.0000000000000E+00; 1.0000000000000E+00; 1.0000000000000E+00; 1.0000000000000E+00; 1.0000000000000E+02; 1.0000000000000E+01; 1.0000000000000E+01; 1.0000000000000E+01;                 NAN; 2.4593899512160E+02;-3.2084214319839E+00; 6.1967694071140E+01; 9.5206488922840E-01;-5.0000000000000E-07;                 NAN;                 NAN; 5.0000000000000E+02; 1.0000000000000E+01; 1.0000000000000E+01; 1.0000000000000E+01; 0.0000000000000E+00; 1.0000000000000E+01; 1.0000000000000E+01
 1.7878388340000E+09; 1.0000000000000E+00; 1.0000000000000E+00; 1.2340368333333E+01; 2.0018766500000E+02; 1.8784729666667E+02; 5.0000000000000E+01; 2.0000000000000E+01; 3.0000000000000E+01; 5.6715000000000E-06; 2.0000000000000E+01; 1.3000000000000E-05; 2.1000000000000E+01; 0.0000000000000E+00;-4.4715708494186E-01; 7.3000000000000E+01; 1.0000000000000E+00;-1.0790000000000E+01;-1.4840000000000E+01; 2.9246000000000E+02; 2.9436000000000E+02; 1.0000000000000E+00; 1.0000000000000E+00; 1.0000000000000E+00; 1.0000000000000E+00; 1.0000000000000E+02; 1.0000000000000E+01; 1.0000000000000E+01; 1.0000000000000E+01;                 NAN;-7.7471687470198E+02;-4.4317141970035E+00; 6.1527402812501E+01;-9.5858216148265E-01;-1.0000000000000E-06;                 NAN;                 NAN; 5.0000000000000E+02; 1.0000000000000E+01; 1.0000000000000E+01; 1.0000000000000E+01; 0.0000000000000E+00; 1.0000000000000E+01; 1.0000000000000E+01
 1.7878388360000E+09; 1.0000000000000E+00; 1.0000000000000E+00; 1.2342743333333E+01; 2.0018823333333E+02; 1.8784549000000E+02; 5.0000000000000E+01; 3.0000000000000E+01; 2.0000000000000E+01; 5.6100000000000E-06; 2.0000000000000E+01; 1.3000000000000E-05; 2.2000000000000E+01; 0.0000000000000E+00;-4.7558626532555E-01; 7.2000000000000E+01; 1.0000000000000E+00;-1.0790000000000E+01;-1.4840000000000E+01; 2.9241700000000E+02; 2.9436400000000E+02; 1.0000000000000E+00; 1.0000000000000E+00; 1.0000000000000E+00; 1.0000000000000E+00; 1.0000000000000E+02; 1.0000000000000E+01; 1.0000000000000E+01; 1.0000000000000E+01;                 NAN;-3.2655533183472E+02;-1.3593886456427E+00; 5.9944704347871E+01;-1.4557342711599E+00;-1.0000000000000E-06;                 NAN;                 NAN; 5.0000000000000E+02; 1.0000000000000E+01; 1.0000000000000E+01; 1.0000000000000E+01; 0.0000000000000E+00; 1.0000000000000E+01; 1.0000000000000E+01
 1.7878388380000E+09; 1.0000000000000E+00; 1.0000000000000E+00; 1.2343360000000E+01; 2.0018859500000E+02; 1.8784523500000E+02; 4.0000000000000E+01; 2.0000000000000E+01; 2.0000000000000E+01; 5.6730000000000E-06; 2.0000000000000E+01; 1.3000000000000E-05; 2.1000000000000E+01; 0.0000000000000E+00;-4.2134007811546E-01; 7.0000000000000E+01; 1.0000000000000E+00;-1.0790000000000E+01;-1.4840000000000E+01; 2.9237400000000E+02; 2.9436500000000E+02; 1.0000000000000E+00; 1.0000000000000E+00; 1.0000000000000E+00; 1.0000000000000E+00; 1.0000000000000E+02; 1.0000000000000E+01; 1.0000000000000E+01; 1.0000000000000E+01;                 NAN; 5.0656737332392E+02; 8.3719473058679E+00; 7.0034407059889E+01; 1.1395199818948E+00;-1.0000000000000E-06;                 NAN;                 NAN; 5.0000000000000E+02; 1.0000000000000E+01; 1.0000000000000E+01; 1.0000000000000E+01; 0.0000000000000E+00; 1.0000000000000E+01; 1.0000000000000E+01
 1.7878388400000E+09; 1.0000000000000E+00; 1.0000000000000E+00; 1.2342983333333E+01; 2.0018901000000E+02; 1.8784602666667E+02; 5.0000000000000E+01; 2.0000000000000E+01; 3.0000000000000E+01; 5.9014285714286E-06; 2.1000000000000E+01; 1.3000000000000E-05; 2.1000000000000E+01; 0.0000000000000E+00;-3.7698447704315E-01; 7.3000000000000E+01; 1.0000000000000E+00;-1.0790000000000E+01;-1.4840000000000E+01; 2.9232500000000E+02; 2.9436700000000E+02; 1.0000000000000E+00; 1.0000000000000E+00; 1.0000000000000E+00; 1.0000000000000E+00; 1.0000000000000E+02; 1.0000000000000E+01; 1.0000000000000E+01; 1.0000000000000E+01;                 NAN;-2.0322553440555E+02;-1.3717647470735E+00; 6.8418735710579E+01; 7.1577445912381E-01;-1.0000000000000E-06;                 NAN;                 NAN; 6.0000000000000E+02; 1.0000000000000E+01; 1.0000000000000E+01; 1.0000000000000E+01; 0.0000000000000E+00; 1.0000000000000E+01; 1.0000000000000E+01
 1.7878388420000E+09; 1.0000000000000E+00; 1.0000000000000E+00; 1.2342725000000E+01; 2.0018920000000E+02; 1.8784647500000E+02; 5.0000000000000E+01; 3.0000000000000E+01; 2.0000000000000E+01; 5.9545000000000E-06; 2.0000000000000E+01; 1.3000000000000E-05; 2.1000000000000E+01; 0.0000000000000E+00;-3.8958865404129E-01; 7.2000000000000E+01; 1.0000000000000E+00;-1.0790000000000E+01;-1.4840000000000E+01; 2.9228000000000E+02; 2.9436700000000E+02; 1.0000000000000E+00; 1.0000000000000E+00; 1.0000000000000E+00; 1.0000000000000E+00; 1.0000000000000E+02; 1.0000000000000E+01; 1.0000000000000E+01; 1.0000000000000E+01;                 NAN;-1.6790692992336E+02; 1.4223311391846E+00; 6.3385196919980E+01; 4.2052371509557E+00;-1.0000000000000E-06;                 NAN;                 NAN; 5.0000000000000E+02; 1.0000000000000E+01; 1.0000000000000E+01; 1.0000000000000E+01; 0.0000000000000E+00; 1.0000000000000E+01; 1.0000000000000E+01
 1.7878388440000E+09; 1.0000000000000E+00; 1.0000000000000E+00; 1.2343670000000E+01; 2.0018921500000E+02; 1.8784554500000E+02; 4.0000000000000E+01; 2.0000000000000E+01; 2.0000000000000E+01; 5.8290000000000E-06; 2.0000000000000E+01; 1.3000000000000E-05; 2.2000000000000E+01; 0.0000000000000E+00;-4.0716353058815E-01; 7.3000000000000E+01; 1.0000000000000E+00;-1.0790000000000E+01;-1.4840000000000E+01; 2.9223300000000E+02; 2.9436700000000E+02; 1.0000000000000E+00; 1.0000000000000E+00; 1.0000000000000E+00; 1.0000000000000E+00; 1.0000000000000E+02; 1.0000000000000E+01; 1.0000000000000E+01; 1.0000000000000E+01;                 NAN;-9.8091928294996E+01; 1.2572187535076E-01; 4.5036411607741E+01; 6.2229670231966E+00;-1.0000000000000E-06;                 NAN;                 NAN; 5.0000000000000E+02; 1.0000000000000E+01; 1.0000000000000E+01; 1.0000000000000E+01; 0.0000000000000E+00; 1.0000000000000E+01; 1.0000000000000E+01
 1.7878388460000E+09; 1.0000000000000E+00; 1.0000000000000E+00; 1.2345050000000E+01; 2.0018922000000E+02; 1.8784417000000E+02; 5.0000000000000E+01; 2.0000000000000E+01; 3.0000000000000E+01; 5.6366666666667E-06; 2.1000000000000E+01; 1.3000000000000E-05; 2.1000000000000E+01; 0.0000000000000E+00;-4.3191540241241E-01; 7.2000000000000E+01; 1.0000000000000E+00;-1.0790000000000E+01;-1.4840000000000E+01; 2.9218900000000E+02; 2.9437100000000E+02; 1.0000000000000E+00; 1.0000000000000E+00; 1.0000000000000E+00; 1.0000000000000E+00; 1.0000000000000E+02; 1.0000000000000E+01; 1.0000000000000E+01; 1.0000000000000E+01;                 NAN;-2.0947250087107E+02; 1.2151086005106E+00; 6.6473335514471E+01; 2.3014455718683E+00;-1.2500000000000E-06;                 NAN;                 NAN; 5.0000000000000E+02; 1.0000000000000E+01; 1.0000000000000E+01; 1.0000000000000E+01; 0.0000000000000E+00; 1.0000000000000E+01; 1.0000000000000E+01
 1.7878388480000E+09; 1.0000000000000E+00; 1.0000000000000E+00; 1.2342412500000E+01; 2.0018963500000E+02; 1.8784722250000E+02; 6.0000000000000E+01; 2.0000000000000E+01; 4.0000000000000E+01; 5.6130000000000E-06; 2.0000000000000E+01; 1.3000000000000E-05; 2.2000000000000E+01; 0.0000000000000E+00;-3.7416946887970E-01; 7.2000000000000E+01; 1.0000000000000E+00;-1.0790000000000E+01;-1.4840000000000E+01; 2.9214600000000E+02; 2.9437200000000E+02; 1.0000000000000E+00; 1.0000000000000E+00; 1.0000000000000E+00; 1.0000000000000E+00; 1.0000000000000E+02; 1.0000000000000E+01; 1.0000000000000E+01; 1.0000000000000E+01;                 NAN; 1.6286899286955E+02; 4.9239182952791E+00; 5.9601350397756E+01; 4.2591014956039E+00;-7.5000000000000E-07;                 NAN;                 NAN; 5.0000000000000E+02; 1.0000000000000E+01; 1.0000000000000E+01; 1.0000000000000E+01; 0.0000000000000E+00; 1.0000000000000E+01; 1.0000000000000E+01
 1.7878388500000E+09; 1.0000000000000E+00; 1.0000000000000E+00; 1.2342453333333E+01; 2.0019020000000E+02; 1.8784774666667E+02; 5.0000000000000E+01; 2.0000000000000E+01; 3.0000000000000E+01; 5.6370000000000E-06; 2.0000000000000E+01; 1.3000000000000E-05; 2.1000000000000E+01; 0.0000000000000E+00;-4.2628535628319E-01; 7.3000000000000E+01; 1.0000000000000E+00;-1.0790000000000E+01;-1.4840000000000E+01; 2.9210000000000E+02; 2.9437400000000E+02; 1.0000000000000E+00; 1.0000000000000E+00; 1.0000000000000E+00; 1.0000000000000E+00; 1.0000000000000E+02; 1.0000000000000E+01; 1.0000000000000E+01; 1.0000000000000E+01;                 NAN; 1.8466285430064E+02; 7.1847029375666E-01; 5.1848389946513E+01; 4.6808929788465E+00;-4.0000000000000E-07;                 NAN;                 NAN; 6.0000000000000E+02; 1.0000000000000E+01; 1.0000000000000E+01; 1.0000000000000E+01; 0.0000000000000E+00; 1.0000000000000E+01; 1.0000000000000E+01
 1.7878388520000E+09; 1.0000000000000E+00; 1.0000000000000E+00; 1.2343918333333E+01; 2.0019013333333E+02; 1.8784621500000E+02; 5.0000000000000E+01; 3.0000000000000E+01; 2.0000000000000E+01; 5.6365000000000E-06; 2.0000000000000E+01; 1.3000000000000E-05; 2.2000000000000E+01; 0.0000000000000E+00;-4.5986273884773E-01; 7.2000000000000E+01; 1.0000000000000E+00;-1.0790000000000E+01;-1.4840000000000E+01; 2.9207500000000E+02; 2.9437400000000E+02; 1.0000000000000E+00; 2.0000000000000E+00; 1.0000000000000E+00; 1.0000000000000E+00; 1.0000000000000E+02; 1.0000000000000E+01; 1.0000000000000E+01; 1.0000000000000E+01;                 NAN; 1.3024311107648E+02; 1.9354006178590E+00; 5.6977144726689E+01; 3.4725114244554E+00;-3.3333333333333E-07;                 NAN;                 NAN; 5.0000000000000E+02; 1.0000000000000E+01; 1.0000000000000E+01; 1.0000000000000E+01; 0.0000000000000E+00; 1.0000000000000E+01; 1.0000000000000E+01
 1.7878388540000E+09; 1.0000000000000E+00; 1.0000000000000E+00; 1.2342025000000E+01; 2.0019004500000E+02; 1.8784802000000E+02; 5.0000000000000E+01; 2.0000000000000E+01; 3.0000000000000E+01; 5.6766666666667E-06; 2.1000000000000E+01; 1.3000000000000E-05; 2.1000000000000E+01; 0.0000000000000E+00;-3.5512369871140E-01; 7.1000000000000E+01; 1.0000000000000E+00;-1.0790000000000E+01;-1.4840000000000E+01; 2.9202900000000E+02; 2.9437600000000E+02; 1.0000000000000E+00; 1.0000000000000E+00; 1.0000000000000E+00; 1.0000000000000E+00; 1.0000000000000E+02; 1.0000000000000E+01; 1.0000000000000E+01; 1.0000000000000E+01;                 NAN;-5.0671505713339E+01;-2.0827138604414E-02; 5.7570656650925E+01; 5.0433199446654E+00; 5.0000000000000E-07;                 NAN;                 NAN; 5.0000000000000E+02; 1.0000000000000E+01; 1.0000000000000E+01; 1.0000000000000E+01; 0.0000000000000E+00; 1.0000000000000E+01; 1.0000000000000E+01
 1.7878388560000E+09; 1.0000000000000E+00; 1.0000000000000E+00; 1.2342116666667E+01; 2.0019000000000E+02; 1.8784788333333E+02; 5.0000000000000E+01; 2.0000000000000E+01; 3.0000000000000E+01; 5.6710000000000E-06; 2.0000000000000E+01; 1.3000000000000E-05; 2.1000000000000E+01; 0.0000000000000E+00;-4.0216749906540E-01; 7.2000000000000E+01; 1.0000000000000E+00;-1.0790000000000E+01;-1.4840000000000E+01; 2.9199200000000E+02; 2.9437400000000E+02; 1.0000000000000E+00; 1.0000000000000E+00; 1.0000000000000E+00; 1.0000000000000E+00; 1.0000000000000E+02; 1.0000000000000E+01; 1.0000000000000E+01; 1.0000000000000E+01;                 NAN; 2.2368606965699E+02; 5.1804580847474E+00; 4.6491767398514E+01; 1.1312918669004E+00; 0.0000000000000E+00;                 NAN;                 NAN; 5.0000000000000E+02; 1.0000000000000E+01; 1.0000000000000E+01; 1.0000000000000E+01; 0.0000000000000E+00; 1.0000000000000E+01; 1.0000000000000E+01
 1.7878388580000E+09; 1.0000000000000E+00; 1.0000000000000E+00; 1.2342441666667E+01; 2.0019056500000E+02; 1.8784812333333E+02; 5.0000000000000E+01; 2.0000000000000E+01; 3.0000000000000E+01; 5.7110000000000E-06; 2.0000000000000E+01; 1.3000000000000E-05; 2.1000000000000E+01; 0.0000000000000E+00;-4.9693983793259E-01; 7.1000000000000E+01; 1.0000000000000E+00;-1.0790000000000E+01;-1.4840000000000E+01; 2.9194700000000E+02; 2.9438000000000E+02; 1.0000000000000E+00; 1.0000000000000E+00; 1.0000000000000E+00; 1.0000000000000E+00; 1.0000000000000E+02; 1.0000000000000E+01; 1.0000000000000E+01; 1.0000000000000E+01;                 NAN;-2.1287410424096E+01;-8.0595927553428E-01; 5.0844188176247E+01;-1.9157921029328E+00; 2.5000000000000E-07;                 NAN;                 NAN; 5.0000000000000E+02; 1.0000000000000E+01; 1.0000000000000E+01; 1.0000000000000E+01; 0.0000000000000E+00; 1.0000000000000E+01; 1.0000000000000E+01
 1.7878388600000E+09; 1.0000000000000E+00; 1.0000000000000E+00; 1.2341495000000E+01; 2.0019082500000E+02; 1.8784933000000E+02; 5.0000000000000E+01; 2.0000000000000E+01; 3.0000000000000E+01; 5.7295000000000E-06; 2.0000000000000E+01; 1.3000000000000E-05; 2.2000000000000E+01; 0.0000000000000E+00;-3.8763591647148E-01; 7.3000000000000E+01; 1.0000000000000E+00;-1.0790000000000E+01;-1.4840000000000E+01; 2.9190300000000E+02; 2.9438000000000E+02; 1.0000000000000E+00; 1.0000000000000E+00; 1.0000000000000E+00; 1.0000000000000E+00; 1.0000000000000E+02; 1.0000000000000E+01; 1.0000000000000E+01; 1.0000000000000E+01;                 NAN; 1.9749181922693E+02; 2.9668995449152E+00; 6.0307956614778E+01;-4.0292488484612E-01; 0.0000000000000E+00;                 NAN;                 NAN; 6.0000000000000E+02; 1.0000000000000E+01; 1.0000000000000E+01; 1.0000000000000E+01; 0.0000000000000E+00; 1.0000000000000E+01; 1.0000000000000E+01
 1.7878388620000E+09; 1.0000000000000E+00; 1.0000000000000E+00; 1.2342460000000E+01; 2.0019079000000E+02; 1.8784833000000E+02; 6.0000000000000E+01; 3.0000000000000E+01; 3.0000000000000E+01; 5.7128571428571E-06; 2.1000000000000E+01; 1.3000000000000E-05; 2.1000000000000E+01; 0.0000000000000E+00;-3.0158758163452E-01; 7.2000000000000E+01; 1.0000000000000E+00;-1.0790000000000E+01;-1.4840000000000E+01; 2.9186000000000E+02; 2.9437800000000E+02; 1.0000000000000E+00; 1.0000000000000E+00; 1.0000000000000E+00; 1.0000000000000E+00; 1.0000000000000E+02; 1.0000000000000E+01; 1.0000000000000E+01; 1.0000000000000E+01;                 NAN; 2.4797875069950E+02; 8.0544680032762E-01; 5.7768493959004E+01; 7.5267194429412E-01; 0.0000000000000E+00;                 NAN;                 NAN; 5.0000000000000E+02; 1.0000000000000E+01; 1.0000000000000E+01; 1.0000000000000E+01; 0.0000000000000E+00; 1.0000000000000E+01; 1.0000000000000E+01
 1.7878388640000E+09; 1.0000000000000E+00; 1.0000000000000E+00; 1.2344556666667E+01; 2.0019103000000E+02; 1.8784647333333E+02; 5.0000000000000E+01; 2.0000000000000E+01; 3.0000000000000E+01; 5.7235000000000E-06; 2.0000000000000E+01; 1.3000000000000E-05; 2.2000000000000E+01; 0.0000000000000E+00;-4.5907655358315E-01; 7.2000000000000E+01; 1.0000000000000E+00;-1.0790000000000E+01;-1.4840000000000E+01; 2.9181300000000E+02; 2.9438100000000E+02; 1.0000000000000E+00; 1.0000000000000E+00; 1.0000000000000E+00; 1.0000000000000E+00; 1.0000000000000E+02; 1.0000000000000E+01; 1.0000000000000E+01; 1.0000000000000E+01;                 NAN; 3.0955936904233E+02; 5.0628912821489E+00; 5.4630321598166E+01;-3.8898111443778E+00;-2.0000000000000E-07;                 NAN;                 NAN; 5.0000000000000E+02; 1.0000000000000E+01; 1.0000000000000E+01; 1.0000000000000E+01; 0.0000000000000E+00; 1.0000000000000E+01; 1.0000000000000E+01
 1.7878388660000E+09; 1.0000000000000E+00; 1.0000000000000E+00; 1.2344183333333E+01; 2.0019127333333E+02; 1.8784709000000E+02; 5.0000000000000E+01; 3.0000000000000E+01; 2.0000000000000E+01; 5.7100000000000E-06; 2.0000000000000E+01; 1.3000000000000E-05; 2.1000000000000E+01; 0.0000000000000E+00;-4.6425011754036E-01; 7.2000000000000E+01; 1.0000000000000E+00;-1.0790000000000E+01;-1.4840000000000E+01; 2.9175250000000E+02; 2.9438300000000E+02; 1.0000000000000E+00; 1.0000000000000E+00; 2.0000000000000E+00; 1.0000000000000E+00; 1.0000000000000E+02; 1.0000000000000E+01; 1.0000000000000E+01; 1.0000000000000E+01;                 NAN; 3.0608602903263E+02;-1.4155569121143E+00; 4.8470140479301E+01;-2.3593257425773E+00; 0.0000000000000E+00;                 NAN;                 NAN; 5.0000000000000E+02; 1.0000000000000E+01; 1.0000000000000E+01; 1.0000000000000E+01; 0.0000000000000E+00; 1.0000000000000E+01; 1.0000000000000E+01
 1.7878388680000E+09; 1.0000000000000E+00; 1.0000000000000E+00; 1.2344265000000E+01; 2.0019141000000E+02; 1.8784714500000E+02; 5.0000000000000E+01; 3.0000000000000E+01; 2.0000000000000E+01; 5.6623809523810E-06; 2.1000000000000E+01; 1.3000000000000E-05; 2.1000000000000E+01; 0.0000000000000E+00;-4.5988810062408E-01; 6.9000000000000E+01; 1.0000000000000E+00;-1.0790000000000E+01;-1.4840000000000E+01; 2.9168800000000E+02; 2.9438500000000E+02; 1.0000000000000E+00; 1.0000000000000E+00; 1.0000000000000E+00; 1.0000000000000E+00; 1.0000000000000E+02; 1.0000000000000E+01; 1.0000000000000E+01; 1.0000000000000E+01;                 NAN;-9.5118738157062E+01;-1.3150749003073E-02; 5.8164168575162E+01;-4.6088534014927E+00;-3.3333333333333E-07;                 NAN;                 NAN; 5.0000000000000E+02; 1.0000000000000E+01; 1.0000000000000E+01; 1.0000000000000E+01; 0.0000000000000E+00; 1.0000000000000E+01; 1.0000000000000E+01
 1.7878388700000E+09; 1.0000000000000E+00; 1.0000000000000E+00; 1.2344696666667E+01; 2.0019189666667E+02; 1.8784720000000E+02; 5.0000000000000E+01; 3.0000000000000E+01; 2.0000000000000E+01; 5.6765000000000E-06; 2.0000000000000E+01; 1.3000000000000E-05; 2.1000000000000E+01; 0.0000000000000E+00;-3.6569902300835E-01; 7.0000000000000E+01; 1.0000000000000E+00;-1.0790000000000E+01;-1.4840000000000E+01; 2.9164200000000E+02; 2.9438400000000E+02; 1.0000000000000E+00; 1.0000000000000E+00; 1.0000000000000E+00; 1.0000000000000E+00; 1.0000000000000E+02; 1.0000000000000E+01; 1.0000000000000E+01; 1.0000000000000E+01;                 NAN; 5.3848454312298E+02; 6.0317776960402E+00; 6.9525529589500E+01;-4.8385010780391E+00; 0.0000000000000E+00;                 NAN;                 NAN; 5.0000000000000E+02; 1.0000000000000E+01; 1.0000000000000E+01; 1.0000000000000E+01; 0.0000000000000E+00; 1.0000000000000E+01; 1.0000000000000E+01
 1.7878388720000E+09; 1.0000000000000E+00; 1.0000000000000E+00; 1.2343513333333E+01; 2.0019212000000E+02; 1.8784860666667E+02; 5.0000000000000E+01; 2.0000000000000E+01; 3.0000000000000E+01; 5.6455000000000E-06; 2.0000000000000E+01; 1.3000000000000E-05; 2.1000000000000E+01; 0.0000000000000E+00;-3.9384922385216E-01; 7.3000000000000E+01; 1.0000000000000E+00;-1.0790000000000E+01;-1.4840000000000E+01; 2.9160500000000E+02; 2.9438400000000E+02; 1.0000000000000E+00; 1.0000000000000E+00; 1.0000000000000E+00; 1.0000000000000E+00; 1.0000000000000E+02; 1.0000000000000E+01; 1.0000000000000E+01; 1.0000000000000E+01;                 NAN; 4.2778074956849E+02; 2.3858356180737E+00; 5.8559843191319E+01;-8.5240726854159E+00; 7.5000000000000E-07;                 NAN;                 NAN; 5.0000000000000E+02; 1.0000000000000E+01; 1.0000000000000E+01; 1.0000000000000E+01; 0.0000000000000E+00; 1.0000000000000E+01; 1.0000000000000E+01
 1.7878388740000E+09; 1.0000000000000E+00; 1.0000000000000E+00; 1.2343155000000E+01; 2.0019217500000E+02; 1.8784902000000E+02; 5.0000000000000E+01; 2.0000000000000E+01; 3.0000000000000E+01; 5.6870000000000E-06; 2.0000000000000E+01; 1.3000000000000E-05; 2.2000000000000E+01; 0.0000000000000E+00;-4.6359074115753E-01; 7.2000000000000E+01; 1.0000000000000E+00;-1.0790000000000E+01;-1.4840000000000E+01; 2.9155900000000E+02; 2.9438900000000E+02; 1.0000000000000E+00; 1.0000000000000E+00; 1.0000000000000E+00; 1.0000000000000E+00; 1.0000000000000E+02; 1.0000000000000E+01; 1.0000000000000E+01; 1.0000000000000E+01;                 NAN;-4.5667588248224E+02;-7.3161626353751E+00; 7.9824308544993E+01;-6.3104341126329E+00; 1.5000000000000E-06;                 NAN;                 NAN; 5.0000000000000E+02; 1.0000000000000E+01; 1.0000000000000E+01; 1.0000000000000E+01; 0.0000000000000E+00; 1.0000000000000E+01; 1.0000000000000E+01
 1.7878388760000E+09; 1.0000000000000E+00; 1.0000000000000E+00; 1.2343562500000E+01; 2.0019233000000E+02; 1.8784876750000E+02; 6.0000000000000E+01; 2.0000000000000E+01; 4.0000000000000E+01; 5.5780952380952E-06; 2.1000000000000E+01; 1.3000000000000E-05; 2.1000000000000E+01; 0.0000000000000E+00;-3.6290937662125E-01; 6.8000000000000E+01; 1.0000000000000E+00;-1.0790000000000E+01;-1.4840000000000E+01; 2.9151900000000E+02; 2.9438700000000E+02; 1.0000000000000E+00; 1.0000000000000E+00; 1.0000000000000E+00; 1.0000000000000E+00; 1.0000000000000E+02; 1.0000000000000E+01; 1.0000000000000E+01; 1.0000000000000E+01;                 NAN;-6.5685372047661E+02;-1.1292694938379E+00; 6.2016400495302E+01;-3.3290672573133E+00; 1.2000000000000E-06;                 NAN;                 NAN; 6.0000000000000E+02; 1.0000000000000E+01; 1.0000000000000E+01; 1.0000000000000E+01; 0.0000000000000E+00; 1.0000000000000E+01; 1.0000000000000E+01
 1.7878388780000E+09; 1.0000000000000E+00; 1.0000000000000E+00; 1.2343708333333E+01; 2.0019276333333E+02; 1.8784905500000E+02; 5.0000000000000E+01; 3.0000000000000E+01; 2.0000000000000E+01; 5.5810000000000E-06; 2.0000000000000E+01; 1.3000000000000E-05; 2.0000000000000E+01; 0.0000000000000E+00;-3.6968064308167E-01; 6.8000000000000E+01; 1.0000000000000E+00;-1.0790000000000E+01;-1.4840000000000E+01; 2.9147200000000E+02; 2.9438800000000E+02; 1.0000000000000E+00; 1.0000000000000E+00; 1.0000000000000E+00; 1.0000000000000E+00; 1.0000000000000E+02; 1.0000000000000E+01; 1.0000000000000E+01; 1.0000000000000E+01;                 NAN;-1.8974659605822E+01;-1.8255856208457E+00; 4.7480953938907E+01;-8.8213186299961E+00; 1.6666666666667E-06;                 NAN;                 NAN; 4.0000000000000E+02; 1.0000000000000E+01; 1.0000000000000E+01; 1.0000000000000E+01; 0.0000000000000E+00; 1.0000000000000E+01; 1.0000000000000E+01
 1.7878388800000E+09; 1.0000000000000E+00; 1.0000000000000E+00; 1.2344108333333E+01; 2.0019295500000E+02; 1.8784884666667E+02; 5.0000000000000E+01; 2.0000000000000E+01; 3.0000000000000E+01; 5.5635000000000E-06; 2.0000000000000E+01; 1.3000000000000E-05; 2.2000000000000E+01; 0.0000000000000E+00;-4.2217695713043E-01; 7.3000000000000E+01; 1.0000000000000E+00;-1.0790000000000E+01;-1.4840000000000E+01; 2.9143000000000E+02; 2.9439200000000E+02; 1.0000000000000E+00; 1.0000000000000E+00; 1.0000000000000E+00; 1.0000000000000E+00; 1.0000000000000E+02; 1.0000000000000E+01; 1.0000000000000E+01; 1.0000000000000E+01;                 NAN;-1.4081897218327E+02;-5.6013495968908E+00; 6.0579470923934E+01;-9.0149630033939E+00; 1.2500000000000E-06;                 NAN;                 NAN; 6.0000000000000E+02; 1.0000000000000E+01; 1.0000000000000E+01; 1.0000000000000E+01; 0.0000000000000E+00; 1.0000000000000E+01; 1.0000000000000E+01
 1.7878388820000E+09; 1.0000000000000E+00; 1.0000000000000E+00; 1.2344173333333E+01; 2.0019317333333E+02; 1.8784900000000E+02; 5.0000000000000E+01; 3.0000000000000E+01; 2.0000000000000E+01; 5.5571428571429E-06; 2.1000000000000E+01; 1.3000000000000E-05; 2.1000000000000E+01; 0.0000000000000E+00;-3.3328825235367E-01; 7.1000000000000E+01; 1.0000000000000E+00;-1.0790000000000E+01;-1.4840000000000E+01; 2.9138800000000E+02; 2.9439200000000E+02; 1.0000000000000E+00; 1.0000000000000E+00; 1.0000000000000E+00; 1.0000000000000E+00; 1.0000000000000E+02; 1.0000000000000E+01; 1.0000000000000E+01; 1.0000000000000E+01;                 NAN;-6.1319670801601E+02;-4.7379795965412E+00; 6.3760555126111E+01;-6.2407079707602E+00; 3.3333333333333E-07;                 NAN;                 NAN; 5.0000000000000E+02; 1.0000000000000E+01; 1.0000000000000E+01; 1.0000000000000E+01; 0.0000000000000E+00; 1.0000000000000E+01; 1.0000000000000E+01
 1.7878388840000E+09; 1.0000000000000E+00; 1.0000000000000E+00; 1.2344360000000E+01; 2.0019336500000E+02; 1.8784900500000E+02; 4.0000000000000E+01; 2.0000000000000E+01; 2.0000000000000E+01; 5.5515000000000E-06; 2.0000000000000E+01; 1.3000000000000E-05; 2.2000000000000E+01; 0.0000000000000E+00;-4.2653897404671E-01; 7.1000000000000E+01; 1.0000000000000E+00;-3.3618830889832E+00;-1.4840000000000E+01; 2.9134300000000E+02; 2.9439100000000E+02; 1.0000000000000E+00; 1.0000000000000E+00; 1.0000000000000E+00; 1.0000000000000E+00; 1.0000000000000E+02; 1.0000000000000E+01; 1.0000000000000E+01; 1.0000000000000E+01;                 NAN;-2.3046393774211E+01;-3.5950358342868E+00; 6.5088474357919E+01; 4.2459708002122E-01; 5.0000000000000E-07;                 NAN;                 NAN; 5.0000000000000E+02; 1.0000000000000E+01; 1.0000000000000E+01; 1.0000000000000E+01; 0.0000000000000E+00; 1.0000000000000E+01; 1.0000000000000E+01
 1.7878388860000E+09; 1.0000000000000E+00; 1.0000000000000E+00; 1.2344106666667E+01; 2.0019378000000E+02; 1.8784967333333E+02; 5.0000000000000E+01; 2.0000000000000E+01; 3.0000000000000E+01; 5.4895000000000E-06; 2.0000000000000E+01; 1.3000000000000E-05; 2.1000000000000E+01; 0.0000000000000E+00;-3.7635046243668E-01; 7.3000000000000E+01; 1.0000000000000E+00;-1.0790000000000E+01;-1.4840000000000E+01; 2.9130000000000E+02; 2.9439700000000E+02; 1.0000000000000E+00; 1.0000000000000E+00; 1.0000000000000E+00; 1.0000000000000E+00; 1.0000000000000E+02; 1.0000000000000E+01; 1.0000000000000E+01; 1.0000000000000E+01;                 NAN; 1.1049242545820E+02; 3.4496262354443E-01; 6.5681986282155E+01; 2.4130108548607E+00; 0.0000000000000E+00;                 NAN;                 NAN; 5.0000000000000E+02; 1.0000000000000E+01; 1.0000000000000E+01; 1.0000000000000E+01; 0.0000000000000E+00; 1.0000000000000E+01; 1.0000000000000E+01
 1.7878388880000E+09; 1.0000000000000E+00; 1.0000000000000E+00; 1.2343830000000E+01; 2.0019357000000E+02; 1.8784974000000E+02; 5.0000000000000E+01; 2.0000000000000E+01; 3.0000000000000E+01; 5.4910000000000E-06; 2.0000000000000E+01; 1.3000000000000E-05; 2.2000000000000E+01; 0.0000000000000E+00;-3.9428037405014E-01; 7.3000000000000E+01; 1.0000000000000E+00;-1.0790000000000E+01;-1.4840000000000E+01; 2.9126100000000E+02; 2.9439500000000E+02; 1.0000000000000E+00; 1.0000000000000E+00; 1.0000000000000E+00; 1.0000000000000E+00; 1.0000000000000E+02; 1.0000000000000E+01; 1.0000000000000E+01; 1.0000000000000E+01;                 NAN; 3.1642556030826E+01;-2.8876179723557E+00; 6.1923077428659E+01; 3.7966035281156E+00; 7.5000000000000E-07;                 NAN;                 NAN; 5.0000000000000E+02; 1.0000000000000E+01; 1.0000000000000E+01; 1.0000000000000E+01; 0.0000000000000E+00; 1.0000000000000E+01; 1.0000000000000E+01
 1.7878388900000E+09; 1.0000000000000E+00; 1.0000000000000E+00; 1.2344380000000E+01; 2.0019421000000E+02; 1.8784983000000E+02; 5.0000000000000E+01; 3.0000000000000E+01; 2.0000000000000E+01; 5.5195238095238E-06; 2.1000000000000E+01; 1.3000000000000E-05; 2.1000000000000E+01; 0.0000000000000E+00;-3.6947774887085E-01; 7.0000000000000E+01; 1.0000000000000E+00;-1.0790000000000E+01;-1.4840000000000E+01; 2.9121900000000E+02; 2.9439200000000E+02; 1.0000000000000E+00; 1.0000000000000E+00; 1.0000000000000E+00; 1.0000000000000E+00; 1.0000000000000E+02; 1.0000000000000E+01; 1.0000000000000E+01; 1.0000000000000E+01;                 NAN; 1.1883442700890E+02; 1.7876697134163E+00; 5.8919982497183E+01; 8.9557234481460E+00; 1.0000000000000E-06;                 NAN;                 NAN; 5.0000000000000E+02; 1.0000000000000E+01; 1.0000000000000E+01; 1.0000000000000E+01; 0.0000000000000E+00; 1.0000000000000E+01; 1.0000000000000E+01
 1.7878388920000E+09; 1.0000000000000E+00; 1.0000000000000E+00; 1.2343121666667E+01; 2.0019372500000E+02; 1.8785060333333E+02; 5.0000000000000E+01; 2.0000000000000E+01; 3.0000000000000E+01; 5.5805000000000E-06; 2.0000000000000E+01; 1.3000000000000E-05; 2.1000000000000E+01; 0.0000000000000E+00;-4.4320085644722E-01; 7.0000000000000E+01; 1.0000000000000E+00;-1.0790000000000E+01;-1.4840000000000E+01; 2.9117500000000E+02; 2.9439700000000E+02; 1.0000000000000E+00; 1.0000000000000E+00; 1.0000000000000E+00; 1.0000000000000E+00; 1.0000000000000E+02; 1.0000000000000E+01; 1.0000000000000E+01; 1.0000000000000E+01;                 NAN;-4.7512182421072E+00; 6.3759594823933E-01; 5.8757680499398E+01; 7.6426985644726E+00; 5.0000000000000E-07;                 NAN;                 NAN; 5.0000000000000E+02; 1.0000000000000E+01; 1.0000000000000E+01; 1.0000000000000E+01; 0.0000000000000E+00; 1.0000000000000E+01; 1.0000000000000E+01
 1.7878388940000E+09; 1.0000000000000E+00; 1.0000000000000E+00; 1.2344055000000E+01; 2.0019414500000E+02; 1.8785009000000E+02; 4.0000000000000E+01; 2.0000000000000E+01; 2.0000000000000E+01; 5.6010000000000E-06; 2.0000000000000E+01; 1.3000000000000E-05; 2.0000000000000E+01; 0.0000000000000E+00; 1.7786870002747E+00; 7.0000000000000E+01; 1.0000000000000E+00;-1.0790000000000E+01;-1.4840000000000E+01; 2.9113500000000E+02; 2.9439600000000E+02; 1.0000000000000E+00; 1.0000000000000E+00; 1.0000000000000E+00; 1.0000000000000E+00; 1.0000000000000E+02; 1.0000000000000E+01; 1.0000000000000E+01; 1.0000000000000E+01;                 NAN; 1.7875356271642E+02; 6.2254852387106E+00; 5.4948832624380E+01; 4.2530106478849E-01;-2.5000000000000E-07;                 NAN;                 NAN; 5.0000000000000E+02; 1.0000000000000E+01; 1.0000000000000E+01; 1.0000000000000E+01; 0.0000000000000E+00; 1.0000000000000E+01; 1.0000000000000E+01
 1.7878388960000E+09; 1.0000000000000E+00; 1.0000000000000E+00; 1.2343816666667E+01; 2.0019435000000E+02; 1.8785053333333E+02; 5.0000000000000E+01; 2.0000000000000E+01; 3.0000000000000E+01; 5.5747619047619E-06; 2.1000000000000E+01; 1.3000000000000E-05; 2.1000000000000E+01; 0.0000000000000E+00;-1.0484048724174E-01; 7.1000000000000E+01; 1.0000000000000E+00;-1.0790000000000E+01;-1.4840000000000E+01; 2.9109100000000E+02; 2.9439700000000E+02; 1.0000000000000E+00; 1.0000000000000E+00; 1.0000000000000E+00; 1.0000000000000E+00; 1.0000000000000E+02; 1.0000000000000E+01; 1.0000000000000E+01; 1.0000000000000E+01;                 NAN; 2.0001996197876E+02;-2.0482697153312E+00; 6.8649545903337E+01; 5.7598219159102E+00; 5.0000000000000E-07;                 NAN;                 NAN; 5.0000000000000E+02; 1.0000000000000E+01; 1.0000000000000E+01; 1.0000000000000E+01; 0.0000000000000E+00; 1.0000000000000E+01; 1.0000000000000E+01
 1.7878388980000E+09; 1.0000000000000E+00; 1.0000000000000E+00; 1.2344160000000E+01; 2.0019466000000E+02; 1.8785050000000E+02; 4.0000000000000E+01; 2.0000000000000E+01; 2.0000000000000E+01; 5.5695000000000E-06; 2.0000000000000E+01; 1.3000000000000E-05; 2.1000000000000E+01; 0.0000000000000E+00;-1.2020897120237E-01; 6.9000000000000E+01; 1.0000000000000E+00;-1.0790000000000E+01;-1.4840000000000E+01; 2.9105300000000E+02; 2.9439700000000E+02; 1.0000000000000E+00; 1.0000000000000E+00; 1.0000000000000E+00; 1.0000000000000E+00; 1.0000000000000E+02; 1.0000000000000E+01; 1.0000000000000E+01; 1.0000000000000E+01;                 NAN;-1.1107001305815E+02; 2.2321707955268E+00; 5.0646350868168E+01; 4.9495747819670E-02; 1.0000000000000E-06;                 NAN;                 NAN; 5.0000000000000E+02; 1.0000000000000E+01; 1.0000000000000E+01; 1.0000000000000E+01; 0.0000000000000E+00; 1.0000000000000E+01; 1.0000000000000E+01
 1.7878389000000E+09; 1.0000000000000E+00; 1.0000000000000E+00; 1.2343680000000E+01; 2.0019480000000E+02; 1.8785112000000E+02; 5.0000000000000E+01; 3.0000000000000E+01; 2.0000000000000E+01; 5.4925000000000E-06; 2.0000000000000E+01; 1.3000000000000E-05; 2.1000000000000E+01; 0.0000000000000E+00;-4.0802577137947E-01; 6.9000000000000E+01; 1.0000000000000E+00;-1.0790000000000E+01;-1.4840000000000E+01; 2.9101000000000E+02; 2.9439700000000E+02; 1.0000000000000E+00; 1.0000000000000E+00; 1.0000000000000E+00; 1.0000000000000E+00; 1.0000000000000E+02; 1.0000000000000E+01; 1.0000000000000E+01; 1.0000000000000E+01;                 NAN; 3.5342911246946E+02;-8.4357032315548E-01; 5.8635352496792E+01; 3.1996966346516E+00; 1.0000000000000E-06;                 NAN;                 NAN; 5.0000000000000E+02; 1.0000000000000E+01; 1.0000000000000E+01; 1.0000000000000E+01; 0.0000000000000E+00; 1.0000000000000E+01; 1.0000000000000E+01
 1.7878389020000E+09; 1.0000000000000E+00; 1.0000000000000E+00; 1.2344425000000E+01; 2.0019523500000E+02; 1.8785081000000E+02; 4.0000000000000E+01; 2.0000000000000E+01; 2.0000000000000E+01; 5.4520000000000E-06; 2.0000000000000E+01; 1.3000000000000E-05; 2.1000000000000E+01; 0.0000000000000E+00;-4.0619981288910E-01; 7.0000000000000E+01; 1.0000000000000E+00;-1.0790000000000E+01;-1.4840000000000E+01; 2.9096700000000E+02; 2.9440000000000E+02; 1.0000000000000E+00; 1.0000000000000E+00; 1.0000000000000E+00; 1.0000000000000E+00; 1.0000000000000E+02; 1.0000000000000E+01; 1.0000000000000E+01; 1.0000000000000E+01;                 NAN; 2.3572069685003E+02; 1.9086565726701E+00; 7.3991153221464E+01; 2.3960951164533E+00; 5.0000000000000E-07;                 NAN;                 NAN; 5.0000000000000E+02; 1.0000000000000E+01; 1.0000000000000E+01; 1.0000000000000E+01; 0.0000000000000E+00; 1.0000000000000E+01; 1.0000000000000E+01
 1.7878389040000E+09; 1.0000000000000E+00; 1.0000000000000E+00; 1.2344233333333E+01; 2.0019518000000E+02; 1.8785094666667E+02; 5.0000000000000E+01; 2.0000000000000E+01; 3.0000000000000E+01; 5.4442857142857E-06; 2.1000000000000E+01; 1.3000000000000E-05; 2.0000000000000E+01; 0.0000000000000E+00;-4.0784826874733E-01; 7.0000000000000E+01; 1.0000000000000E+00;-1.0790000000000E+01;-1.4840000000000E+01;                 NAN; 2.9439500000000E+02; 1.0000000000000E+00; 1.0000000000000E+00; 0.0000000000000E+00; 1.0000000000000E+00; 1.0000000000000E+02; 1.0000000000000E+01; 1.0000000000000E+01; 1.0000000000000E+01;                 NAN;-4.9981401876557E+02;-5.5755540332645E+00; 6.0538216272107E+01;-1.4495354770083E+00; 4.0000000000000E-07;                 NAN;                 NAN; 5.0000000000000E+02; 1.0000000000000E+01; 1.0000000000000E+01; 1.0000000000000E+01; 0.0000000000000E+00; 1.0000000000000E+01; 1.0000000000000E+01
 1.7878389060000E+09; 1.0000000000000E+00; 1.0000000000000E+00; 1.2344528333333E+01; 2.0019528333333E+02; 1.8785075500000E+02; 5.0000000000000E+01; 3.0000000000000E+01; 2.0000000000000E+01; 5.4740000000000E-06; 2.0000000000000E+01; 1.3000000000000E-05; 2.1000000000000E+01; 0.0000000000000E+00;-4.2341962456703E-01; 6.9000000000000E+01; 1.0000000000000E+00;-1.0790000000000E+01;-1.4840000000000E+01; 2.9090600000000E+02; 2.9439400000000E+02; 1.0000000000000E+00; 1.0000000000000E+00; 2.0000000000000E+00; 1.0000000000000E+00; 1.0000000000000E+02; 1.0000000000000E+01; 1.0000000000000E+01; 1.0000000000000E+01;                 NAN; 7.0484754521291E+01; 1.5150266969678E+00; 5.4788072463588E+01; 1.9389285072630E+00; 3.3333333333333E-07;                 NAN;                 NAN; 5.0000000000000E+02; 1.0000000000000E+01; 1.0000000000000E+01; 1.0000000000000E+01; 0.0000000000000E+00; 1.0000000000000E+01; 1.0000000000000E+01
 1.7878389080000E+09; 1.0000000000000E+00; 1.0000000000000E+00; 1.2344580000000E+01; 2.0019575000000E+02; 1.8785117000000E+02; 4.0000000000000E+01; 2.0000000000000E+01; 2.0000000000000E+01; 5.4275000000000E-06; 2.0000000000000E+01; 1.3000000000000E-05; 2.1000000000000E+01; 0.0000000000000E+00;-4.1223561763763E-01; 7.2000000000000E+01; 1.0000000000000E+00;-1.0790000000000E+01;-1.4840000000000E+01; 2.9084600000000E+02; 2.9439800000000E+02; 1.0000000000000E+00; 1.0000000000000E+00; 1.0000000000000E+00; 1.0000000000000E+00; 1.0000000000000E+02; 1.0000000000000E+01; 1.0000000000000E+01; 1.0000000000000E+01;                 NAN;-7.7815548521182E+01;-2.0854696073582E+00; 5.8688384761478E+01;-1.9055822400249E-01; 0.0000000000000E+00;                 NAN;                 NAN; 5.0000000000000E+02; 1.0000000000000E+01; 1.0000000000000E+01; 1.0000000000000E+01; 0.0000000000000E+00; 1.0000000000000E+01; 1.0000000000000E+01
 1.7878389100000E+09; 1.0000000000000E+00; 1.0000000000000E+00; 1.2343976666667E+01; 2.0019544000000E+02; 1.8785146333333E+02; 5.0000000000000E+01; 2.0000000000000E+01; 3.0000000000000E+01; 5.6438095238095E-06; 2.1000000000000E+01; 1.3000000000000E-05; 2.1000000000000E+01; 0.0000000000000E+00;-3.5266372561455E-01; 7.1000000000000E+01; 1.0000000000000E+00;-1.0790000000000E+01;-1.4840000000000E+01; 2.9080800000000E+02; 2.9439600000000E+02; 1.0000000000000E+00; 1.0000000000000E+00; 1.0000000000000E+00; 1.0000000000000E+00; 1.0000000000000E+02; 1.0000000000000E+01; 1.0000000000000E+01; 1.0000000000000E+01;                 NAN; 1.9038081910704E+02; 6.8192641400537E+00; 5.2567424414508E+01;-1.1958143447755E+00; 0.0000000000000E+00;                 NAN;                 NAN; 5.0000000000000E+02; 1.0000000000000E+01; 1.0000000000000E+01; 1.0000000000000E+01; 0.0000000000000E+00; 1.0000000000000E+01; 1.0000000000000E+01
 1.7878389120000E+09; 1.0000000000000E+00; 1.0000000000000E+00; 1.2343750000000E+01; 2.0019554000000E+02; 1.8785179000000E+02; 4.0000000000000E+01; 2.0000000000000E+01; 2.0000000000000E+01; 5.6925000000000E-06; 2.0000000000000E+01; 1.3000000000000E-05; 2.0000000000000E+01; 0.0000000000000E+00;-3.4008488059044E-01; 6.7000000000000E+01; 1.0000000000000E+00;-1.0790000000000E+01;-1.4840000000000E+01;                 NAN; 2.9439500000000E+02; 1.0000000000000E+00; 1.0000000000000E+00; 0.0000000000000E+00; 1.0000000000000E+00; 1.0000000000000E+02; 1.0000000000000E+01; 1.0000000000000E+01; 1.0000000000000E+01;                 NAN;-6.5145325225734E+01; 1.0818990203519E+00; 5.3269048598940E+01; 1.8210692141624E+00; 0.0000000000000E+00;                 NAN;                 NAN; 4.0000000000000E+02; 1.0000000000000E+01; 1.0000000000000E+01; 1.0000000000000E+01; 0.0000000000000E+00; 1.0000000000000E+01; 1.0000000000000E+01
 1.7878389140000E+09; 1.0000000000000E+00; 1.0000000000000E+00; 1.2344480000000E+01; 2.0019621500000E+02; 1.8785173500000E+02; 4.0000000000000E+01; 2.0000000000000E+01; 2.0000000000000E+01; 5.6530000000000E-06; 2.0000000000000E+01; 1.3000000000000E-05; 2.1000000000000E+01; 0.0000000000000E+00;-4.0275079011917E-01; 6.9000000000000E+01; 1.0000000000000E+00;-1.0790000000000E+01;-1.4840000000000E+01; 2.9076400000000E+02; 2.9439400000000E+02; 1.0000000000000E+00; 1.0000000000000E+00; 1.0000000000000E+00; 1.0000000000000E+00; 1.0000000000000E+02; 1.0000000000000E+01; 1.0000000000000E+01; 1.0000000000000E+01;                 NAN; 2.6879654570446E+02; 3.2688369284706E-01; 4.3430810020792E+01;-9.2087770820247E-02;-2.0000000000000E-06;                 NAN;                 NAN; 5.0000000000000E+02; 1.0000000000000E+01; 1.0000000000000E+01; 1.0000000000000E+01; 0.0000000000000E+00; 1.0000000000000E+01; 1.0000000000000E+01
 1.7878389160000E+09; 1.0000000000000E+00; 1.0000000000000E+00; 1.2344408333333E+01; 2.0019621500000E+02; 1.8785180666667E+02; 5.0000000000000E+01; 2.0000000000000E+01; 3.0000000000000E+01; 5.4675000000000E-06; 2.0000000000000E+01; 1.3000000000000E-05; 2.2000000000000E+01; 0.0000000000000E+00;-3.3937478065491E-01; 7.1000000000000E+01; 1.0000000000000E+00;-1.0790000000000E+01;-1.4840000000000E+01; 2.9071800000000E+02; 2.9439200000000E+02; 1.0000000000000E+00; 1.0000000000000E+00; 1.0000000000000E+00; 1.0000000000000E+00; 1.0000000000000E+02; 1.0000000000000E+01; 1.0000000000000E+01; 1.0000000000000E+01;                 NAN; 3.7400049369234E+02; 5.2957534469846E+00; 6.0800745460869E+01; 2.3535922569257E+00;-7.5000000000000E-07;                 NAN;                 NAN; 5.0000000000000E+02; 1.0000000000000E+01; 1.0000000000000E+01; 1.0000000000000E+01; 0.0000000000000E+00; 1.0000000000000E+01; 1.0000000000000E+01
 1.7878389180000E+09; 1.0000000000000E+00; 1.0000000000000E+00; 1.2346301666667E+01; 2.0019642500000E+02; 1.8785012333333E+02; 5.0000000000000E+01; 2.0000000000000E+01; 3.0000000000000E+01; 5.4366666666667E-06; 2.1000000000000E+01; 1.3000000000000E-05; 2.1000000000000E+01; 0.0000000000000E+00;-3.3549463748932E-01; 7.1000000000000E+01; 1.0000000000000E+00;-1.0790000000000E+01;-1.4840000000000E+01; 2.9067600000000E+02; 2.9439400000000E+02; 1.0000000000000E+00; 1.0000000000000E+00; 1.0000000000000E+00; 1.0000000000000E+00; 1.0000000000000E+02; 1.0000000000000E+01; 1.0000000000000E+01; 1.0000000000000E+01;                 NAN;-3.0364857990380E+02;-2.3804312269657E+00; 5.9351192423634E+01; 1.1175372188413E+00; 2.5000000000000E-07;                 NAN;                 NAN; 5.0000000000000E+02; 1.0000000000000E+01; 1.0000000000000E+01; 1.0000000000000E+01; 0.0000000000000E+00; 1.0000000000000E+01; 1.0000000000000E+01
 1.7878389200000E+09; 1.0000000000000E+00; 1.0000000000000E+00; 1.2346235000000E+01; 2.0019642500000E+02; 1.8785019000000E+02; 5.0000000000000E+01; 2.0000000000000E+01; 3.0000000000000E+01; 5.5075000000000E-06; 2.0000000000000E+01; 1.3000000000000E-05; 2.0000000000000E+01; 0.0000000000000E+00;-4.8892590403557E-01; 6.9000000000000E+01; 1.0000000000000E+00;-1.0790000000000E+01;-1.4840000000000E+01; 2.9063600000000E+02; 2.9439500000000E+02; 1.0000000000000E+00; 1.0000000000000E+00; 1.0000000000000E+00; 1.0000000000000E+00; 1.0000000000000E+02; 1.0000000000000E+01; 1.0000000000000E+01; 1.0000000000000E+01;                 NAN;-8.9777838784928E+01;-3.3788140541409E+00; 5.6977144726689E+01; 1.1706601057966E+00; 3.3333333333333E-07;                 NAN;                 NAN; 5.0000000000000E+02; 1.0000000000000E+01; 1.0000000000000E+01; 1.0000000000000E+01; 0.0000000000000E+00; 1.0000000000000E+01; 1.0000000000000E+01
 1.7878389220000E+09; 1.0000000000000E+00; 1.0000000000000E+00; 1.2346080000000E+01; 2.0019647500000E+02; 1.8785039500000E+02; 4.0000000000000E+01; 2.0000000000000E+01; 2.0000000000000E+01; 5.5100000000000E-06; 2.0000000000000E+01; 1.3000000000000E-05; 2.2000000000000E+01; 0.0000000000000E+00;-3.9199790358543E-01; 7.0000000000000E+01; 1.0000000000000E+00;-1.0790000000000E+01;-1.4840000000000E+01; 2.9059800000000E+02; 2.9439400000000E+02; 1.0000000000000E+00; 1.0000000000000E+00; 1.0000000000000E+00; 1.0000000000000E+00; 1.0000000000000E+02; 1.0000000000000E+01; 1.0000000000000E+01; 1.0000000000000E+01;                 NAN;-3.3438540364101E+02;-2.9937732375940E-01; 6.2120914736737E+01;-2.5708151427251E+00; 0.0000000000000E+00;                 NAN;                 NAN; 5.0000000000000E+02; 1.0000000000000E+01; 1.0000000000000E+01; 1.0000000000000E+01; 0.0000000000000E+00; 1.0000000000000E+01; 1.0000000000000E+01
 1.7878389240000E+09; 1.0000000000000E+00; 1.0000000000000E+00; 1.2346015000000E+01; 2.0019677000000E+02; 1.8785075500000E+02; 5.0000000000000E+01; 3.0000000000000E+01; 2.0000000000000E+01; 5.5150000000000E-06; 2.0000000000000E+01; 1.3000000000000E-05; 2.1000000000000E+01; 0.0000000000000E+00;-4.3777370452881E-01; 7.1000000000000E+01; 1.0000000000000E+00;-1.0790000000000E+01;-1.4840000000000E+01; 2.9055800000000E+02; 2.9439300000000E+02; 1.0000000000000E+00; 1.0000000000000E+00; 1.0000000000000E+00; 1.0000000000000E+00; 1.0000000000000E+02; 1.0000000000000E+01; 1.0000000000000E+01; 1.0000000000000E+01;                 NAN;-1.1437362957733E+02;-7.2531855405072E-01; 5.4405259721665E+01;-6.2638068394417E+00;-1.6666666666667E-06;                 NAN;                 NAN; 5.0000000000000E+02; 1.0000000000000E+01; 1.0000000000000E+01; 1.0000000000000E+01; 0.0000000000000E+00; 1.0000000000000E+01; 1.0000000000000E+01
 1.7878389260000E+09; 1.0000000000000E+00; 1.0000000000000E+00; 1.2346431666667E+01; 2.0019720500000E+02; 1.8785077333333E+02; 5.0000000000000E+01; 2.0000000000000E+01; 3.0000000000000E+01; 5.5585714285714E-06; 2.1000000000000E+01; 1.3000000000000E-05; 2.1000000000000E+01; 0.0000000000000E+00;-3.6957919597626E-01; 7.1000000000000E+01; 1.0000000000000E+00;-1.0790000000000E+01;-1.4840000000000E+01; 2.9051600000000E+02; 2.9439600000000E+02; 1.0000000000000E+00; 1.0000000000000E+00; 1.0000000000000E+00; 1.0000000000000E+00; 1.0000000000000E+02; 1.0000000000000E+01; 1.0000000000000E+01; 1.0000000000000E+01;                 NAN; 4.1274510656131E+01;-2.7948218527024E+00; 5.7095929912512E+01; 1.9154963515560E-01;-1.2000000000000E-06;                 NAN;                 NAN; 5.0000000000000E+02; 1.0000000000000E+01; 1.0000000000000E+01; 1.0000000000000E+01; 0.0000000000000E+00; 1.0000000000000E+01; 1.0000000000000E+01
 1.7878389280000E+09; 1.0000000000000E+00; 1.0000000000000E+00; 1.2346033333333E+01; 2.0019725333333E+02; 1.8785122000000E+02; 5.0000000000000E+01; 3.0000000000000E+01; 2.0000000000000E+01; 5.5220000000000E-06; 2.0000000000000E+01; 1.3000000000000E-05; 2.1000000000000E+01; 0.0000000000000E+00;-4.5453700423241E-01; 7.0000000000000E+01; 1.0000000000000E+00;-1.0790000000000E+01;-1.4840000000000E+01; 2.9047800000000E+02; 2.9439300000000E+02; 1.0000000000000E+00; 1.0000000000000E+00; 1.0000000000000E+00; 1.0000000000000E+00; 1.0000000000000E+02; 1.0000000000000E+01; 1.0000000000000E+01; 1.0000000000000E+01;                 NAN; 1.8340738639996E+02; 2.5898382863762E+00; 5.4207422413586E+01; 4.7833998426424E-01;-1.0000000000000E-06;                 NAN;                 NAN; 5.0000000000000E+02; 1.0000000000000E+01; 1.0000000000000E+01; 1.0000000000000E+01; 0.0000000000000E+00; 1.0000000000000E+01; 1.0000000000000E+01
 1.7878389300000E+09; 1.0000000000000E+00; 1.0000000000000E+00; 1.2345641666667E+01; 2.0019751500000E+02; 1.8785187333333E+02; 5.0000000000000E+01; 2.0000000000000E+01; 3.0000000000000E+01; 5.3615000000000E-06; 2.0000000000000E+01; 1.3000000000000E-05; 2.1000000000000E+01; 0.0000000000000E+00;-3.8679900765419E-01; 7.1000000000000E+01; 1.0000000000000E+00;-1.0790000000000E+01;-1.4840000000000E+01; 2.9044000000000E+02; 2.9439300000000E+02; 1.0000000000000E+00; 1.0000000000000E+00; 1.0000000000000E+00; 1.0000000000000E+00; 1.0000000000000E+02; 1.0000000000000E+01; 1.0000000000000E+01; 1.0000000000000E+01;                 NAN; 3.0780797875226E+02; 4.5672210634360E+00; 6.0736053580186E+01; 8.3045322589326E-01;-1.5000000000000E-06;                 NAN;                 NAN; 5.0000000000000E+02; 1.0000000000000E+01; 1.0000000000000E+01; 1.0000000000000E+01; 0.0000000000000E+00; 1.0000000000000E+01; 1.0000000000000E+01
 1.7878389320000E+09; 1.0000000000000E+00; 1.0000000000000E+00; 1.2346240000000E+01; 2.0019746000000E+02; 1.8785122000000E+02; 4.0000000000000E+01; 2.0000000000000E+01; 2.0000000000000E+01; 5.3142857142857E-06; 2.1000000000000E+01; 1.3000000000000E-05; 2.1000000000000E+01; 0.0000000000000E+00;-3.7591934204102E-01; 7.0000000000000E+01; 1.0000000000000E+00;-1.0790000000000E+01;-1.4840000000000E+01; 2.9040000000000E+02; 2.9439100000000E+02; 1.0000000000000E+00; 1.0000000000000E+00; 1.0000000000000E+00; 1.0000000000000E+00; 1.0000000000000E+02; 1.0000000000000E+01; 1.0000000000000E+01; 1.0000000000000E+01;                 NAN;-3.5173491673857E+02;-4.6481986744439E+00; 5.6250461272152E+01; 1.5119793276042E+00;-2.0000000000000E-06;                 NAN;                 NAN; 5.0000000000000E+02; 1.0000000000000E+01; 1.0000000000000E+01; 1.0000000000000E+01; 0.0000000000000E+00; 1.0000000000000E+01; 1.0000000000000E+01
 1.7878389340000E+09; 1.0000000000000E+00; 1.0000000000000E+00; 1.2347155000000E+01; 2.0019791000000E+02; 1.8785075500000E+02; 5.0000000000000E+01; 3.0000000000000E+01; 2.0000000000000E+01; 5.3145000000000E-06; 2.0000000000000E+01; 1.3000000000000E-05; 2.1000000000000E+01; 0.0000000000000E+00;-3.8132113218307E-01; 7.1000000000000E+01; 1.0000000000000E+00;-1.0790000000000E+01;-1.4840000000000E+01; 2.9035900000000E+02; 2.9439300000000E+02; 1.0000000000000E+00; 1.0000000000000E+00; 1.0000000000000E+00; 1.0000000000000E+00; 1.0000000000000E+02; 1.0000000000000E+01; 1.0000000000000E+01; 1.0000000000000E+01;                 NAN; 6.6515132074002E+01;-1.3363506729015E+00; 5.6463095504434E+01;-3.6850746372480E-01;-2.0000000000000E-06;                 NAN;                 NAN; 5.0000000000000E+02; 1.0000000000000E+01; 1.0000000000000E+01; 1.0000000000000E+01; 0.0000000000000E+00; 1.0000000000000E+01; 1.0000000000000E+01
 1.7878389360000E+09; 1.0000000000000E+00; 1.0000000000000E+00; 1.2347238333333E+01; 2.0019787500000E+02; 1.8785063666667E+02; 5.0000000000000E+01; 2.0000000000000E+01; 3.0000000000000E+01; 5.3805000000000E-06; 2.0000000000000E+01; 1.3000000000000E-05; 2.1000000000000E+01; 0.0000000000000E+00;-4.3399497866631E-01; 7.1000000000000E+01; 1.0000000000000E+00;-1.0790000000000E+01;-1.4840000000000E+01; 2.9032300000000E+02; 2.9439300000000E+02; 1.0000000000000E+00; 1.0000000000000E+00; 1.0000000000000E+00; 1.0000000000000E+00; 1.0000000000000E+02; 1.0000000000000E+01; 1.0000000000000E+01; 1.0000000000000E+01;                 NAN;-1.4616650671666E+02; 2.2230085046051E-02; 6.3396303632600E+01; 9.8118931402958E-01;-1.7500000000000E-06;                 NAN;                 NAN; 5.0000000000000E+02; 1.0000000000000E+01; 1.0000000000000E+01; 1.0000000000000E+01; 0.0000000000000E+00; 1.0000000000000E+01; 1.0000000000000E+01
 1.7878389380000E+09; 1.0000000000000E+00; 1.0000000000000E+00; 1.2347736666667E+01; 2.0019849666667E+02; 1.8785076000000E+02; 5.0000000000000E+01; 3.0000000000000E+01; 2.0000000000000E+01; 5.3625000000000E-06; 2.0000000000000E+01; 1.3000000000000E-05; 2.1000000000000E+01; 0.0000000000000E+00;-3.7525996565819E-01; 7.2000000000000E+01; 1.0000000000000E+00;-1.0790000000000E+01;-1.4840000000000E+01; 2.9028100000000E+02; 2.9438800000000E+02; 1.0000000000000E+00; 1.0000000000000E+00; 1.0000000000000E+00; 1.0000000000000E+00; 1.0000000000000E+02; 1.0000000000000E+01; 1.0000000000000E+01; 1.0000000000000E+01;                 NAN; 1.9489720274266E+02; 4.0906535003543E+00; 5.4240395298266E+01;-2.7751766283548E+00;-2.0000000000000E-06;                 NAN;                 NAN; 6.0000000000000E+02; 1.0000000000000E+01; 1.0000000000000E+01; 1.0000000000000E+01; 0.0000000000000E+00; 1.0000000000000E+01; 1.0000000000000E+01
 1.7878389400000E+09; 1.0000000000000E+00; 1.0000000000000E+00; 1.2347570000000E+01; 2.0019824000000E+02; 1.8785067000000E+02; 5.0000000000000E+01; 2.0000000000000E+01; 3.0000000000000E+01; 5.4090476190476E-06; 2.1000000000000E+01; 1.3000000000000E-05; 2.2000000000000E+01; 0.0000000000000E+00;-3.7642654776573E-01; 7.0000000000000E+01; 1.0000000000000E+00;-1.0790000000000E+01;                 NAN; 2.9024300000000E+02; 2.9439300000000E+02; 1.0000000000000E+00; 0.0000000000000E+00; 1.0000000000000E+00; 1.0000000000000E+00; 1.0000000000000E+02; 1.0000000000000E+01; 1.0000000000000E+01; 1.0000000000000E+01;                 NAN; 2.0176600469748E+02; 1.7650661866927E-01; 5.9153355115556E+01;-1.9439616944686E+00;-2.0000000000000E-06;                 NAN;                 NAN; 5.0000000000000E+02; 1.0000000000000E+01; 1.0000000000000E+01; 1.0000000000000E+01; 0.0000000000000E+00; 1.0000000000000E+01; 1.0000000000000E+01
 1.7878389420000E+09; 1.0000000000000E+00; 1.0000000000000E+00; 1.2347330000000E+01; 2.0019819000000E+02; 1.8785086000000E+02; 4.0000000000000E+01; 2.0000000000000E+01; 2.0000000000000E+01; 5.3730000000000E-06; 2.0000000000000E+01; 1.3000000000000E-05; 2.1000000000000E+01; 0.0000000000000E+00;-3.2963633537292E-01; 7.1000000000000E+01; 1.0000000000000E+00;-1.0790000000000E+01;-1.4840000000000E+01; 2.9020400000000E+02; 2.9439300000000E+02; 1.0000000000000E+00; 2.0000000000000E+00; 1.0000000000000E+00; 1.0000000000000E+00; 1.0000000000000E+02; 1.0000000000000E+01; 1.0000000000000E+01; 1.0000000000000E+01;                 NAN; 2.0341813094639E+02; 5.6196526093428E+00; 5.5196608953980E+01;-2.9680120387619E+00;-1.7500000000000E-06;                 NAN;                 NAN; 5.0000000000000E+02; 1.0000000000000E+01; 1.0000000000000E+01; 1.0000000000000E+01; 0.0000000000000E+00; 1.0000000000000E+01; 1.0000000000000E+01
 1.7878389440000E+09; 1.0000000000000E+00; 1.0000000000000E+00; 1.2347878333333E+01; 2.0019832333333E+02; 1.8785044500000E+02; 5.0000000000000E+01; 3.0000000000000E+01; 2.0000000000000E+01; 5.4095000000000E-06; 2.0000000000000E+01; 1.3000000000000E-05; 2.1000000000000E+01; 0.0000000000000E+00;-4.2768019437790E-01; 7.2000000000000E+01; 1.0000000000000E+00;-1.0790000000000E+01;-1.4840000000000E+01; 2.9016400000000E+02; 2.9438800000000E+02; 1.0000000000000E+00; 1.0000000000000E+00; 1.0000000000000E+00; 1.0000000000000E+00; 1.0000000000000E+02; 1.0000000000000E+01; 1.0000000000000E+01; 1.0000000000000E+01;                 NAN; 1.6088195597343E+01;-1.1071875866854E-02; 5.6185795494374E+01;-1.8633047745435E+00;-2.0000000000000E-06;                 NAN;                 NAN; 5.0000000000000E+02; 1.0000000000000E+01; 1.0000000000000E+01; 1.0000000000000E+01; 0.0000000000000E+00; 1.0000000000000E+01; 1.0000000000000E+01
 1.7878389460000E+09; 1.0000000000000E+00; 1.0000000000000E+00; 1.2347425000000E+01; 2.0019854500000E+02; 1.8785112000000E+02; 5.0000000000000E+01; 2.0000000000000E+01; 3.0000000000000E+01; 5.4514285714286E-06; 2.1000000000000E+01; 1.3000000000000E-05; 2.1000000000000E+01; 0.0000000000000E+00;-4.5712378621101E-01; 7.1000000000000E+01; 1.0000000000000E+00;-1.0790000000000E+01;-1.4840000000000E+01; 2.9013000000000E+02; 2.9439000000000E+02; 1.0000000000000E+00; 1.0000000000000E+00; 1.0000000000000E+00; 1.0000000000000E+00; 1.0000000000000E+02; 1.0000000000000E+01; 1.0000000000000E+01; 1.0000000000000E+01;                 NAN; 2.2364881654700E+02; 1.2858876649845E+00; 5.9944704347871E+01;-2.9492979403080E+00;-2.2500000000000E-06;                 NAN;                 NAN; 5.0000000000000E+02; 1.0000000000000E+01; 1.0000000000000E+01; 1.0000000000000E+01; 0.0000000000000E+00; 1.0000000000000E+01; 1.0000000000000E+01
 1.7878389480000E+09; 1.0000000000000E+00; 1.0000000000000E+00; 1.2347600000000E+01; 2.0019834000000E+02; 1.8785074000000E+02; 5.0000000000000E+01; 2.0000000000000E+01; 3.0000000000000E+01; 5.4665000000000E-06; 2.0000000000000E+01; 1.3000000000000E-05; 2.0000000000000E+01; 0.0000000000000E+00;-3.7168413400650E-01; 6.7000000000000E+01; 1.0000000000000E+00;-1.0790000000000E+01;-1.4840000000000E+01; 2.9008800000000E+02; 2.9439100000000E+02; 1.0000000000000E+00; 1.0000000000000E+00; 1.0000000000000E+00; 1.0000000000000E+00; 1.0000000000000E+02; 1.0000000000000E+01; 1.0000000000000E+01; 1.0000000000000E+01;                 NAN; 1.0896597641987E+01; 4.7735812730214E+00; 5.3416073181271E+01;-3.6843116479449E+00;-2.5000000000000E-06;                 NAN;                 NAN; 4.0000000000000E+02; 1.0000000000000E+01; 1.0000000000000E+01; 1.0000000000000E+01; 0.0000000000000E+00; 1.0000000000000E+01; 1.0000000000000E+01
 1.7878389500000E+09; 1.0000000000000E+00; 1.0000000000000E+00; 1.2348380000000E+01; 2.0019881000000E+02; 1.8785043000000E+02; 5.0000000000000E+01; 2.0000000000000E+01; 3.0000000000000E+01; 5.4275000000000E-06; 2.0000000000000E+01; 1.3000000000000E-05; 2.2000000000000E+01; 0.0000000000000E+00;-3.2679596543312E-01; 7.0000000000000E+01; 1.0000000000000E+00;-1.0790000000000E+01;-1.4840000000000E+01; 2.9005100000000E+02; 2.9438900000000E+02; 1.0000000000000E+00; 1.0000000000000E+00; 1.0000000000000E+00; 1.0000000000000E+00; 1.0000000000000E+02; 1.0000000000000E+01; 1.0000000000000E+01; 1.0000000000000E+01;                 NAN;-8.4525789875356E+01; 4.6836165945090E-02; 5.9351192423634E+01;-5.3526002999769E+00;-3.0000000000000E-06;                 NAN;                 NAN; 5.0000000000000E+02; 1.0000000000000E+01; 1.0000000000000E+01; 1.0000000000000E+01; 0.0000000000000E+00; 1.0000000000000E+01; 1.0000000000000E+01
 1.7878389520000E+09; 1.0000000000000E+00; 1.0000000000000E+00; 1.2347840000000E+01; 2.0019860000000E+02; 1.8785076000000E+02; 4.0000000000000E+01; 2.0000000000000E+01; 2.0000000000000E+01; 5.4775000000000E-06; 2.0000000000000E+01; 1.3000000000000E-05; 2.1000000000000E+01; 0.0000000000000E+00;-4.2225304245949E-01; 7.1000000000000E+01; 1.0000000000000E+00;-1.0790000000000E+01;-1.4840000000000E+01; 2.9001900000000E+02; 2.9439200000000E+02; 1.0000000000000E+00; 1.0000000000000E+00; 1.0000000000000E+00; 1.0000000000000E+00; 1.0000000000000E+02; 1.0000000000000E+01; 1.0000000000000E+01; 1.0000000000000E+01;                 NAN; 3.3296923071006E+02; 4.2013248161782E+00; 7.1740125797401E+01;-3.0599113214403E+00;-3.0000000000000E-06;                 NAN;                 NAN; 5.0000000000000E+02; 1.0000000000000E+01; 1.0000000000000E+01; 1.0000000000000E+01; 0.0000000000000E+00; 1.0000000000000E+01; 1.0000000000000E+01
 1.7878389540000E+09; 1.0000000000000E+00; 1.0000000000000E+00; 1.2347893333333E+01; 2.0019839333333E+02; 1.8785050000000E+02; 6.0000000000000E+01; 3.0000000000000E+01; 3.0000000000000E+01; 5.5042857142857E-06; 2.1000000000000E+01; 1.3000000000000E-05; 2.1000000000000E+01; 0.0000000000000E+00;-3.5560554265976E-01; 7.3000000000000E+01; 1.0000000000000E+00;-1.0790000000000E+01;-1.4840000000000E+01; 2.8997800000000E+02; 2.9438700000000E+02; 1.0000000000000E+00; 1.0000000000000E+00; 1.0000000000000E+00; 1.0000000000000E+00; 1.0000000000000E+02; 1.0000000000000E+01; 1.0000000000000E+01; 1.0000000000000E+01;                 NAN;-1.8760178710884E+02;-5.3311362751944E+00; 5.0613377983488E+01;-6.6383998895186E+00;-2.5000000000000E-06;                 NAN;                 NAN; 6.0000000000000E+02; 1.0000000000000E+01; 1.0000000000000E+01; 1.0000000000000E+01; 0.0000000000000E+00; 1.0000000000000E+01; 1.0000000000000E+01
 1.7878389560000E+09; 1.0000000000000E+00; 1.0000000000000E+00; 1.2348930000000E+01; 2.0019881000000E+02; 1.8784988000000E+02; 4.0000000000000E+01; 2.0000000000000E+01; 2.0000000000000E+01; 5.4795000000000E-06; 2.0000000000000E+01; 1.3000000000000E-05; 2.2000000000000E+01; 0.0000000000000E+00;-3.9752650260925E-01; 7.2000000000000E+01; 1.0000000000000E+00;-1.0790000000000E+01;-1.4840000000000E+01; 2.8994100000000E+02; 2.9439200000000E+02; 1.0000000000000E+00; 1.0000000000000E+00; 1.0000000000000E+00; 1.0000000000000E+00; 1.0000000000000E+02; 1.0000000000000E+01; 1.0000000000000E+01; 1.0000000000000E+01;                 NAN;-3.1589418761846E+02;-2.2129715791164E+00; 5.4525985684219E+01;-4.2023666256068E+00;-2.3333333333333E-06;                 NAN;                 NAN; 5.0000000000000E+02; 1.0000000000000E+01; 1.0000000000000E+01; 1.0000000000000E+01; 0.0000000000000E+00; 1.0000000000000E+01; 1.0000000000000E+01
 1.7878389580000E+09; 1.0000000000000E+00; 1.0000000000000E+00; 1.2348581666667E+01; 2.0019866666667E+02; 1.8785008500000E+02; 5.0000000000000E+01; 3.0000000000000E+01; 2.0000000000000E+01; 5.4665000000000E-06; 2.0000000000000E+01; 1.3000000000000E-05; 2.1000000000000E+01; 0.0000000000000E+00;-4.1246387362480E-01; 7.3000000000000E+01; 1.0000000000000E+00;-1.0790000000000E+01;-1.4840000000000E+01; 2.8990900000000E+02; 2.9439300000000E+02; 1.0000000000000E+00; 1.0000000000000E+00; 1.0000000000000E+00; 1.0000000000000E+00; 1.0000000000000E+02; 1.0000000000000E+01; 1.0000000000000E+01; 1.0000000000000E+01;                 NAN;-1.0659736395397E+02;-1.3188116005416E+00; 6.8649545903337E+01;-2.4239393899673E+00;-2.2000000000000E-06;                 NAN;                 NAN; 5.0000000000000E+02; 1.0000000000000E+01; 1.0000000000000E+01; 1.0000000000000E+01; 0.0000000000000E+00; 1.0000000000000E+01; 1.0000000000000E+01
 1.7878389600000E+09; 1.0000000000000E+00; 1.0000000000000E+00; 1.2348517500000E+01; 2.0019880750000E+02; 1.8785029000000E+02; 6.0000000000000E+01; 4.0000000000000E+01; 2.0000000000000E+01; 5.4800000000000E-06; 2.1000000000000E+01; 1.3000000000000E-05; 2.2000000000000E+01; 0.0000000000000E+00;-4.0018936991692E-01; 7.3000000000000E+01; 1.0000000000000E+00;-1.0790000000000E+01;-1.4840000000000E+01; 2.8987100000000E+02; 2.9439000000000E+02; 1.0000000000000E+00; 1.0000000000000E+00; 1.0000000000000E+00; 1.0000000000000E+00; 1.0000000000000E+02; 1.0000000000000E+01; 1.0000000000000E+01; 1.0000000000000E+01;                 NAN;-5.1367343525235E+01;-4.1879764261288E-03; 6.3215284577778E+01;-3.5406155748935E+00;-2.7500000000000E-06;                 NAN;                 NAN; 6.0000000000000E+02; 1.0000000000000E+01; 1.0000000000000E+01; 1.0000000000000E+01; 0.0000000000000E+00; 1.0000000000000E+01; 1.0000000000000E+01
 1.7878389620000E+09; 1.0000000000000E+00; 1.0000000000000E+00; 1.2349033333333E+01; 2.0019881000000E+02; 1.8784977666667E+02; 5.0000000000000E+01; 2.0000000000000E+01; 3.0000000000000E+01; 5.4705000000000E-06; 2.0000000000000E+01; 1.3000000000000E-05; 2.1000000000000E+01; 0.0000000000000E+00;-4.0305510163307E-01; 7.3000000000000E+01; 1.0000000000000E+00;-1.0790000000000E+01;-1.4840000000000E+01; 2.8983800000000E+02; 2.9439000000000E+02; 1.0000000000000E+00; 1.0000000000000E+00; 1.0000000000000E+00; 1.0000000000000E+00; 1.0000000000000E+02; 1.0000000000000E+01; 1.0000000000000E+01; 1.0000000000000E+01;                 NAN;-2.5714234640069E+01; 9.1345025364036E-03; 5.7372819342847E+01;-2.1608076707405E+00;-1.3333333333333E-06;                 NAN;                 NAN; 5.0000000000000E+02; 1.0000000000000E+01; 1.0000000000000E+01; 1.0000000000000E+01; 0.0000000000000E+00; 1.0000000000000E+01; 1.0000000000000E+01
 1.7878389640000E+09; 1.0000000000000E+00; 1.0000000000000E+00; 1.2349338333333E+01; 2.0019901333333E+02; 1.8784967500000E+02; 5.0000000000000E+01; 3.0000000000000E+01; 2.0000000000000E+01; 5.4875000000000E-06; 2.0000000000000E+01; 1.3000000000000E-05; 2.2000000000000E+01; 0.0000000000000E+00;-4.3447682261467E-01; 7.4000000000000E+01; 1.0000000000000E+00;-1.0790000000000E+01;-1.4840000000000E+01; 2.8980300000000E+02; 2.9438900000000E+02; 1.0000000000000E+00; 1.0000000000000E+00; 1.0000000000000E+00; 1.0000000000000E+00; 1.0000000000000E+02; 1.0000000000000E+01; 1.0000000000000E+01; 1.0000000000000E+01;                 NAN;-1.3210167155758E+02;-1.3362170786419E+00; 6.0340378964028E+01; 7.7125035060300E-01;-2.5000000000000E-06;                 NAN;                 NAN; 5.0000000000000E+02; 1.0000000000000E+01; 1.0000000000000E+01; 1.0000000000000E+01; 0.0000000000000E+00; 1.0000000000000E+01; 1.0000000000000E+01
 1.7878389660000E+09; 1.0000000000000E+00; 1.0000000000000E+00; 1.2349856666667E+01; 2.0019873666667E+02; 1.8784888000000E+02; 6.0000000000000E+01; 3.0000000000000E+01; 3.0000000000000E+01; 5.4260000000000E-06; 2.0000000000000E+01; 1.3000000000000E-05; 2.2000000000000E+01; 0.0000000000000E+00;-3.4807345271111E-01; 7.4000000000000E+01; 1.0000000000000E+00;-1.0790000000000E+01;-1.4840000000000E+01; 2.8977300000000E+02; 2.9439300000000E+02; 1.0000000000000E+00; 1.0000000000000E+00; 1.0000000000000E+00; 1.0000000000000E+00; 1.0000000000000E+02; 1.0000000000000E+01; 1.0000000000000E+01; 1.0000000000000E+01;                 NAN;-4.6814353576409E+01;-4.3720628162333E+00; 7.1056566484962E+01; 3.6611355838149E+00;-3.0000000000000E-06;                 NAN;                 NAN; 6.0000000000000E+02; 1.0000000000000E+01; 1.0000000000000E+01; 1.0000000000000E+01; 0.0000000000000E+00; 1.0000000000000E+01; 1.0000000000000E+01
 1.7878389680000E+09; 1.0000000000000E+00; 1.0000000000000E+00; 1.2350005000000E+01; 2.0019865000000E+02; 1.8784864500000E+02; 4.0000000000000E+01; 2.0000000000000E+01; 2.0000000000000E+01; 5.6319047619048E-06; 2.1000000000000E+01; 1.3000000000000E-05; 2.2000000000000E+01; 0.0000000000000E+00;-3.7348473072052E-01; 7.4000000000000E+01; 1.0000000000000E+00;-1.0790000000000E+01;-1.4840000000000E+01; 2.8974000000000E+02; 2.9439200000000E+02; 1.0000000000000E+00; 1.0000000000000E+00; 1.0000000000000E+00; 1.0000000000000E+00; 1.0000000000000E+02; 1.0000000000000E+01; 1.0000000000000E+01; 1.0000000000000E+01;                 NAN; 2.4040916668833E+02; 2.2302593853649E-01; 6.1559545875169E+01; 2.9154981988085E+00;-3.0000000000000E-06;                 NAN;                 NAN; 5.0000000000000E+02; 1.0000000000000E+01; 1.0000000000000E+01; 1.0000000000000E+01; 0.0000000000000E+00; 1.0000000000000E+01; 1.0000000000000E+01
 1.7878389700000E+09; 1.0000000000000E+00; 1.0000000000000E+00; 1.2350668333333E+01; 2.0019865500000E+02; 1.8784798666667E+02; 5.0000000000000E+01; 2.0000000000000E+01; 3.0000000000000E+01; 5.6000000000000E-06; 2.0000000000000E+01; 1.3000000000000E-05; 2.2000000000000E+01; 0.0000000000000E+00;-3.1152892112732E-01; 7.4000000000000E+01; 1.0000000000000E+00;-1.0790000000000E+01;-1.4840000000000E+01; 2.8970500000000E+02; 2.9438900000000E+02; 1.0000000000000E+00; 1.0000000000000E+00; 1.0000000000000E+00; 1.0000000000000E+00; 1.0000000000000E+02; 1.0000000000000E+01; 1.0000000000000E+01; 1.0000000000000E+01;                 NAN;-2.5878401272104E+02;-2.4718040076971E+00; 6.4791718395801E+01; 3.0107924988104E+00;-3.0000000000000E-06;                 NAN;                 NAN; 6.0000000000000E+02; 1.0000000000000E+01; 1.0000000000000E+01; 1.0000000000000E+01; 0.0000000000000E+00; 1.0000000000000E+01; 1.0000000000000E+01
 1.7878389720000E+09; 1.0000000000000E+00; 1.0000000000000E+00; 1.2350126666667E+01; 2.0019860000000E+02; 1.8784847333333E+02; 6.0000000000000E+01; 3.0000000000000E+01; 3.0000000000000E+01; 5.4120000000000E-06; 2.0000000000000E+01; 1.3000000000000E-05; 2.2000000000000E+01; 0.0000000000000E+00;-3.4756624698639E-01; 7.3000000000000E+01; 1.0000000000000E+00;-1.0790000000000E+01;-1.4840000000000E+01; 2.8966150000000E+02; 2.9439100000000E+02; 1.0000000000000E+00; 1.0000000000000E+00; 2.0000000000000E+00; 1.0000000000000E+00; 1.0000000000000E+02; 1.0000000000000E+01; 1.0000000000000E+01; 1.0000000000000E+01;                 NAN;-3.0940362324081E+02;-4.4173421597994E+00; 4.9261489711617E+01; 2.0822909922019E+00;-2.3333333333333E-06;                 NAN;                 NAN; 5.0000000000000E+02; 1.0000000000000E+01; 1.0000000000000E+01; 1.0000000000000E+01; 0.0000000000000E+00; 1.0000000000000E+01; 1.0000000000000E+01
 1.7878389740000E+09; 1.0000000000000E+00; 1.0000000000000E+00; 1.2351948333333E+01; 2.0019818500000E+02; 1.8784623666667E+02; 5.0000000000000E+01; 2.0000000000000E+01; 3.0000000000000E+01; 5.4571428571429E-06; 2.1000000000000E+01; 1.3000000000000E-05; 2.1000000000000E+01; 0.0000000000000E+00;-3.2862192392349E-01; 7.3000000000000E+01; 1.0000000000000E+00;-1.0790000000000E+01;-1.4840000000000E+01; 2.8961800000000E+02; 2.9439100000000E+02; 1.0000000000000E+00; 1.0000000000000E+00; 1.0000000000000E+00; 1.0000000000000E+00; 1.0000000000000E+02; 1.0000000000000E+01; 1.0000000000000E+01; 1.0000000000000E+01;                 NAN;-1.5201134199793E+02;-2.5227583114807E+00; 7.5969526302252E+01; 1.8016927490672E+00;-3.0000000000000E-06;                 NAN;                 NAN; 5.0000000000000E+02; 1.0000000000000E+01; 1.0000000000000E+01; 1.0000000000000E+01; 0.0000000000000E+00; 1.0000000000000E+01; 1.0000000000000E+01
 1.7878389760000E+09; 1.0000000000000E+00; 1.0000000000000E+00; 1.2352108333333E+01; 2.0019822333333E+02; 1.8784611500000E+02; 5.0000000000000E+01; 3.0000000000000E+01; 2.0000000000000E+01; 5.3370000000000E-06; 2.0000000000000E+01; 1.3000000000000E-05; 2.2000000000000E+01; 0.0000000000000E+00;-3.0498588085175E-01; 7.4000000000000E+01; 1.0000000000000E+00;-1.0790000000000E+01;-1.4840000000000E+01; 2.8958900000000E+02; 2.9439200000000E+02; 1.0000000000000E+00; 1.0000000000000E+00; 1.0000000000000E+00; 1.0000000000000E+00; 1.0000000000000E+02; 1.0000000000000E+01; 1.0000000000000E+01; 1.0000000000000E+01;                 NAN;-2.0168864138721E-01; 4.5860831306450E+00; 5.7006056376495E+01; 8.9857419377249E-01;-3.0000000000000E-06;                 NAN;                 NAN; 6.0000000000000E+02; 1.0000000000000E+01; 1.0000000000000E+01; 1.0000000000000E+01; 0.0000000000000E+00; 1.0000000000000E+01; 1.0000000000000E+01
 1.7878389780000E+09; 1.0000000000000E+00; 1.0000000000000E+00; 1.2352850000000E+01; 2.0019867000000E+02; 1.8784582000000E+02; 6.0000000000000E+01; 3.0000000000000E+01; 3.0000000000000E+01; 5.4435000000000E-06; 2.0000000000000E+01; 1.3000000000000E-05; 2.2000000000000E+01; 0.0000000000000E+00;-4.0987709164619E-01; 7.3000000000000E+01; 1.0000000000000E+00;-1.0790000000000E+01;-1.4840000000000E+01; 2.8955800000000E+02; 2.9439100000000E+02; 1.0000000000000E+00; 1.0000000000000E+00; 1.0000000000000E+00; 1.0000000000000E+00; 1.0000000000000E+02; 1.0000000000000E+01; 1.0000000000000E+01; 1.0000000000000E+01;                 NAN; 5.4850706442993E+01; 1.4043978074336E+00; 5.2283139696688E+01; 5.3218135531617E+00;-2.3333333333333E-06;                 NAN;                 NAN; 5.0000000000000E+02; 1.0000000000000E+01; 1.0000000000000E+01; 1.0000000000000E+01; 0.0000000000000E+00; 1.0000000000000E+01; 1.0000000000000E+01
 1.7878389800000E+09; 1.0000000000000E+00; 1.0000000000000E+00; 1.2354005000000E+01; 2.0019927500000E+02; 1.8784527000000E+02; 5.0000000000000E+01; 2.0000000000000E+01; 3.0000000000000E+01; 5.4235000000000E-06; 2.0000000000000E+01; 1.3000000000000E-05; 2.1000000000000E+01; 0.0000000000000E+00;-4.1667371988297E-01; 7.3000000000000E+01; 1.0000000000000E+00;-1.0790000000000E+01;-1.4840000000000E+01; 2.8953300000000E+02; 2.9439050000000E+02; 1.0000000000000E+00; 1.0000000000000E+00; 1.0000000000000E+00; 2.0000000000000E+00; 1.0000000000000E+02; 1.0000000000000E+01; 1.0000000000000E+01; 1.0000000000000E+01;                 NAN; 9.8923192945799E+01; 5.1788873975630E+00; 5.9746867039792E+01; 6.0003387659935E+00;-1.4000000000000E-06;                 NAN;                 NAN; 5.0000000000000E+02; 1.0000000000000E+01; 1.0000000000000E+01; 1.0000000000000E+01; 0.0000000000000E+00; 1.0000000000000E+01; 1.0000000000000E+01
