#('timer', 'discharge-state', 'gpib-controller', 'wire-detector', 'chamber-pressure', 'discharge-pressure', 'hydrogen-flow', 'Keithley-199_address-26')
#((('unix-time',), ()), (('rf-was-on', 'plasma-was-on'), ()), ((), ()), (('wire-detector-difference_ohms', 'front-wire_ohms', 'back-wire_ohms'), ('wire-detector-combined_plcs', 'front-wire_plcs', 'back-wire_plcs')), (('chamber-pressure_mbar',), ('chamber-pressure_number-measurements',)), (('discharge-pressure_mbar',), ('discharge-pressure_number-measurements',)), (('hydrogen-flow-mln_min', 'flowmeter-temperature_celsius'), ('hydrogen-flow_number-measurements', 'flowmeter-temperature_number-measurements')), (('rf-input_dbm', 'rf-reflected_dbm', 'nozzle-temperature_kelvin', 'discharge-temperature_kelvin'), ('rf-input_plcs', 'rf-output_plcs', 'nozzle-temperature_plcs', 'discharge-temperature_plcs')))
#((('Unix Time [s]',), ()), (('RF was switched on (0 = True)', 'Plasma was on (0 = True)'), ()), ((), ()), (('Difference in resistance [Ω]', 'Resistance front wire [Ω]', 'Resistance back wire [Ω]'), ('Combined exposure [#PLCs]', '#PLCs front wire', '#PLCs back wire')), (('Background pressure [mBar]',), ('#Measurements',)), (('Pressure discharge tube [mBar]',), ('#Measurements',)), (('Hydrogen flow [mln/min]', 'Flowmeter ambient temperature [°C]'), ('#Measurements flow', '#Measurements ambient flowmeter temperature')), (('RF power in [dBm]', 'RF power reflected [dBm]', 'Nozzle temperature [K]', 'Discharge tube temperature [K]'), ('#PLCs', '#PLCs', '#PLCs', '#PLCs')))
 1.7878417600000E+09;                 NAN; 2.0000000000000E+00;                 NAN;                 NAN;                 NAN; 0.0000000000000E+00; 0.0000000000000E+00; 0.0000000000000E+00; 4.1858156028369E-06; 1.4100000000000E+02;                 NAN; 0.0000000000000E+00; 0.0000000000000E+00;                 NAN; 1.0000000000000E+00; 0.0000000000000E+00;                 NAN;                 NAN;                 NAN;                 NAN; 0.0000000000000E+00; 0.0000000000000E+00; 0.0000000000000E+00; 0.0000000000000E+00
 1.7878417610000E+09;                 NAN; 2.0000000000000E+00; 7.5861400000000E+00; 1.8423924000000E+02; 1.7665310000000E+02; 4.0000000000000E+01; 2.0000000000000E+01; 2.0000000000000E+01; 4.1027272727273E-06; 1.1000000000000E+01; 1.1000000000000E-05; 2.1000000000000E+01; 0.0000000000000E+00;-4.3019089102745E-01; 7.1000000000000E+01; 1.0000000000000E+00;                 NAN;-8.7871313964436E+00; 2.9188000000000E+02; 2.9416800000000E+02; 0.0000000000000E+00; 1.0000000000000E+00; 1.0000000000000E+00; 1.0000000000000E+00
 1.7878417620000E+09; 1.0000000000000E+00; 2.0000000000000E+00; 9.4677350000000E+00; 1.9075601500000E+02; 1.8128828000000E+02; 4.0000000000000E+01; 2.0000000000000E+01; 2.0000000000000E+01; 4.0740000000000E-06; 1.0000000000000E+01; 1.1000000000000E-05; 2.0000000000000E+01; 0.0000000000000E+00;-5.2093094587326E-01; 7.2000000000000E+01; 1.0000000000000E+00;-4.9069509973359E+00;-9.2617007320256E+00; 2.9187800000000E+02; 2.9416300000000E+02; 1.0000000000000E+00; 1.0000000000000E+00; 1.0000000000000E+00; 1.0000000000000E+00
 1.7878417630000E+09; 1.0000000000000E+00; 2.0000000000000E+00; 1.0673065000000E+01; 1.9463564000000E+02; 1.8396257500000E+02; 4.0000000000000E+01; 2.0000000000000E+01; 2.0000000000000E+01; 4.0670000000000E-06; 1.0000000000000E+01; 1.1000000000000E-05; 2.1000000000000E+01; 0.0000000000000E+00;-4.2943006753922E-01; 7.1000000000000E+01; 1.0000000000000E+00;-5.1817109371155E+00;-9.0128153767631E+00; 2.9187800000000E+02; 2.9416400000000E+02; 1.0000000000000E+00; 1.0000000000000E+00; 1.0000000000000E+00; 1.0000000000000E+00
 1.7878417640000E+09; 1.0000000000000E+00; 2.0000000000000E+00; 1.1821848333333E+01; 1.9721495333333E+02; 1.8539310500000E+02; 5.0000000000000E+01; 3.0000000000000E+01; 2.0000000000000E+01; 4.0800000000000E-06; 1.0000000000000E+01; 1.1000000000000E-05; 2.0000000000000E+01; 0.0000000000000E+00;-4.4832369685173E-01; 7.2000000000000E+01; 1.0000000000000E+00;-2.4745215888916E+00;-8.5389620342075E+00; 2.9187500000000E+02; 2.9416500000000E+02; 1.0000000000000E+00; 1.0000000000000E+00; 1.0000000000000E+00; 1.0000000000000E+00
 1.7878417650000E+09; 1.0000000000000E+00; 2.0000000000000E+00; 1.2227336666667E+01; 1.9851672000000E+02; 1.8628938333333E+02; 5.0000000000000E+01; 2.0000000000000E+01; 3.0000000000000E+01; 4.0700000000000E-06; 1.0000000000000E+01; 1.1000000000000E-05; 2.1000000000000E+01; 0.0000000000000E+00;-4.5854398608208E-01; 7.1000000000000E+01; 1.0000000000000E+00;-4.4953434787499E+00;-8.8942056849811E+00; 2.9187700000000E+02; 2.9416600000000E+02; 1.0000000000000E+00; 1.0000000000000E+00; 1.0000000000000E+00; 1.0000000000000E+00
 1.7878417660000E+09; 1.0000000000000E+00; 2.0000000000000E+00; 1.2316235000000E+01; 1.9902646500000E+02; 1.8671023000000E+02; 4.0000000000000E+01; 2.0000000000000E+01; 2.0000000000000E+01; 4.1040000000000E-06; 1.0000000000000E+01; 1.1000000000000E-05; 2.0000000000000E+01; 0.0000000000000E+00;-5.2123522758484E-01; 7.2000000000000E+01; 1.0000000000000E+00;-2.2037348518136E+00;-9.2775962948250E+00; 2.9187600000000E+02; 2.9416800000000E+02; 1.0000000000000E+00; 1.0000000000000E+00; 1.0000000000000E+00; 1.0000000000000E+00
 1.7878417670000E+09; 1.0000000000000E+00; 2.0000000000000E+00; 1.2429180000000E+01; 1.9929878500000E+02; 1.8686960500000E+02; 4.0000000000000E+01; 2.0000000000000E+01; 2.0000000000000E+01; 4.1080000000000E-06; 1.0000000000000E+01; 1.1000000000000E-05; 2.1000000000000E+01; 0.0000000000000E+00;-4.3757081031799E-01; 7.1000000000000E+01; 1.0000000000000E+00;-4.7049564034587E+00;-9.2692053623464E+00; 2.9187800000000E+02; 2.9416700000000E+02; 1.0000000000000E+00; 1.0000000000000E+00; 1.0000000000000E+00; 1.0000000000000E+00
 1.7878417680000E+09; 1.0000000000000E+00; 2.0000000000000E+00; 1.2511665000000E+01; 1.9946748000000E+02; 1.8695581500000E+02; 5.0000000000000E+01; 3.0000000000000E+01; 2.0000000000000E+01; 4.1027272727273E-06; 1.1000000000000E+01; 1.1000000000000E-05; 2.0000000000000E+01; 0.0000000000000E+00;-4.1091689467430E-01; 7.2000000000000E+01; 1.0000000000000E+00;-2.1904053809266E+00;-9.2199260577188E+00; 2.9188100000000E+02; 2.9417000000000E+02; 1.0000000000000E+00; 1.0000000000000E+00; 1.0000000000000E+00; 1.0000000000000E+00
 1.7878417690000E+09; 1.0000000000000E+00; 2.0000000000000E+00; 1.2544996666667E+01; 1.9955263000000E+02; 1.8700763333333E+02; 5.0000000000000E+01; 2.0000000000000E+01; 3.0000000000000E+01; 4.1110000000000E-06; 1.0000000000000E+01; 1.1000000000000E-05; 2.1000000000000E+01; 0.0000000000000E+00;-4.2788308858871E-01; 7.1000000000000E+01; 1.0000000000000E+00;-2.5030462487018E+00;-9.1058589825358E+00; 2.9187900000000E+02;                 NAN; 1.0000000000000E+00; 1.0000000000000E+00; 1.0000000000000E+00; 0.0000000000000E+00
 1.7878417700000E+09; 1.0000000000000E+00; 2.0000000000000E+00; 1.2551185000000E+01; 1.9958264000000E+02; 1.8703145500000E+02; 4.0000000000000E+01; 2.0000000000000E+01; 2.0000000000000E+01; 4.1300000000000E-06; 1.0000000000000E+01; 1.1000000000000E-05; 2.0000000000000E+01; 0.0000000000000E+00;-3.9131319522858E-01; 7.2000000000000E+01; 1.0000000000000E+00;-4.7951044641204E+00;-6.9627882287415E+00; 2.9187900000000E+02; 2.9416900000000E+02; 1.0000000000000E+00; 1.0000000000000E+00; 1.0000000000000E+00; 1.0000000000000E+00
 1.7878417710000E+09; 1.0000000000000E+00; 2.0000000000000E+00; 1.2559570000000E+01; 1.9959964000000E+02; 1.8704007000000E+02; 4.0000000000000E+01; 2.0000000000000E+01; 2.0000000000000E+01; 4.1480000000000E-06; 1.0000000000000E+01; 1.1000000000000E-05; 2.1000000000000E+01; 0.0000000000000E+00;-4.1193130612373E-01; 7.2000000000000E+01; 1.0000000000000E+00;-5.1150601555028E+00;-8.9685785264525E+00; 2.9187800000000E+02; 2.9416800000000E+02; 1.0000000000000E+00; 1.0000000000000E+00; 1.0000000000000E+00; 1.0000000000000E+00
 1.7878417720000E+09; 1.0000000000000E+00; 2.0000000000000E+00; 1.2563900000000E+01; 1.9960840500000E+02; 1.8704450500000E+02; 4.0000000000000E+01; 2.0000000000000E+01; 2.0000000000000E+01; 4.1580000000000E-06; 1.0000000000000E+01; 1.1000000000000E-05; 2.0000000000000E+01; 0.0000000000000E+00;-3.7427088618279E-01; 7.2000000000000E+01; 1.0000000000000E+00;-5.0323379002594E+00;-6.7457631133874E+00; 2.9187900000000E+02; 2.9416500000000E+02; 1.0000000000000E+00; 1.0000000000000E+00; 1.0000000000000E+00; 1.0000000000000E+00
 1.7878417730000E+09; 1.0000000000000E+00; 2.0000000000000E+00; 1.2566300000000E+01; 1.9961438000000E+02; 1.8704808000000E+02; 6.0000000000000E+01; 3.0000000000000E+01; 3.0000000000000E+01; 4.1500000000000E-06; 1.0000000000000E+01; 1.1000000000000E-05; 2.1000000000000E+01; 0.0000000000000E+00;-3.7485417723656E-01; 7.1000000000000E+01; 1.0000000000000E+00;-4.5276015871996E+00;-9.0863837009222E+00; 2.9187800000000E+02; 2.9416400000000E+02; 1.0000000000000E+00; 1.0000000000000E+00; 1.0000000000000E+00; 1.0000000000000E+00
 1.7878417740000E+09; 1.0000000000000E+00; 2.0000000000000E+00; 1.2566665000000E+01; 1.9961633500000E+02; 1.8704967000000E+02; 4.0000000000000E+01; 2.0000000000000E+01; 2.0000000000000E+01; 4.0610000000000E-06; 1.0000000000000E+01; 1.1000000000000E-05; 2.0000000000000E+01; 0.0000000000000E+00;-4.6414867043495E-01; 7.2000000000000E+01; 1.0000000000000E+00;-5.1600740569568E+00;-8.5484817851933E+00; 2.9187900000000E+02; 2.9416300000000E+02; 1.0000000000000E+00; 1.0000000000000E+00; 1.0000000000000E+00; 1.0000000000000E+00
 1.7878417750000E+09; 1.0000000000000E+00; 2.0000000000000E+00; 1.2565485000000E+01; 1.9961716000000E+02; 1.8705167500000E+02; 4.0000000000000E+01; 2.0000000000000E+01; 2.0000000000000E+01; 4.1200000000000E-06; 1.1000000000000E+01; 1.1000000000000E-05; 2.1000000000000E+01; 0.0000000000000E+00;-4.9610295891762E-01; 7.2000000000000E+01; 1.0000000000000E+00;-5.0440402073711E+00;-8.2488973130031E+00; 2.9187700000000E+02; 2.9416400000000E+02; 1.0000000000000E+00; 1.0000000000000E+00; 1.0000000000000E+00; 1.0000000000000E+00
 1.7878417760000E+09; 1.0000000000000E+00; 2.0000000000000E+00; 1.2564915000000E+01; 1.9961768000000E+02; 1.8705276500000E+02; 4.0000000000000E+01; 2.0000000000000E+01; 2.0000000000000E+01; 4.1950000000000E-06; 1.0000000000000E+01; 1.1000000000000E-05; 2.0000000000000E+01; 0.0000000000000E+00;-4.7464793920517E-01; 7.2000000000000E+01; 1.0000000000000E+00;-6.2661342066587E-01;-6.7609281499603E+00; 2.9188100000000E+02; 2.9416400000000E+02; 1.0000000000000E+00; 1.0000000000000E+00; 1.0000000000000E+00; 1.0000000000000E+00
 1.7878417770000E+09; 1.0000000000000E+00; 2.0000000000000E+00; 1.2566180000000E+01; 1.9961863000000E+02; 1.8705245000000E+02; 5.0000000000000E+01; 3.0000000000000E+01; 2.0000000000000E+01; 4.2380000000000E-06; 1.0000000000000E+01; 1.1000000000000E-05; 2.1000000000000E+01; 0.0000000000000E+00;-4.9792891740799E-01; 7.2000000000000E+01; 1.0000000000000E+00;-5.3208557652726E+00;-6.3406541027109E+00; 2.9188200000000E+02; 2.9416400000000E+02; 1.0000000000000E+00; 1.0000000000000E+00; 1.0000000000000E+00; 1.0000000000000E+00
 1.7878417780000E+09; 1.0000000000000E+00; 2.0000000000000E+00; 1.2565435000000E+01; 1.9961809500000E+02; 1.8705266000000E+02; 5.0000000000000E+01; 2.0000000000000E+01; 3.0000000000000E+01; 4.1950000000000E-06; 1.0000000000000E+01; 1.1000000000000E-05; 2.0000000000000E+01; 0.0000000000000E+00;-4.9470812082291E-01; 7.2000000000000E+01; 1.0000000000000E+00;-5.2549469705530E+00;-6.3304124361954E+00; 2.9188000000000E+02; 2.9416000000000E+02; 1.0000000000000E+00; 1.0000000000000E+00; 1.0000000000000E+00; 1.0000000000000E+00
 1.7878417790000E+09; 1.0000000000000E+00; 2.0000000000000E+00; 1.2565435000000E+01; 1.9961788500000E+02; 1.8705245000000E+02; 4.0000000000000E+01; 2.0000000000000E+01; 2.0000000000000E+01; 4.1830000000000E-06; 1.0000000000000E+01; 1.1000000000000E-05; 2.1000000000000E+01; 0.0000000000000E+00;-4.3450218439102E-01; 7.2000000000000E+01; 1.0000000000000E+00;-5.2609194692300E+00;-7.7228313513506E+00;                 NAN; 2.9416300000000E+02; 1.0000000000000E+00; 1.0000000000000E+00; 0.0000000000000E+00; 1.0000000000000E+00
 1.7878417800000E+09; 1.0000000000000E+00; 2.0000000000000E+00; 1.2568530000000E+01; 1.9961763000000E+02; 1.8704910000000E+02; 4.0000000000000E+01; 2.0000000000000E+01; 2.0000000000000E+01; 4.1870000000000E-06; 1.0000000000000E+01; 1.1000000000000E-05; 2.0000000000000E+01; 0.0000000000000E+00;-3.9176967740059E-01; 7.2000000000000E+01; 1.0000000000000E+00;-5.2485893666791E+00;-8.9363752603391E+00; 2.9188200000000E+02; 2.9416300000000E+02; 1.0000000000000E+00; 1.0000000000000E+00; 1.0000000000000E+00; 1.0000000000000E+00
 1.7878417810000E+09; 1.0000000000000E+00; 2.0000000000000E+00; 1.2569476666667E+01; 1.9961738666667E+02; 1.8704791000000E+02; 5.0000000000000E+01; 3.0000000000000E+01; 2.0000000000000E+01; 4.1950000000000E-06; 1.0000000000000E+01; 1.1000000000000E-05; 2.1000000000000E+01; 0.0000000000000E+00;-4.0886268019676E-01; 7.1000000000000E+01; 1.0000000000000E+00;-5.2457705678915E+00;-9.1779107117497E+00; 2.9187800000000E+02; 2.9416300000000E+02; 1.0000000000000E+00; 1.0000000000000E+00; 1.0000000000000E+00; 1.0000000000000E+00
 1.7878417820000E+09; 1.0000000000000E+00; 2.0000000000000E+00; 1.2570456666667E+01; 1.9961737000000E+02; 1.8704691333333E+02; 5.0000000000000E+01; 2.0000000000000E+01; 3.0000000000000E+01; 4.2036363636364E-06; 1.1000000000000E+01; 1.1000000000000E-05; 2.0000000000000E+01; 0.0000000000000E+00;-4.2250666022301E-01; 7.2000000000000E+01; 1.0000000000000E+00;-2.2118505034523E+00;-8.7145168592217E+00; 2.9188100000000E+02; 2.9416200000000E+02; 1.0000000000000E+00; 1.0000000000000E+00; 1.0000000000000E+00; 1.0000000000000E+00
 1.7878417830000E+09; 1.0000000000000E+00; 2.0000000000000E+00; 1.2570750000000E+01; 1.9961721500000E+02; 1.8704646500000E+02; 4.0000000000000E+01; 2.0000000000000E+01; 2.0000000000000E+01; 4.2090000000000E-06; 1.0000000000000E+01; 1.1000000000000E-05; 2.1000000000000E+01; 0.0000000000000E+00;-4.5613473653793E-01; 7.2000000000000E+01; 1.0000000000000E+00;-2.5482948559922E+00;-9.1042170590852E+00; 2.9188000000000E+02; 2.9416200000000E+02; 1.0000000000000E+00; 1.0000000000000E+00; 1.0000000000000E+00; 1.0000000000000E+00
 1.7878417840000E+09; 1.0000000000000E+00; 2.0000000000000E+00; 1.2571005000000E+01; 1.9961721500000E+02; 1.8704621000000E+02; 4.0000000000000E+01; 2.0000000000000E+01; 2.0000000000000E+01; 4.1980000000000E-06; 1.0000000000000E+01; 1.1000000000000E-05; 2.1000000000000E+01; 0.0000000000000E+00;-4.1543105244637E-01; 7.1000000000000E+01; 1.0000000000000E+00;-4.6125463025557E+00;-8.8446724015021E+00; 2.9188200000000E+02; 2.9416400000000E+02; 1.0000000000000E+00; 1.0000000000000E+00; 1.0000000000000E+00; 1.0000000000000E+00
 1.7878417850000E+09; 1.0000000000000E+00; 2.0000000000000E+00; 1.2570281666667E+01; 1.9961700666667E+02; 1.8704672500000E+02; 5.0000000000000E+01; 3.0000000000000E+01; 2.0000000000000E+01; 4.1540000000000E-06; 1.0000000000000E+01; 1.1000000000000E-05; 2.0000000000000E+01; 0.0000000000000E+00;-4.0921771526337E-01; 7.2000000000000E+01; 1.0000000000000E+00;-2.2541404071312E+00;-9.2732347694088E+00; 2.9188000000000E+02; 2.9416200000000E+02; 1.0000000000000E+00; 1.0000000000000E+00; 1.0000000000000E+00; 1.0000000000000E+00
 1.7878417860000E+09; 1.0000000000000E+00; 2.0000000000000E+00; 1.2570848333333E+01; 1.9961669500000E+02; 1.8704584666667E+02; 5.0000000000000E+01; 2.0000000000000E+01; 3.0000000000000E+01; 4.1590000000000E-06; 1.0000000000000E+01; 1.1000000000000E-05; 2.1000000000000E+01; 0.0000000000000E+00;-4.1469559073448E-01; 7.2000000000000E+01; 1.0000000000000E+00;-5.1044675373878E+00;-7.4853346028034E+00; 2.9188000000000E+02; 2.9416000000000E+02; 1.0000000000000E+00; 1.0000000000000E+00; 1.0000000000000E+00; 1.0000000000000E+00
 1.7878417870000E+09; 1.0000000000000E+00; 2.0000000000000E+00; 1.2571260000000E+01; 1.9961638500000E+02; 1.8704512500000E+02; 4.0000000000000E+01; 2.0000000000000E+01; 2.0000000000000E+01; 4.1940000000000E-06; 1.0000000000000E+01; 1.1000000000000E-05; 2.0000000000000E+01; 0.0000000000000E+00;-3.9067918062210E-01; 7.2000000000000E+01; 1.0000000000000E+00;-5.3153086709599E+00;-8.5929508273476E+00; 2.9188100000000E+02; 2.9415800000000E+02; 1.0000000000000E+00; 1.0000000000000E+00; 1.0000000000000E+00; 1.0000000000000E+00
 1.7878417880000E+09; 1.0000000000000E+00; 2.0000000000000E+00; 1.2585245000000E+01; 1.9963929500000E+02; 1.8705405000000E+02; 4.0000000000000E+01; 2.0000000000000E+01; 2.0000000000000E+01; 4.2340000000000E-06; 1.0000000000000E+01; 1.1000000000000E-05; 2.1000000000000E+01; 0.0000000000000E+00;-4.2516949772835E-01; 7.2000000000000E+01; 1.0000000000000E+00;-5.1989604837703E+00;                 NAN; 2.9142500000000E+02; 2.9394200000000E+02; 1.0000000000000E+00; 0.0000000000000E+00; 1.0000000000000E+00; 1.0000000000000E+00
 1.7878417890000E+09; 1.0000000000000E+00; 2.0000000000000E+00; 1.2736406666667E+01; 1.9983250666667E+02; 1.8709610000000E+02; 5.0000000000000E+01; 3.0000000000000E+01; 2.0000000000000E+01; 4.2172727272727E-06; 1.1000000000000E+01; 1.1000000000000E-05; 2.0000000000000E+01; 0.0000000000000E+00;-4.5225456357002E-01; 7.2000000000000E+01; 1.0000000000000E+00;-5.1778002141671E+00;-9.1563880530327E+00; 2.9190600000000E+02; 2.9390000000000E+02; 1.0000000000000E+00; 1.0000000000000E+00; 1.0000000000000E+00; 1.0000000000000E+00
 1.7878417900000E+09; 1.0000000000000E+00; 2.0000000000000E+00; 1.2743128333333E+01; 1.9983974500000E+02; 1.8709661666667E+02; 5.0000000000000E+01; 2.0000000000000E+01; 3.0000000000000E+01; 4.2080000000000E-06; 1.0000000000000E+01; 1.1000000000000E-05; 2.1000000000000E+01; 0.0000000000000E+00;-4.4036048650742E-01; 7.2000000000000E+01; 1.0000000000000E+00;-2.1176447879988E+00;-9.1589673276424E+00; 2.9188300000000E+02; 2.9416600000000E+02; 1.0000000000000E+00; 1.0000000000000E+00; 1.0000000000000E+00; 1.0000000000000E+00
 1.7878417910000E+09; 1.0000000000000E+00; 2.0000000000000E+00; 1.2680215000000E+01; 1.9975707000000E+02; 1.8707685500000E+02; 4.0000000000000E+01; 2.0000000000000E+01; 2.0000000000000E+01; 4.2540000000000E-06; 1.0000000000000E+01; 1.1000000000000E-05; 2.0000000000000E+01; 0.0000000000000E+00;-4.1215956211090E-01; 7.2000000000000E+01; 1.0000000000000E+00;-4.4265866874377E+00;-8.8702885938611E+00; 2.9188600000000E+02; 2.9416500000000E+02; 1.0000000000000E+00; 1.0000000000000E+00; 1.0000000000000E+00; 1.0000000000000E+00
 1.7878417920000E+09; 1.0000000000000E+00; 2.0000000000000E+00; 1.2706730000000E+01; 1.9980045500000E+02; 1.8709372500000E+02; 4.0000000000000E+01; 2.0000000000000E+01; 2.0000000000000E+01; 4.2210000000000E-06; 1.0000000000000E+01; 1.1000000000000E-05; 2.1000000000000E+01; 0.0000000000000E+00;-4.2283633351326E-01; 7.1000000000000E+01; 1.0000000000000E+00;-2.4697152245711E+00;-8.6869606302350E+00; 2.9188000000000E+02; 2.9379800000000E+02; 1.0000000000000E+00; 1.0000000000000E+00; 1.0000000000000E+00; 1.0000000000000E+00
 1.7878417930000E+09; 1.0000000000000E+00; 2.0000000000000E+00; 1.2771896666667E+01; 1.9988326666667E+02; 1.8711137000000E+02; 5.0000000000000E+01; 3.0000000000000E+01; 2.0000000000000E+01; 4.1900000000000E-06; 1.0000000000000E+01; 1.1000000000000E-05; 2.0000000000000E+01; 0.0000000000000E+00;-4.0318191051483E-01; 7.2000000000000E+01; 1.0000000000000E+00;-4.9387529230611E+00;-9.1525472101626E+00; 2.9203200000000E+02; 2.9365000000000E+02; 1.0000000000000E+00; 1.0000000000000E+00; 1.0000000000000E+00; 1.0000000000000E+00
 1.7878417940000E+09; 1.0000000000000E+00; 2.0000000000000E+00; 1.2757141666667E+01; 1.9987188500000E+02; 1.8711474333333E+02; 5.0000000000000E+01; 2.0000000000000E+01; 3.0000000000000E+01; 4.1770000000000E-06; 1.0000000000000E+01; 1.1000000000000E-05; 2.1000000000000E+01; 0.0000000000000E+00;-3.8773733377457E-01; 7.2000000000000E+01; 1.0000000000000E+00;-4.9633056437984E+00;-9.1991820848623E+00; 2.9188200000000E+02; 2.9409800000000E+02; 1.0000000000000E+00; 1.0000000000000E+00; 1.0000000000000E+00; 1.0000000000000E+00
 1.7878417950000E+09; 1.0000000000000E+00; 2.0000000000000E+00; 1.2772570000000E+01; 1.9989137000000E+02; 1.8711880000000E+02; 4.0000000000000E+01; 2.0000000000000E+01; 2.0000000000000E+01; 4.1460000000000E-06; 1.0000000000000E+01; 1.1050000000000E-05; 2.0000000000000E+01; 0.0000000000000E+00;-3.8700190186501E-01; 7.2000000000000E+01; 1.0000000000000E+00;-5.3034985916388E+00;-9.0716260359600E+00; 2.9197400000000E+02; 2.9411400000000E+02; 1.0000000000000E+00; 1.0000000000000E+00; 1.0000000000000E+00; 1.0000000000000E+00
 1.7878417960000E+09; 1.0000000000000E+00; 2.0000000000000E+00; 1.2776860000000E+01; 1.9990340000000E+02; 1.8712654000000E+02; 4.0000000000000E+01; 2.0000000000000E+01; 2.0000000000000E+01; 4.1609090909091E-06; 1.1000000000000E+01; 1.2000000000000E-05; 2.1000000000000E+01; 0.0000000000000E+00;-5.5118602514267E-01; 7.2000000000000E+01; 1.0000000000000E+00;-5.3304004417926E+00;-8.6054309536314E+00; 2.9168700000000E+02; 2.9373500000000E+02; 1.0000000000000E+00; 1.0000000000000E+00; 1.0000000000000E+00; 1.0000000000000E+00
 1.7878417970000E+09; 1.0000000000000E+00; 2.0000000000000E+00; 1.2798018333333E+01; 1.9992791333333E+02; 1.8712989500000E+02; 5.0000000000000E+01; 3.0000000000000E+01; 2.0000000000000E+01; 4.2170000000000E-06; 1.0000000000000E+01; 1.2000000000000E-05; 2.0000000000000E+01; 0.0000000000000E+00;-4.8616161942482E-01; 7.2000000000000E+01; 1.0000000000000E+00;-5.2466548532562E+00;-8.3493216053593E+00; 2.9171000000000E+02; 2.9382400000000E+02; 1.0000000000000E+00; 1.0000000000000E+00; 1.0000000000000E+00; 1.0000000000000E+00
 1.7878417980000E+09; 1.0000000000000E+00; 2.0000000000000E+00; 1.2710130000000E+01; 1.9982217000000E+02; 1.8711204000000E+02; 4.0000000000000E+01; 2.0000000000000E+01; 2.0000000000000E+01; 4.2120000000000E-06; 1.0000000000000E+01; 1.2000000000000E-05; 2.1000000000000E+01; 0.0000000000000E+00;-3.6017042398453E-01; 7.2000000000000E+01; 1.0000000000000E+00;-4.8162872311351E+00;-9.2630800439461E+00; 2.9188400000000E+02; 2.9416400000000E+02; 1.0000000000000E+00; 1.0000000000000E+00; 1.0000000000000E+00; 1.0000000000000E+00
 1.7878417990000E+09;                 NAN; 2.0000000000000E+00; 1.2651450000000E+01; 1.9972612000000E+02; 1.8707467000000E+02; 5.0000000000000E+01; 2.0000000000000E+01; 3.0000000000000E+01; 4.2120000000000E-06; 1.0000000000000E+01; 1.2000000000000E-05; 2.0000000000000E+01; 0.0000000000000E+00;-4.7804623842239E-01; 7.1000000000000E+01; 1.0000000000000E+00;                 NAN;-9.1016997106579E+00; 2.9188100000000E+02; 2.9415900000000E+02; 0.0000000000000E+00; 1.0000000000000E+00; 1.0000000000000E+00; 1.0000000000000E+00
 1.7878418000000E+09; 1.0000000000000E+00; 2.0000000000000E+00; 1.2618120000000E+01; 1.9967485500000E+02; 1.8705673500000E+02; 4.0000000000000E+01; 2.0000000000000E+01; 2.0000000000000E+01; 4.2070000000000E-06; 1.0000000000000E+01; 1.2000000000000E-05; 2.1000000000000E+01; 0.0000000000000E+00;-4.1246387362480E-01; 7.2000000000000E+01; 1.0000000000000E+00;-3.6491774899871E+00;-9.1737910250202E+00; 2.9188000000000E+02; 2.9416300000000E+02; 1.0000000000000E+00; 1.0000000000000E+00; 1.0000000000000E+00; 1.0000000000000E+00
 1.7878418010000E+09; 1.0000000000000E+00; 2.0000000000000E+00; 1.2591948333333E+01; 1.9964223333333E+02; 1.8705028500000E+02; 5.0000000000000E+01; 3.0000000000000E+01; 2.0000000000000E+01; 4.2110000000000E-06; 1.0000000000000E+01; 1.2000000000000E-05; 2.0000000000000E+01; 0.0000000000000E+00;-4.6615213155746E-01; 7.2000000000000E+01; 1.0000000000000E+00;-2.7170556760097E+00;-9.2514968420633E+00; 2.9188100000000E+02; 2.9416200000000E+02; 1.0000000000000E+00; 1.0000000000000E+00; 1.0000000000000E+00; 1.0000000000000E+00
 1.7878418020000E+09; 1.0000000000000E+00; 2.0000000000000E+00; 1.2580180000000E+01; 1.9962675000000E+02; 1.8704657000000E+02; 4.0000000000000E+01; 2.0000000000000E+01; 2.0000000000000E+01; 4.1950000000000E-06; 1.0000000000000E+01; 1.2000000000000E-05; 2.1000000000000E+01; 0.0000000000000E+00;-3.9686712622643E-01; 7.2000000000000E+01; 1.0000000000000E+00;-4.9433236008779E+00;-8.4982230228894E+00; 2.9188100000000E+02; 2.9416100000000E+02; 1.0000000000000E+00; 1.0000000000000E+00; 1.0000000000000E+00; 1.0000000000000E+00
 1.7878418030000E+09; 1.0000000000000E+00; 2.0000000000000E+00; 1.2576231666667E+01; 1.9962063500000E+02; 1.8704440333333E+02; 5.0000000000000E+01; 2.0000000000000E+01; 3.0000000000000E+01; 4.2527272727273E-06; 1.1000000000000E+01; 1.2000000000000E-05; 2.0000000000000E+01; 0.0000000000000E+00;-4.7190898656845E-01; 7.2000000000000E+01; 1.0000000000000E+00;-5.1291193176690E+00;-9.2717443441609E+00; 2.9188000000000E+02; 2.9416600000000E+02; 1.0000000000000E+00; 1.0000000000000E+00; 1.0000000000000E+00; 1.0000000000000E+00
 1.7878418040000E+09; 1.0000000000000E+00; 2.0000000000000E+00; 1.2573020000000E+01; 1.9961716500000E+02; 1.8704414500000E+02; 4.0000000000000E+01; 2.0000000000000E+01; 2.0000000000000E+01; 4.2460000000000E-06; 1.0000000000000E+01; 1.2000000000000E-05; 2.1000000000000E+01; 0.0000000000000E+00;-4.6219590306282E-01; 7.2000000000000E+01; 1.0000000000000E+00;-2.3543600040177E+00;-9.1656640525513E+00; 2.9188200000000E+02; 2.9415900000000E+02; 1.0000000000000E+00; 1.0000000000000E+00; 1.0000000000000E+00; 1.0000000000000E+00
 1.7878418050000E+09; 1.0000000000000E+00; 2.0000000000000E+00; 1.2570805000000E+01; 1.9961490000000E+02; 1.8704409500000E+02; 5.0000000000000E+01; 3.0000000000000E+01; 2.0000000000000E+01; 4.2410000000000E-06; 1.0000000000000E+01; 1.2000000000000E-05; 2.0000000000000E+01; 0.0000000000000E+00;-4.4662451744080E-01; 7.2000000000000E+01; 1.0000000000000E+00;-5.3134784743535E+00;-9.2739524220193E+00; 2.9188100000000E+02; 2.9416300000000E+02; 1.0000000000000E+00; 1.0000000000000E+00; 1.0000000000000E+00; 1.0000000000000E+00
 1.7878418060000E+09; 1.0000000000000E+00; 2.0000000000000E+00; 1.2569700000000E+01; 1.9961358500000E+02; 1.8704388500000E+02; 4.0000000000000E+01; 2.0000000000000E+01; 2.0000000000000E+01; 4.2600000000000E-06; 1.0000000000000E+01; 1.2000000000000E-05; 2.1000000000000E+01; 0.0000000000000E+00;-3.8994371891022E-01; 7.2000000000000E+01; 1.0000000000000E+00;-3.0503637040586E+00;-9.2036371592359E+00; 2.9188400000000E+02; 2.9416500000000E+02; 1.0000000000000E+00; 1.0000000000000E+00; 1.0000000000000E+00; 1.0000000000000E+00
 1.7878418070000E+09; 1.0000000000000E+00; 2.0000000000000E+00; 1.2570315000000E+01; 1.9961317000000E+02; 1.8704285500000E+02; 4.0000000000000E+01; 2.0000000000000E+01; 2.0000000000000E+01; 4.2440000000000E-06; 1.0000000000000E+01; 1.2000000000000E-05; 2.0000000000000E+01; 0.0000000000000E+00;-4.6653255820274E-01; 7.2000000000000E+01; 1.0000000000000E+00;-5.2822805178738E+00;-9.1801631737442E+00; 2.9188400000000E+02;                 NAN; 1.0000000000000E+00; 1.0000000000000E+00; 1.0000000000000E+00; 0.0000000000000E+00
 1.7878418080000E+09; 1.0000000000000E+00; 2.0000000000000E+00; 1.2569623333333E+01; 1.9961265000000E+02; 1.8704302666667E+02; 5.0000000000000E+01; 2.0000000000000E+01; 3.0000000000000E+01; 4.2420000000000E-06; 1.0000000000000E+01; 1.2000000000000E-05; 2.1000000000000E+01; 0.0000000000000E+00;-4.4003078341484E-01; 7.2000000000000E+01; 1.0000000000000E+00;-4.8152599862597E+00;-9.2243307899642E+00; 2.9188200000000E+02; 2.9416500000000E+02; 1.0000000000000E+00; 1.0000000000000E+00; 1.0000000000000E+00; 1.0000000000000E+00
 1.7878418090000E+09; 1.0000000000000E+00; 2.0000000000000E+00; 1.2569245000000E+01; 1.9961241000000E+02; 1.8704316500000E+02; 5.0000000000000E+01; 3.0000000000000E+01; 2.0000000000000E+01; 4.2250000000000E-06; 1.0000000000000E+01; 1.2000000000000E-05; 2.0000000000000E+01; 0.0000000000000E+00;-4.4538185000420E-01; 7.1000000000000E+01; 1.0000000000000E+00;-1.8577525060583E+00;-9.1665424815181E+00; 2.9188200000000E+02; 2.9416900000000E+02; 1.0000000000000E+00; 1.0000000000000E+00; 1.0000000000000E+00; 1.0000000000000E+00
 1.7878418100000E+09; 1.0000000000000E+00; 2.0000000000000E+00; 1.2570005000000E+01; 1.9961255000000E+02; 1.8704254500000E+02; 4.0000000000000E+01; 2.0000000000000E+01; 2.0000000000000E+01; 4.2245454545455E-06; 1.1000000000000E+01; 1.2000000000000E-05; 2.1000000000000E+01; 0.0000000000000E+00;-4.7949180006981E-01; 7.2000000000000E+01; 1.0000000000000E+00;-3.5248987376571E+00;-9.2132107483093E+00; 2.9188100000000E+02; 2.9416200000000E+02; 1.0000000000000E+00; 1.0000000000000E+00; 1.0000000000000E+00; 1.0000000000000E+00
 1.7878418110000E+09; 1.0000000000000E+00; 2.0000000000000E+00; 1.2569175000000E+01; 1.9961193000000E+02; 1.8704275500000E+02; 4.0000000000000E+01; 2.0000000000000E+01; 2.0000000000000E+01; 4.2910000000000E-06; 1.0000000000000E+01; 1.2000000000000E-05; 2.1000000000000E+01; 0.0000000000000E+00;-3.6927488446236E-01; 7.2000000000000E+01; 1.0000000000000E+00;-2.3742989973605E+00;-8.2837669406555E+00; 2.9188500000000E+02; 2.9416400000000E+02; 1.0000000000000E+00; 1.0000000000000E+00; 1.0000000000000E+00; 1.0000000000000E+00
 1.7878418120000E+09; 1.0000000000000E+00; 2.0000000000000E+00; 1.2570105000000E+01; 1.9961187500000E+02; 1.8704177000000E+02; 4.0000000000000E+01; 2.0000000000000E+01; 2.0000000000000E+01; 4.2260000000000E-06; 1.0000000000000E+01; 1.2000000000000E-05; 2.0000000000000E+01; 0.0000000000000E+00;-4.6658328175545E-01; 7.2000000000000E+01; 1.0000000000000E+00;-5.1730643279495E+00;-7.8691539391843E+00; 2.9188400000000E+02; 2.9416600000000E+02; 1.0000000000000E+00; 1.0000000000000E+00; 1.0000000000000E+00; 1.0000000000000E+00
 1.7878418130000E+09; 1.0000000000000E+00; 2.0000000000000E+00; 1.2569656666667E+01; 1.9961172000000E+02; 1.8704206333333E+02; 5.0000000000000E+01; 2.0000000000000E+01; 3.0000000000000E+01; 4.2300000000000E-06; 1.0000000000000E+01; 1.2000000000000E-05; 2.1000000000000E+01; 0.0000000000000E+00;-4.3044450879097E-01; 7.2000000000000E+01; 1.0000000000000E+00;-5.1562226672556E+00;-8.4538624645241E+00;                 NAN; 2.9416600000000E+02; 1.0000000000000E+00; 1.0000000000000E+00; 0.0000000000000E+00; 1.0000000000000E+00
 1.7878418140000E+09; 1.0000000000000E+00; 2.0000000000000E+00; 1.2569705000000E+01; 1.9961158000000E+02; 1.8704187500000E+02; 5.0000000000000E+01; 3.0000000000000E+01; 2.0000000000000E+01; 4.2450000000000E-06; 1.0000000000000E+01; 1.2000000000000E-05; 2.0000000000000E+01; 0.0000000000000E+00;-4.7254300117493E-01; 7.2000000000000E+01; 1.0000000000000E+00;-2.6327443143864E+00;-8.5761632128053E+00; 2.9188200000000E+02; 2.9416700000000E+02; 1.0000000000000E+00; 1.0000000000000E+00; 1.0000000000000E+00; 1.0000000000000E+00
 1.7878418150000E+09; 1.0000000000000E+00; 2.0000000000000E+00; 1.2569220000000E+01; 1.9961084000000E+02; 1.8704162000000E+02; 4.0000000000000E+01; 2.0000000000000E+01; 2.0000000000000E+01; 4.2990000000000E-06; 1.0000000000000E+01; 1.2000000000000E-05; 2.1000000000000E+01; 0.0000000000000E+00;-4.0663096308708E-01; 7.2000000000000E+01; 1.0000000000000E+00;-2.4354780638535E+00;-9.2669978195980E+00; 2.9188100000000E+02; 2.9416300000000E+02; 1.0000000000000E+00; 1.0000000000000E+00; 1.0000000000000E+00; 1.0000000000000E+00
 1.7878418160000E+09; 1.0000000000000E+00; 2.0000000000000E+00; 1.2569530000000E+01; 1.9961104500000E+02; 1.8704151500000E+02; 4.0000000000000E+01; 2.0000000000000E+01; 2.0000000000000E+01; 4.1520000000000E-06; 1.0000000000000E+01; 1.2000000000000E-05; 2.0000000000000E+01; 0.0000000000000E+00;-4.7424215078354E-01; 7.1000000000000E+01; 1.0000000000000E+00;-2.6826000189418E+00;-9.2580598152590E+00; 2.9187900000000E+02; 2.9416400000000E+02; 1.0000000000000E+00; 1.0000000000000E+00; 1.0000000000000E+00; 1.0000000000000E+00
 1.7878418170000E+09; 1.0000000000000E+00; 2.0000000000000E+00; 1.2570975000000E+01; 1.9961125000000E+02; 1.8704027500000E+02; 4.0000000000000E+01; 2.0000000000000E+01; 2.0000000000000E+01; 4.1990909090909E-06; 1.1000000000000E+01; 1.2000000000000E-05; 2.1000000000000E+01; 0.0000000000000E+00;-4.3992933630943E-01; 7.3000000000000E+01; 1.0000000000000E+00;-2.4254528887250E+00;-9.0435625401418E+00; 2.9188100000000E+02; 2.9416800000000E+02; 1.0000000000000E+00; 1.0000000000000E+00; 1.0000000000000E+00; 1.0000000000000E+00
 1.7878418180000E+09; 1.0000000000000E+00; 2.0000000000000E+00; 1.2570646666667E+01; 1.9961075333333E+02; 1.8704010666667E+02; 6.0000000000000E+01; 3.0000000000000E+01; 3.0000000000000E+01; 4.1700000000000E-06; 1.0000000000000E+01; 1.2000000000000E-05; 2.0000000000000E+01; 0.0000000000000E+00;-4.1319933533669E-01; 7.1000000000000E+01; 1.0000000000000E+00;-2.4724066513851E+00;-9.1841742965153E+00; 2.9188400000000E+02; 2.9416900000000E+02; 1.0000000000000E+00; 1.0000000000000E+00; 1.0000000000000E+00; 1.0000000000000E+00
 1.7878418190000E+09; 1.0000000000000E+00; 2.0000000000000E+00; 1.2569995000000E+01; 1.9961058000000E+02; 1.8704058500000E+02; 4.0000000000000E+01; 2.0000000000000E+01; 2.0000000000000E+01; 4.3420000000000E-06; 1.0000000000000E+01; 1.2000000000000E-05; 2.1000000000000E+01; 0.0000000000000E+00;-4.5463845133781E-01; 7.2000000000000E+01; 1.0000000000000E+00;-2.6381701943121E+00;-9.2140913134108E+00; 2.9188500000000E+02; 2.9417200000000E+02; 1.0000000000000E+00; 1.0000000000000E+00; 1.0000000000000E+00; 1.0000000000000E+00
 1.7878418200000E+09; 1.0000000000000E+00; 2.0000000000000E+00; 1.2570720000000E+01; 1.9961058000000E+02; 1.8703986000000E+02; 4.0000000000000E+01; 2.0000000000000E+01; 2.0000000000000E+01; 4.2020000000000E-06; 1.0000000000000E+01; 1.2000000000000E-05; 2.0000000000000E+01; 0.0000000000000E+00;-4.0708744525909E-01; 7.2000000000000E+01; 1.0000000000000E+00;-2.5947548225323E+00;-8.5017252654535E+00; 2.9188200000000E+02; 2.9416700000000E+02; 1.0000000000000E+00; 1.0000000000000E+00; 1.0000000000000E+00; 1.0000000000000E+00
 1.7878418210000E+09; 1.0000000000000E+00; 2.0000000000000E+00; 1.2570405000000E+01; 1.9961021500000E+02; 1.8703981000000E+02; 4.0000000000000E+01; 2.0000000000000E+01; 2.0000000000000E+01; 4.1320000000000E-06; 1.0000000000000E+01; 1.2000000000000E-05; 2.1000000000000E+01; 0.0000000000000E+00;-4.5605865120888E-01; 7.2000000000000E+01; 1.0000000000000E+00;-5.1804439976713E+00;                 NAN; 2.9188500000000E+02; 2.9417000000000E+02; 1.0000000000000E+00; 0.0000000000000E+00; 1.0000000000000E+00; 1.0000000000000E+00
 1.7878418220000E+09; 1.0000000000000E+00; 2.0000000000000E+00; 1.2571080000000E+01; 1.9961053000000E+02; 1.8703945000000E+02; 5.0000000000000E+01; 2.0000000000000E+01; 3.0000000000000E+01; 4.2570000000000E-06; 1.0000000000000E+01; 1.2000000000000E-05; 2.0000000000000E+01; 0.0000000000000E+00;-4.1360509395599E-01; 7.2000000000000E+01; 1.0000000000000E+00;-5.2811177890057E+00;-9.2428414933970E+00; 2.9188900000000E+02; 2.9417400000000E+02; 1.0000000000000E+00; 1.0000000000000E+00; 1.0000000000000E+00; 1.0000000000000E+00
 1.7878418230000E+09; 1.0000000000000E+00; 2.0000000000000E+00; 1.2570681666667E+01; 1.9960971666667E+02; 1.8703903500000E+02; 5.0000000000000E+01; 3.0000000000000E+01; 2.0000000000000E+01; 4.2220000000000E-06; 1.0000000000000E+01; 1.2000000000000E-05; 2.1000000000000E+01; 0.0000000000000E+00;-3.8738229870796E-01; 7.2000000000000E+01; 1.0000000000000E+00;-5.2935237891298E+00;-8.5054935288429E+00; 2.9188400000000E+02; 2.9417500000000E+02; 1.0000000000000E+00; 1.0000000000000E+00; 1.0000000000000E+00; 1.0000000000000E+00
 1.7878418240000E+09; 1.0000000000000E+00; 2.0000000000000E+00; 1.2571950000000E+01; 1.9960985500000E+02; 1.8703790500000E+02; 4.0000000000000E+01; 2.0000000000000E+01; 2.0000000000000E+01; 4.2550000000000E-06; 1.0000000000000E+01; 1.2000000000000E-05; 2.0000000000000E+01; 0.0000000000000E+00;-3.8033205270767E-01; 7.1000000000000E+01; 1.0000000000000E+00;-4.6350856438282E+00;-9.2613145420958E+00; 2.9188600000000E+02; 2.9417200000000E+02; 1.0000000000000E+00; 1.0000000000000E+00; 1.0000000000000E+00; 1.0000000000000E+00
 1.7878418250000E+09; 1.0000000000000E+00; 2.0000000000000E+00; 1.2572100000000E+01; 1.9960964500000E+02; 1.8703754500000E+02; 4.0000000000000E+01; 2.0000000000000E+01; 2.0000000000000E+01; 4.2036363636364E-06; 1.1000000000000E+01; 1.2000000000000E-05; 2.1000000000000E+01; 0.0000000000000E+00;-4.3120530247688E-01; 7.3000000000000E+01; 1.0000000000000E+00;-3.5216080907506E+00;-9.2674393082416E+00; 2.9188500000000E+02; 2.9417500000000E+02; 1.0000000000000E+00; 1.0000000000000E+00; 1.0000000000000E+00; 1.0000000000000E+00
 1.7878418260000E+09; 1.0000000000000E+00; 2.0000000000000E+00; 1.2572305000000E+01; 1.9960938500000E+02; 1.8703708000000E+02; 4.0000000000000E+01; 2.0000000000000E+01; 2.0000000000000E+01; 4.1970000000000E-06; 1.0000000000000E+01; 1.2000000000000E-05; 2.0000000000000E+01; 0.0000000000000E+00;-4.3216902017593E-01; 7.2000000000000E+01; 1.0000000000000E+00;-4.1754410749341E+00;-8.5193521128162E+00; 2.9188200000000E+02; 2.9417000000000E+02; 1.0000000000000E+00; 1.0000000000000E+00; 1.0000000000000E+00; 1.0000000000000E+00
 1.7878418270000E+09;                 NAN; 2.0000000000000E+00; 1.2572326666667E+01; 1.9960919666667E+02; 1.8703687000000E+02; 6.0000000000000E+01; 3.0000000000000E+01; 3.0000000000000E+01; 4.2070000000000E-06; 1.0000000000000E+01; 1.2000000000000E-05; 2.1000000000000E+01; 0.0000000000000E+00;-4.5319291949272E-01; 7.2000000000000E+01; 1.0000000000000E+00;                 NAN;-8.1696358498019E+00; 2.9188100000000E+02; 2.9417500000000E+02; 0.0000000000000E+00; 1.0000000000000E+00; 1.0000000000000E+00; 1.0000000000000E+00
 1.7878418280000E+09; 1.0000000000000E+00; 2.0000000000000E+00; 1.2573185000000E+01; 1.9960928000000E+02; 1.8703609500000E+02; 4.0000000000000E+01; 2.0000000000000E+01; 2.0000000000000E+01; 4.2220000000000E-06; 1.0000000000000E+01; 1.2000000000000E-05; 2.0000000000000E+01; 0.0000000000000E+00;-4.9879115819931E-01; 7.2000000000000E+01; 1.0000000000000E+00;-5.1686048312509E+00;-6.4513450978596E+00; 2.9188400000000E+02; 2.9417600000000E+02; 1.0000000000000E+00; 1.0000000000000E+00; 1.0000000000000E+00; 1.0000000000000E+00
 1.7878418290000E+09; 1.0000000000000E+00; 2.0000000000000E+00; 1.2572570000000E+01; 1.9960882000000E+02; 1.8703625000000E+02; 4.0000000000000E+01; 2.0000000000000E+01; 2.0000000000000E+01; 4.2120000000000E-06; 1.0000000000000E+01; 1.2000000000000E-05; 2.1000000000000E+01; 0.0000000000000E+00;-3.7409338355064E-01; 7.2000000000000E+01; 1.0000000000000E+00;-5.3063257090832E+00;-7.0977433967255E+00; 2.9188300000000E+02; 2.9417700000000E+02; 1.0000000000000E+00; 1.0000000000000E+00; 1.0000000000000E+00; 1.0000000000000E+00
 1.7878418300000E+09; 1.0000000000000E+00; 2.0000000000000E+00; 1.2573080000000E+01; 1.9960876500000E+02; 1.8703568500000E+02; 4.0000000000000E+01; 2.0000000000000E+01; 2.0000000000000E+01; 4.1400000000000E-06; 1.0000000000000E+01; 1.2000000000000E-05; 2.0000000000000E+01; 0.0000000000000E+00;-3.8573387265205E-01; 7.2000000000000E+01; 1.0000000000000E+00;-5.2966265169150E+00;-9.0737023677959E+00; 2.9188500000000E+02; 2.9417900000000E+02; 1.0000000000000E+00; 1.0000000000000E+00; 1.0000000000000E+00; 1.0000000000000E+00
 1.7878418310000E+09; 1.0000000000000E+00; 2.0000000000000E+00; 1.2572876666667E+01; 1.9960851000000E+02; 1.8703563333333E+02; 5.0000000000000E+01; 2.0000000000000E+01; 3.0000000000000E+01; 4.0880000000000E-06; 1.0000000000000E+01; 1.2000000000000E-05; 2.1000000000000E+01; 0.0000000000000E+00;-4.2146685719490E-01; 7.1000000000000E+01; 1.0000000000000E+00;-5.2776300163702E+00;-8.7697998250299E+00; 2.9188200000000E+02; 2.9417700000000E+02; 1.0000000000000E+00; 1.0000000000000E+00; 1.0000000000000E+00; 1.0000000000000E+00
 1.7878418320000E+09; 1.0000000000000E+00; 2.0000000000000E+00; 1.2573026666667E+01; 1.9960819666667E+02; 1.8703517000000E+02; 5.0000000000000E+01; 3.0000000000000E+01; 2.0000000000000E+01; 4.0618181818182E-06; 1.1000000000000E+01; 1.2000000000000E-05; 2.0000000000000E+01; 0.0000000000000E+00;-4.5968520641327E-01; 7.2000000000000E+01; 1.0000000000000E+00;-2.5612274553470E+00;-9.1987971260226E+00; 2.9188500000000E+02; 2.9418100000000E+02; 1.0000000000000E+00; 1.0000000000000E+00; 1.0000000000000E+00; 1.0000000000000E+00
 1.7878418330000E+09; 1.0000000000000E+00; 2.0000000000000E+00; 1.2572820000000E+01; 1.9960793500000E+02; 1.8703511500000E+02; 4.0000000000000E+01; 2.0000000000000E+01; 2.0000000000000E+01; 4.0740000000000E-06; 1.0000000000000E+01; 1.2000000000000E-05; 2.1000000000000E+01; 0.0000000000000E+00;-3.6019578576088E-01; 7.1000000000000E+01; 1.0000000000000E+00;-3.0187449829389E+00;-9.1084863466289E+00; 2.9188400000000E+02; 2.9418100000000E+02; 1.0000000000000E+00; 1.0000000000000E+00; 1.0000000000000E+00; 1.0000000000000E+00
 1.7878418340000E+09; 1.0000000000000E+00; 2.0000000000000E+00; 1.2573390000000E+01; 1.9960788500000E+02; 1.8703449500000E+02; 4.0000000000000E+01; 2.0000000000000E+01; 2.0000000000000E+01; 4.1200000000000E-06; 1.0000000000000E+01; 1.2000000000000E-05; 2.0000000000000E+01; 0.0000000000000E+00;-4.9612832069397E-01; 7.2000000000000E+01; 1.0000000000000E+00;-2.5851838179474E+00;-9.2236149535426E+00; 2.9188400000000E+02;                 NAN; 1.0000000000000E+00; 1.0000000000000E+00; 1.0000000000000E+00; 0.0000000000000E+00
 1.7878418350000E+09; 1.0000000000000E+00; 2.0000000000000E+00; 1.2573700000000E+01; 1.9960768000000E+02; 1.8703398000000E+02; 4.0000000000000E+01; 2.0000000000000E+01; 2.0000000000000E+01; 4.0990000000000E-06; 1.0000000000000E+01; 1.2000000000000E-05; 2.1000000000000E+01; 0.0000000000000E+00;-4.7766584157944E-01; 7.2000000000000E+01; 1.0000000000000E+00;-4.8795938105650E+00;-9.0141227828261E+00; 2.9188400000000E+02; 2.9418100000000E+02; 1.0000000000000E+00; 1.0000000000000E+00; 1.0000000000000E+00; 1.0000000000000E+00
 1.7878418360000E+09; 1.0000000000000E+00; 2.0000000000000E+00; 1.2573591666667E+01; 1.9960736500000E+02; 1.8703377333333E+02; 5.0000000000000E+01; 2.0000000000000E+01; 3.0000000000000E+01; 4.1750000000000E-06; 1.0000000000000E+01; 1.2000000000000E-05; 2.1000000000000E+01; 0.0000000000000E+00;-4.4340375065804E-01; 7.2000000000000E+01; 1.0000000000000E+00;-5.0416335539554E+00;-5.9479888456349E+00; 2.9188100000000E+02; 2.9418400000000E+02; 1.0000000000000E+00; 1.0000000000000E+00; 1.0000000000000E+00; 1.0000000000000E+00
 1.7878418370000E+09; 1.0000000000000E+00; 2.0000000000000E+00; 1.2573105000000E+01; 1.9960657000000E+02; 1.8703346500000E+02; 5.0000000000000E+01; 3.0000000000000E+01; 2.0000000000000E+01; 4.1750000000000E-06; 1.0000000000000E+01; 1.2000000000000E-05; 2.0000000000000E+01; 0.0000000000000E+00;-3.8974082469940E-01; 7.2000000000000E+01; 1.0000000000000E+00;-5.1136328365377E+00;-6.4156420832983E+00; 2.9188600000000E+02; 2.9418600000000E+02; 1.0000000000000E+00; 1.0000000000000E+00; 1.0000000000000E+00; 1.0000000000000E+00
 1.7878418380000E+09; 1.0000000000000E+00; 2.0000000000000E+00; 1.2571210000000E+01; 1.9960529000000E+02; 1.8703408000000E+02; 4.0000000000000E+01; 2.0000000000000E+01; 2.0000000000000E+01; 4.1080000000000E-06; 1.0000000000000E+01; 1.2000000000000E-05; 2.1000000000000E+01; 0.0000000000000E+00;-4.3658176064491E-01; 7.2000000000000E+01; 1.0000000000000E+00;-4.2484674491138E+00;-8.4129300765660E+00; 2.9188100000000E+02; 2.9418400000000E+02; 1.0000000000000E+00; 1.0000000000000E+00; 1.0000000000000E+00; 1.0000000000000E+00
 1.7878418390000E+09; 1.0000000000000E+00; 2.0000000000000E+00; 1.2570690000000E+01; 1.9960467000000E+02; 1.8703398000000E+02; 4.0000000000000E+01; 2.0000000000000E+01; 2.0000000000000E+01; 4.1581818181818E-06; 1.1000000000000E+01; 1.2000000000000E-05; 2.0000000000000E+01; 0.0000000000000E+00;-3.6240217089653E-01; 7.2000000000000E+01; 1.0000000000000E+00;-1.3726356045472E+00;-8.4064331839000E+00; 2.9188700000000E+02; 2.9419000000000E+02; 1.0000000000000E+00; 1.0000000000000E+00; 1.0000000000000E+00; 1.0000000000000E+00
 1.7878418400000E+09; 1.0000000000000E+00; 2.0000000000000E+00; 1.2570280000000E+01; 1.9960436000000E+02; 1.8703408000000E+02; 4.0000000000000E+01; 2.0000000000000E+01; 2.0000000000000E+01; 4.0912500000000E-06; 1.6000000000000E+01; 1.2000000000000E-05; 2.0000000000000E+01; 0.0000000000000E+00;-4.2950615286827E-01; 6.7000000000000E+01; 1.0000000000000E+00;-4.8522206622271E+00;-9.0912507045636E+00;                 NAN; 2.9418800000000E+02; 1.0000000000000E+00; 1.0000000000000E+00; 0.0000000000000E+00; 1.0000000000000E+00
 1.7878418420000E+09;                 NAN; 2.0000000000000E+00; 1.2571620000000E+01; 1.9960467000000E+02; 1.8703305000000E+02; 2.0000000000000E+01; 1.0000000000000E+01; 1.0000000000000E+01; 4.2357142857143E-06; 1.4000000000000E+01; 1.2000000000000E-05; 7.0000000000000E+00; 0.0000000000000E+00;-3.8695117831230E-01; 2.2000000000000E+01; 1.0000000000000E+00;                 NAN;                 NAN; 2.9188400000000E+02;                 NAN; 0.0000000000000E+00; 0.0000000000000E+00; 1.0000000000000E+00; 0.0000000000000E+00
 1.7878418430000E+09; 1.0000000000000E+00; 2.0000000000000E+00; 1.2572330000000E+01; 1.9960394000000E+02; 1.8703161000000E+02; 2.0000000000000E+01; 1.0000000000000E+01; 1.0000000000000E+01; 4.2100000000000E-06; 1.0000000000000E+01; 1.2000000000000E-05; 1.1000000000000E+01; 0.0000000000000E+00;-3.7914010882378E-01; 3.3000000000000E+01; 1.0000000000000E+00;-2.5968823163296E+00;                 NAN;                 NAN; 2.9419100000000E+02; 1.0000000000000E+00; 0.0000000000000E+00; 0.0000000000000E+00; 1.0000000000000E+00
 1.7878418440000E+09;                 NAN; 2.0000000000000E+00; 1.2572540000000E+01; 1.9960332000000E+02; 1.8703078000000E+02; 3.0000000000000E+01; 2.0000000000000E+01; 1.0000000000000E+01; 4.2290000000000E-06; 1.0000000000000E+01; 1.2000000000000E-05; 1.0000000000000E+01; 0.0000000000000E+00;-4.2336890101433E-01; 3.4000000000000E+01; 1.0000000000000E+00;                 NAN;-9.0379983026370E+00; 2.9188100000000E+02;                 NAN; 0.0000000000000E+00; 1.0000000000000E+00; 1.0000000000000E+00; 0.0000000000000E+00
 1.7878418450000E+09; 1.0000000000000E+00; 2.0000000000000E+00; 1.2570885000000E+01; 1.9960311500000E+02; 1.8703223000000E+02; 3.0000000000000E+01; 2.0000000000000E+01; 1.0000000000000E+01; 4.2150000000000E-06; 1.0000000000000E+01; 1.2000000000000E-05; 1.2000000000000E+01; 0.0000000000000E+00;-4.4649773836136E-01; 3.8000000000000E+01; 1.0000000000000E+00;-5.0846697780595E+00;                 NAN;                 NAN; 2.9418900000000E+02; 1.0000000000000E+00; 0.0000000000000E+00; 0.0000000000000E+00; 1.0000000000000E+00
 1.7878418460000E+09;                 NAN; 2.0000000000000E+00; 1.2572030000000E+01; 1.9960343000000E+02; 1.8703140000000E+02; 2.0000000000000E+01; 1.0000000000000E+01; 1.0000000000000E+01; 4.2127272727273E-06; 1.1000000000000E+01; 1.2000000000000E-05; 1.0000000000000E+01; 0.0000000000000E+00;-4.8354947566986E-01; 3.3000000000000E+01; 1.0000000000000E+00;                 NAN;-8.6382692774263E+00; 2.9188100000000E+02;                 NAN; 0.0000000000000E+00; 1.0000000000000E+00; 1.0000000000000E+00; 0.0000000000000E+00
 1.7878418470000E+09; 1.0000000000000E+00; 2.0000000000000E+00; 1.2570880000000E+01; 1.9960311000000E+02; 1.8703223000000E+02; 2.0000000000000E+01; 1.0000000000000E+01; 1.0000000000000E+01; 4.1880000000000E-06; 1.0000000000000E+01; 1.2000000000000E-05; 1.0000000000000E+01; 0.0000000000000E+00;-4.5973592996597E-01; 3.4000000000000E+01; 1.0000000000000E+00;-5.3133121013194E+00;                 NAN;                 NAN; 2.9419500000000E+02; 1.0000000000000E+00; 0.0000000000000E+00; 0.0000000000000E+00; 1.0000000000000E+00
 1.7878418480000E+09;                 NAN; 2.0000000000000E+00; 1.2570580000000E+01; 1.9960260000000E+02; 1.8703202000000E+02; 2.0000000000000E+01; 1.0000000000000E+01; 1.0000000000000E+01; 4.1940000000000E-06; 1.0000000000000E+01; 1.2000000000000E-05; 1.1000000000000E+01; 0.0000000000000E+00;-3.8991835713387E-01; 3.2000000000000E+01; 1.0000000000000E+00;                 NAN;-8.5658845762021E+00; 2.9188400000000E+02;                 NAN; 0.0000000000000E+00; 1.0000000000000E+00; 1.0000000000000E+00; 0.0000000000000E+00
 1.7878418490000E+09; 1.0000000000000E+00; 2.0000000000000E+00; 1.2569440000000E+01; 1.9960249000000E+02; 1.8703305000000E+02; 2.0000000000000E+01; 1.0000000000000E+01; 1.0000000000000E+01; 4.2150000000000E-06; 1.0000000000000E+01; 1.2000000000000E-05; 9.0000000000000E+00; 0.0000000000000E+00;-4.1695269942284E-01; 3.1000000000000E+01; 1.0000000000000E+00;-5.2291423850951E+00;                 NAN;                 NAN; 2.9419500000000E+02; 1.0000000000000E+00; 0.0000000000000E+00; 0.0000000000000E+00; 1.0000000000000E+00
 1.7878418500000E+09;                 NAN; 2.0000000000000E+00; 1.2570580000000E+01; 1.9960208000000E+02; 1.8703150000000E+02; 2.0000000000000E+01; 1.0000000000000E+01; 1.0000000000000E+01; 4.2090000000000E-06; 1.0000000000000E+01; 1.2000000000000E-05; 8.0000000000000E+00; 0.0000000000000E+00;-4.3249869346619E-01; 2.9000000000000E+01; 1.0000000000000E+00;                 NAN;-9.1906047970545E+00; 2.9188300000000E+02;                 NAN; 0.0000000000000E+00; 1.0000000000000E+00; 1.0000000000000E+00; 0.0000000000000E+00
 1.7878418510000E+09; 1.0000000000000E+00; 2.0000000000000E+00; 1.2571400000000E+01; 1.9960239000000E+02; 1.8703099000000E+02; 2.0000000000000E+01; 1.0000000000000E+01; 1.0000000000000E+01; 4.2050000000000E-06; 1.0000000000000E+01; 1.2000000000000E-05; 1.1000000000000E+01; 0.0000000000000E+00;-3.9146533608437E-01; 3.4000000000000E+01; 1.0000000000000E+00;-2.3688939835261E+00;                 NAN;                 NAN; 2.9419400000000E+02; 1.0000000000000E+00; 0.0000000000000E+00; 0.0000000000000E+00; 1.0000000000000E+00
 1.7878418520000E+09;                 NAN; 2.0000000000000E+00; 1.2571345000000E+01; 1.9960223500000E+02; 1.8703089000000E+02; 3.0000000000000E+01; 2.0000000000000E+01; 1.0000000000000E+01; 4.2570000000000E-06; 1.0000000000000E+01; 1.2000000000000E-05; 1.1000000000000E+01; 0.0000000000000E+00;-4.6493482589722E-01; 3.6000000000000E+01; 1.0000000000000E+00;                 NAN;-9.2155223161735E+00; 2.9188200000000E+02;                 NAN; 0.0000000000000E+00; 1.0000000000000E+00; 1.0000000000000E+00; 0.0000000000000E+00
 1.7878418530000E+09; 1.0000000000000E+00; 2.0000000000000E+00; 1.2572170000000E+01; 1.9960197000000E+02; 1.8702980000000E+02; 3.0000000000000E+01; 1.0000000000000E+01; 2.0000000000000E+01; 4.1272727272727E-06; 1.1000000000000E+01; 1.2000000000000E-05; 1.2000000000000E+01; 0.0000000000000E+00;-3.4018632769585E-01; 3.7000000000000E+01; 1.0000000000000E+00;-3.2725467131277E+00;                 NAN;                 NAN; 2.9419900000000E+02; 1.0000000000000E+00; 0.0000000000000E+00; 0.0000000000000E+00; 1.0000000000000E+00
 1.7878418540000E+09;                 NAN; 2.0000000000000E+00; 1.2572430000000E+01; 1.9960166000000E+02; 1.8702923000000E+02; 2.0000000000000E+01; 1.0000000000000E+01; 1.0000000000000E+01; 4.1070000000000E-06; 1.0000000000000E+01; 1.2000000000000E-05; 1.1000000000000E+01; 0.0000000000000E+00;-4.9100548028946E-01; 3.5000000000000E+01; 1.0000000000000E+00;                 NAN;-9.2397000520373E+00; 2.9188100000000E+02;                 NAN; 0.0000000000000E+00; 1.0000000000000E+00; 1.0000000000000E+00; 0.0000000000000E+00
 1.7878418550000E+09;                 NAN; 2.0000000000000E+00; 1.2572020000000E+01; 1.9960177000000E+02; 1.8702975000000E+02; 2.0000000000000E+01; 1.0000000000000E+01; 1.0000000000000E+01; 4.1730000000000E-06; 1.0000000000000E+01; 1.2000000000000E-05; 6.0000000000000E+00; 0.0000000000000E+00;-4.1195666790009E-01; 1.6000000000000E+01; 1.0000000000000E+00;                 NAN;                 NAN;                 NAN; 2.9420000000000E+02; 0.0000000000000E+00; 0.0000000000000E+00; 0.0000000000000E+00; 1.0000000000000E+00
 1.7878418560000E+09; 1.0000000000000E+00; 2.0000000000000E+00; 1.2571810000000E+01; 1.9960125000000E+02; 1.8702944000000E+02; 2.0000000000000E+01; 1.0000000000000E+01; 1.0000000000000E+01; 4.1510000000000E-06; 1.0000000000000E+01; 1.2000000000000E-05; 1.0000000000000E+01; 0.0000000000000E+00;-3.8568314909935E-01; 3.3000000000000E+01; 1.0000000000000E+00;-5.2297498110946E+00;-7.2549706286667E+00;                 NAN;                 NAN; 1.0000000000000E+00; 1.0000000000000E+00; 0.0000000000000E+00; 0.0000000000000E+00
 1.7878418570000E+09;                 NAN; 2.0000000000000E+00; 1.2572125000000E+01; 1.9960166500000E+02; 1.8702954000000E+02; 3.0000000000000E+01; 2.0000000000000E+01; 1.0000000000000E+01; 4.1190000000000E-06; 1.0000000000000E+01; 1.2000000000000E-05; 1.1000000000000E+01; 0.0000000000000E+00;-4.9445450305939E-01; 3.5000000000000E+01; 1.0000000000000E+00;                 NAN;                 NAN; 2.9188100000000E+02; 2.9420200000000E+02; 0.0000000000000E+00; 0.0000000000000E+00; 1.0000000000000E+00; 1.0000000000000E+00
 1.7878418580000E+09; 1.0000000000000E+00; 2.0000000000000E+00; 1.2572530000000E+01; 1.9960115000000E+02; 1.8702862000000E+02; 2.0000000000000E+01; 1.0000000000000E+01; 1.0000000000000E+01; 4.0680000000000E-06; 1.0000000000000E+01; 1.2000000000000E-05; 1.1000000000000E+01; 0.0000000000000E+00;-4.6556884050369E-01; 3.5000000000000E+01; 1.0000000000000E+00;-2.3592832128199E+00;-7.0369292377393E+00;                 NAN;                 NAN; 1.0000000000000E+00; 1.0000000000000E+00; 0.0000000000000E+00; 0.0000000000000E+00
 1.7878418590000E+09;                 NAN; 2.0000000000000E+00; 1.2573150000000E+01; 1.9960187000000E+02; 1.8702872000000E+02; 3.0000000000000E+01; 1.0000000000000E+01; 2.0000000000000E+01; 4.0880000000000E-06; 1.0000000000000E+01; 1.2000000000000E-05; 1.1000000000000E+01; 0.0000000000000E+00;-3.9237833023071E-01; 3.5000000000000E+01; 1.0000000000000E+00;                 NAN;                 NAN; 2.9188300000000E+02; 2.9420000000000E+02; 0.0000000000000E+00; 0.0000000000000E+00; 1.0000000000000E+00; 1.0000000000000E+00
 1.7878418600000E+09; 1.0000000000000E+00; 2.0000000000000E+00; 1.2573255000000E+01; 1.9960135500000E+02; 1.8702810000000E+02; 3.0000000000000E+01; 2.0000000000000E+01; 1.0000000000000E+01; 4.1709090909091E-06; 1.1000000000000E+01; 1.2000000000000E-05; 1.1000000000000E+01; 0.0000000000000E+00;-5.5887031555176E-01; 3.6000000000000E+01; 1.0000000000000E+00;-2.7155965748976E+00;-9.2549159317977E+00;                 NAN;                 NAN; 1.0000000000000E+00; 1.0000000000000E+00; 0.0000000000000E+00; 0.0000000000000E+00
 1.7878418610000E+09;                 NAN; 2.0000000000000E+00; 1.2573050000000E+01; 1.9960156000000E+02; 1.8702851000000E+02; 2.0000000000000E+01; 1.0000000000000E+01; 1.0000000000000E+01; 4.1650000000000E-06; 1.0000000000000E+01; 1.2000000000000E-05; 1.0000000000000E+01; 0.0000000000000E+00;-4.7069168090820E-01; 3.0000000000000E+01; 1.0000000000000E+00;                 NAN;                 NAN; 2.9188400000000E+02; 2.9420700000000E+02; 0.0000000000000E+00; 0.0000000000000E+00; 1.0000000000000E+00; 1.0000000000000E+00
 1.7878418620000E+09; 1.0000000000000E+00; 2.0000000000000E+00; 1.2573460000000E+01; 1.9960125000000E+02; 1.8702779000000E+02; 2.0000000000000E+01; 1.0000000000000E+01; 1.0000000000000E+01; 4.2330000000000E-06; 1.0000000000000E+01; 1.2000000000000E-05; 1.1000000000000E+01; 0.0000000000000E+00;-5.3201347589493E-01; 3.3000000000000E+01; 1.0000000000000E+00;-4.5607134034789E+00;-4.8015764255667E+00;                 NAN;                 NAN; 1.0000000000000E+00; 1.0000000000000E+00; 0.0000000000000E+00; 0.0000000000000E+00
 1.7878418630000E+09;                 NAN; 2.0000000000000E+00; 1.2573050000000E+01; 1.9960094000000E+02; 1.8702789000000E+02; 2.0000000000000E+01; 1.0000000000000E+01; 1.0000000000000E+01; 4.2700000000000E-06; 1.0000000000000E+01; 1.2000000000000E-05; 9.0000000000000E+00; 0.0000000000000E+00;-4.1035893559456E-01; 3.2000000000000E+01; 1.0000000000000E+00;                 NAN;                 NAN; 2.9188100000000E+02; 2.9420600000000E+02; 0.0000000000000E+00; 0.0000000000000E+00; 1.0000000000000E+00; 1.0000000000000E+00
 1.7878418640000E+09; 1.0000000000000E+00; 2.0000000000000E+00; 1.2572430000000E+01; 1.9960063000000E+02; 1.8702820000000E+02; 2.0000000000000E+01; 1.0000000000000E+01; 1.0000000000000E+01; 4.2100000000000E-06; 1.0000000000000E+01; 1.2000000000000E-05; 1.1000000000000E+01; 0.0000000000000E+00;-4.1507601737976E-01; 3.5000000000000E+01; 1.0000000000000E+00;-2.6034595958797E+00;-6.7406134426802E+00;                 NAN;                 NAN; 1.0000000000000E+00; 1.0000000000000E+00; 0.0000000000000E+00; 0.0000000000000E+00
 1.7878418650000E+09;                 NAN; 2.0000000000000E+00; 1.2573150000000E+01; 1.9960073000000E+02; 1.8702758000000E+02; 3.0000000000000E+01; 2.0000000000000E+01; 1.0000000000000E+01; 4.1310000000000E-06; 1.0000000000000E+01; 1.2000000000000E-05; 1.1000000000000E+01; 0.0000000000000E+00;-4.1294571757317E-01; 3.5000000000000E+01; 1.0000000000000E+00;                 NAN;                 NAN; 2.9188300000000E+02; 2.9420900000000E+02; 0.0000000000000E+00; 0.0000000000000E+00; 1.0000000000000E+00; 1.0000000000000E+00
 1.7878418660000E+09; 1.0000000000000E+00; 2.0000000000000E+00; 1.2573450000000E+01; 1.9960021000000E+02; 1.8702676000000E+02; 2.0000000000000E+01; 1.0000000000000E+01; 1.0000000000000E+01; 4.1610000000000E-06; 1.0000000000000E+01; 1.2000000000000E-05; 1.1000000000000E+01; 0.0000000000000E+00;-4.2372396588326E-01; 3.4000000000000E+01; 1.0000000000000E+00;-3.2933044746139E+00;-8.8710997806791E+00;                 NAN;                 NAN; 1.0000000000000E+00; 1.0000000000000E+00; 0.0000000000000E+00; 0.0000000000000E+00
 1.7878418670000E+09;                 NAN; 2.0000000000000E+00; 1.2573560000000E+01; 1.9960063000000E+02; 1.8702707000000E+02; 2.0000000000000E+01; 1.0000000000000E+01; 1.0000000000000E+01; 4.1509090909091E-06; 1.1000000000000E+01; 1.2000000000000E-05; 1.2000000000000E+01; 0.0000000000000E+00;-4.8004972934723E-01; 3.6000000000000E+01; 1.0000000000000E+00;                 NAN;                 NAN; 2.9188500000000E+02; 2.9420800000000E+02; 0.0000000000000E+00; 0.0000000000000E+00; 1.0000000000000E+00; 1.0000000000000E+00
 1.7878418680000E+09; 1.0000000000000E+00; 2.0000000000000E+00; 1.2572990000000E+01; 1.9959990000000E+02; 1.8702691000000E+02; 3.0000000000000E+01; 1.0000000000000E+01; 2.0000000000000E+01; 4.0630000000000E-06; 1.0000000000000E+01; 1.2000000000000E-05; 1.0000000000000E+01; 0.0000000000000E+00;-4.6873891353607E-01; 3.5000000000000E+01; 1.0000000000000E+00;-5.1150052566950E+00;-8.7483987684753E+00;                 NAN;                 NAN; 1.0000000000000E+00; 1.0000000000000E+00; 0.0000000000000E+00; 0.0000000000000E+00
 1.7878418690000E+09;                 NAN; 2.0000000000000E+00; 1.2573190000000E+01; 1.9959964000000E+02; 1.8702645000000E+02; 3.0000000000000E+01; 2.0000000000000E+01; 1.0000000000000E+01; 4.0850000000000E-06; 1.0000000000000E+01; 1.2000000000000E-05; 1.2000000000000E+01; 0.0000000000000E+00;-4.7733613848686E-01; 3.7000000000000E+01; 1.0000000000000E+00;                 NAN;                 NAN; 2.9188500000000E+02; 2.9420900000000E+02; 0.0000000000000E+00; 0.0000000000000E+00; 1.0000000000000E+00; 1.0000000000000E+00
 1.7878418700000E+09; 1.0000000000000E+00; 2.0000000000000E+00; 1.2573715000000E+01; 1.9959980000000E+02; 1.8702608500000E+02; 3.0000000000000E+01; 1.0000000000000E+01; 2.0000000000000E+01; 4.1040000000000E-06; 1.0000000000000E+01; 1.2000000000000E-05; 1.1000000000000E+01; 0.0000000000000E+00;-3.9980897307396E-01; 3.6000000000000E+01; 1.0000000000000E+00;-2.4599136924377E+00;-7.0596637561764E+00;                 NAN;                 NAN; 1.0000000000000E+00; 1.0000000000000E+00; 0.0000000000000E+00; 0.0000000000000E+00
 1.7878418710000E+09;                 NAN; 2.0000000000000E+00; 1.2573610000000E+01; 1.9959954000000E+02; 1.8702593000000E+02; 3.0000000000000E+01; 2.0000000000000E+01; 1.0000000000000E+01; 4.1900000000000E-06; 1.0000000000000E+01; 1.2000000000000E-05; 1.1000000000000E+01; 0.0000000000000E+00;-4.3445146083832E-01; 3.7000000000000E+01; 1.0000000000000E+00;                 NAN;                 NAN; 2.9188500000000E+02; 2.9421400000000E+02; 0.0000000000000E+00; 0.0000000000000E+00; 1.0000000000000E+00; 1.0000000000000E+00
 1.7878418720000E+09; 1.0000000000000E+00; 2.0000000000000E+00; 1.2573140000000E+01; 1.9959918000000E+02; 1.8702604000000E+02; 2.0000000000000E+01; 1.0000000000000E+01; 1.0000000000000E+01; 4.1820000000000E-06; 1.0000000000000E+01; 1.2000000000000E-05; 1.0000000000000E+01; 0.0000000000000E+00;-4.4832369685173E-01; 3.6000000000000E+01; 1.0000000000000E+00;-4.8622981982186E+00;-8.9798866769677E+00;                 NAN;                 NAN; 1.0000000000000E+00; 1.0000000000000E+00; 0.0000000000000E+00; 0.0000000000000E+00
 1.7878418730000E+09;                 NAN; 2.0000000000000E+00; 1.2574635000000E+01; 1.9959938500000E+02; 1.8702475000000E+02; 4.0000000000000E+01; 2.0000000000000E+01; 2.0000000000000E+01; 4.1820000000000E-06; 1.0000000000000E+01; 1.2000000000000E-05; 1.2000000000000E+01; 0.0000000000000E+00;-3.9973288774490E-01; 3.7000000000000E+01; 1.0000000000000E+00;                 NAN;                 NAN; 2.9188300000000E+02; 2.9421000000000E+02; 0.0000000000000E+00; 0.0000000000000E+00; 1.0000000000000E+00; 1.0000000000000E+00
 1.7878418740000E+09; 1.0000000000000E+00; 2.0000000000000E+00; 1.2573860000000E+01; 1.9959959000000E+02; 1.8702573000000E+02; 3.0000000000000E+01; 2.0000000000000E+01; 1.0000000000000E+01; 4.1772727272727E-06; 1.1000000000000E+01; 1.2000000000000E-05; 1.1000000000000E+01; 0.0000000000000E+00;-4.2975977063179E-01; 3.7000000000000E+01; 1.0000000000000E+00;-3.7159295121006E+00;-9.2389836535285E+00;                 NAN;                 NAN; 1.0000000000000E+00; 1.0000000000000E+00; 0.0000000000000E+00; 0.0000000000000E+00
 1.7878418750000E+09;                 NAN; 2.0000000000000E+00; 1.2572940000000E+01; 1.9959918000000E+02; 1.8702624000000E+02; 3.0000000000000E+01; 1.0000000000000E+01; 2.0000000000000E+01; 4.1130000000000E-06; 1.0000000000000E+01; 1.2000000000000E-05; 1.1000000000000E+01; 0.0000000000000E+00;-4.0782290697098E-01; 3.8000000000000E+01; 1.0000000000000E+00;                 NAN;                 NAN; 2.9188300000000E+02; 2.9421100000000E+02; 0.0000000000000E+00; 0.0000000000000E+00; 1.0000000000000E+00; 1.0000000000000E+00
 1.7878418760000E+09; 1.0000000000000E+00; 2.0000000000000E+00; 1.2572875000000E+01; 1.9959891500000E+02; 1.8702604000000E+02; 3.0000000000000E+01; 2.0000000000000E+01; 1.0000000000000E+01; 4.1250000000000E-06; 1.0000000000000E+01; 1.2000000000000E-05; 1.2000000000000E+01; 0.0000000000000E+00;-4.0414562821388E-01; 3.7000000000000E+01; 1.0000000000000E+00;-5.0881781700232E+00;-7.8616014059487E+00;                 NAN;                 NAN; 1.0000000000000E+00; 1.0000000000000E+00; 0.0000000000000E+00; 0.0000000000000E+00
 1.7878418770000E+09;                 NAN; 2.0000000000000E+00; 1.2573705000000E+01; 1.9959907000000E+02; 1.8702536500000E+02; 3.0000000000000E+01; 1.0000000000000E+01; 2.0000000000000E+01; 4.1380000000000E-06; 1.0000000000000E+01; 1.2000000000000E-05; 1.1000000000000E+01; 0.0000000000000E+00;-4.5141765475273E-01; 3.6000000000000E+01; 1.0000000000000E+00;                 NAN;                 NAN; 2.9188500000000E+02; 2.9421100000000E+02; 0.0000000000000E+00; 0.0000000000000E+00; 1.0000000000000E+00; 1.0000000000000E+00
 1.7878418780000E+09; 1.0000000000000E+00; 2.0000000000000E+00; 1.2572925000000E+01; 1.9959834500000E+02; 1.8702542000000E+02; 3.0000000000000E+01; 2.0000000000000E+01; 1.0000000000000E+01; 4.1350000000000E-06; 1.0000000000000E+01; 1.2000000000000E-05; 1.0000000000000E+01; 0.0000000000000E+00;-4.2428189516068E-01; 3.6000000000000E+01; 1.0000000000000E+00;-5.2681663336360E+00;-9.1648954595413E+00;                 NAN;                 NAN; 1.0000000000000E+00; 1.0000000000000E+00; 0.0000000000000E+00; 0.0000000000000E+00
 1.7878418790000E+09;                 NAN; 2.0000000000000E+00; 1.2572620000000E+01; 1.9959835000000E+02; 1.8702573000000E+02; 3.0000000000000E+01; 1.0000000000000E+01; 2.0000000000000E+01; 4.1370000000000E-06; 1.0000000000000E+01; 1.2000000000000E-05; 1.2000000000000E+01; 0.0000000000000E+00;-4.7586524486542E-01; 3.7000000000000E+01; 1.0000000000000E+00;                 NAN;                 NAN; 2.9188400000000E+02; 2.9420900000000E+02; 0.0000000000000E+00; 0.0000000000000E+00; 1.0000000000000E+00; 1.0000000000000E+00
 1.7878418800000E+09; 1.0000000000000E+00; 2.0000000000000E+00; 1.2573190000000E+01; 1.9959809000000E+02; 1.8702490000000E+02; 3.0000000000000E+01; 2.0000000000000E+01; 1.0000000000000E+01; 4.1240000000000E-06; 1.0000000000000E+01; 1.2000000000000E-05; 1.0000000000000E+01; 0.0000000000000E+00;-3.4066817164421E-01; 3.6000000000000E+01; 1.0000000000000E+00;-5.2875413441168E+00;-7.2053073207857E+00;                 NAN;                 NAN; 1.0000000000000E+00; 1.0000000000000E+00; 0.0000000000000E+00; 0.0000000000000E+00
 1.7878418810000E+09;                 NAN; 2.0000000000000E+00; 1.2573340000000E+01; 1.9959814000000E+02; 1.8702480000000E+02; 2.0000000000000E+01; 1.0000000000000E+01; 1.0000000000000E+01; 4.1320000000000E-06; 1.0000000000000E+01; 1.2000000000000E-05; 1.2000000000000E+01; 0.0000000000000E+00;-4.4380950927734E-01; 3.7000000000000E+01; 1.0000000000000E+00;                 NAN;                 NAN; 2.9188500000000E+02; 2.9421300000000E+02; 0.0000000000000E+00; 0.0000000000000E+00; 1.0000000000000E+00; 1.0000000000000E+00
 1.7878418820000E+09; 1.0000000000000E+00; 2.0000000000000E+00; 1.2573385000000E+01; 1.9959772000000E+02; 1.8702433500000E+02; 3.0000000000000E+01; 1.0000000000000E+01; 2.0000000000000E+01; 4.1200000000000E-06; 1.1000000000000E+01; 1.2000000000000E-05; 1.0000000000000E+01; 0.0000000000000E+00;-3.5672140121460E-01; 3.6000000000000E+01; 1.0000000000000E+00;-2.5791438048540E+00;-9.2396449435292E+00;                 NAN;                 NAN; 1.0000000000000E+00; 1.0000000000000E+00; 0.0000000000000E+00; 0.0000000000000E+00
 1.7878418830000E+09;                 NAN; 2.0000000000000E+00; 1.2574630000000E+01; 1.9959788000000E+02; 1.8702325000000E+02; 3.0000000000000E+01; 2.0000000000000E+01; 1.0000000000000E+01; 4.1240000000000E-06; 1.0000000000000E+01; 1.2000000000000E-05; 1.2000000000000E+01; 0.0000000000000E+00;-3.8852351903915E-01; 3.7000000000000E+01; 1.0000000000000E+00;                 NAN;                 NAN; 2.9188500000000E+02; 2.9420700000000E+02; 0.0000000000000E+00; 0.0000000000000E+00; 1.0000000000000E+00; 1.0000000000000E+00
 1.7878418840000E+09; 1.0000000000000E+00; 2.0000000000000E+00; 1.2573905000000E+01; 1.9959731000000E+02; 1.8702340500000E+02; 3.0000000000000E+01; 1.0000000000000E+01; 2.0000000000000E+01; 4.1480000000000E-06; 1.0000000000000E+01; 1.2000000000000E-05; 1.1000000000000E+01; 0.0000000000000E+00;-4.1106903553009E-01; 3.7000000000000E+01; 1.0000000000000E+00;-5.1870550185770E+00;-9.1830752770259E+00;                 NAN;                 NAN; 1.0000000000000E+00; 1.0000000000000E+00; 0.0000000000000E+00; 0.0000000000000E+00
 1.7878418850000E+09;                 NAN; 2.0000000000000E+00; 1.2573800000000E+01; 1.9959726000000E+02; 1.8702346000000E+02; 3.0000000000000E+01; 2.0000000000000E+01; 1.0000000000000E+01; 4.1870000000000E-06; 1.0000000000000E+01; 1.2000000000000E-05; 1.2000000000000E+01; 0.0000000000000E+00;-3.7054288387299E-01; 3.6000000000000E+01; 1.0000000000000E+00;                 NAN;                 NAN; 2.9188500000000E+02; 2.9421200000000E+02; 0.0000000000000E+00; 0.0000000000000E+00; 1.0000000000000E+00; 1.0000000000000E+00
 1.7878418860000E+09; 1.0000000000000E+00; 2.0000000000000E+00; 1.2573650000000E+01; 1.9959721000000E+02; 1.8702356000000E+02; 3.0000000000000E+01; 1.0000000000000E+01; 2.0000000000000E+01; 4.1990000000000E-06; 1.0000000000000E+01; 1.2000000000000E-05; 1.1000000000000E+01; 0.0000000000000E+00;-3.8469406962395E-01; 3.7000000000000E+01; 1.0000000000000E+00;-5.2588178268703E+00;-7.1980522325966E+00;                 NAN;                 NAN; 1.0000000000000E+00; 1.0000000000000E+00; 0.0000000000000E+00; 0.0000000000000E+00
 1.7878418870000E+09;                 NAN; 2.0000000000000E+00; 1.2574320000000E+01; 1.9959705000000E+02; 1.8702273000000E+02; 3.0000000000000E+01; 2.0000000000000E+01; 1.0000000000000E+01; 4.1560000000000E-06; 1.0000000000000E+01; 1.2000000000000E-05; 1.2000000000000E+01; 0.0000000000000E+00;-4.5499351620674E-01; 3.7000000000000E+01; 1.0000000000000E+00;                 NAN;                 NAN; 2.9188200000000E+02; 2.9421000000000E+02; 0.0000000000000E+00; 0.0000000000000E+00; 1.0000000000000E+00; 1.0000000000000E+00
 1.7878418880000E+09; 1.0000000000000E+00; 2.0000000000000E+00; 1.2575040000000E+01; 1.9959679000000E+02; 1.8702175000000E+02; 3.0000000000000E+01; 1.0000000000000E+01; 2.0000000000000E+01; 4.2170000000000E-06; 1.0000000000000E+01; 1.2000000000000E-05; 1.1000000000000E+01; 0.0000000000000E+00;-4.4720780849457E-01; 3.7000000000000E+01; 1.0000000000000E+00;-5.0247952625260E+00;-9.1041623306760E+00;                 NAN;                 NAN; 1.0000000000000E+00; 1.0000000000000E+00; 0.0000000000000E+00; 0.0000000000000E+00
 1.7878418890000E+09;                 NAN; 2.0000000000000E+00; 1.2575865000000E+01; 1.9959663500000E+02; 1.8702077000000E+02; 3.0000000000000E+01; 2.0000000000000E+01; 1.0000000000000E+01; 4.1563636363636E-06; 1.1000000000000E+01; 1.2000000000000E-05; 1.2000000000000E+01; 0.0000000000000E+00;-3.7906405329704E-01; 3.7000000000000E+01; 1.0000000000000E+00;                 NAN;                 NAN; 2.9188100000000E+02; 2.9421100000000E+02; 0.0000000000000E+00; 0.0000000000000E+00; 1.0000000000000E+00; 1.0000000000000E+00
 1.7878418900000E+09; 1.0000000000000E+00; 2.0000000000000E+00; 1.2574570000000E+01; 1.9959607000000E+02; 1.8702150000000E+02; 3.0000000000000E+01; 1.0000000000000E+01; 2.0000000000000E+01; 4.1560000000000E-06; 1.0000000000000E+01; 1.2000000000000E-05; 1.0000000000000E+01; 0.0000000000000E+00;-3.7617293000221E-01; 3.6000000000000E+01; 1.0000000000000E+00;-4.9713150782717E+00;-8.5275869506571E+00;                 NAN;                 NAN; 1.0000000000000E+00; 1.0000000000000E+00; 0.0000000000000E+00; 0.0000000000000E+00
 1.7878418910000E+09;                 NAN; 2.0000000000000E+00; 1.2575300000000E+01; 1.9959638000000E+02; 1.8702108000000E+02; 3.0000000000000E+01; 2.0000000000000E+01; 1.0000000000000E+01; 4.1690000000000E-06; 1.0000000000000E+01; 1.2000000000000E-05; 1.2000000000000E+01; 0.0000000000000E+00;-4.2491590976715E-01; 3.6000000000000E+01; 1.0000000000000E+00;                 NAN;                 NAN; 2.9188400000000E+02; 2.9420700000000E+02; 0.0000000000000E+00; 0.0000000000000E+00; 1.0000000000000E+00; 1.0000000000000E+00
 1.7878418920000E+09; 1.0000000000000E+00; 2.0000000000000E+00; 1.2574360000000E+01; 1.9959575000000E+02; 1.8702139000000E+02; 3.0000000000000E+01; 1.0000000000000E+01; 2.0000000000000E+01; 4.1840000000000E-06; 1.0000000000000E+01; 1.2000000000000E-05; 1.1000000000000E+01; 0.0000000000000E+00;-4.1010534763336E-01; 3.8000000000000E+01; 1.0000000000000E+00;-5.0459000968430E+00;-9.2019870134811E+00;                 NAN;                 NAN; 1.0000000000000E+00; 1.0000000000000E+00; 0.0000000000000E+00; 0.0000000000000E+00
 1.7878418930000E+09;                 NAN; 2.0000000000000E+00; 1.2575290000000E+01; 1.9959658000000E+02; 1.8702129000000E+02; 2.0000000000000E+01; 1.0000000000000E+01; 1.0000000000000E+01; 4.2040000000000E-06; 1.0000000000000E+01; 1.2000000000000E-05; 1.1000000000000E+01; 0.0000000000000E+00;-4.5867079496384E-01; 3.6000000000000E+01; 1.0000000000000E+00;                 NAN;                 NAN; 2.9188500000000E+02; 2.9420800000000E+02; 0.0000000000000E+00; 0.0000000000000E+00; 1.0000000000000E+00; 1.0000000000000E+00
 1.7878418940000E+09; 1.0000000000000E+00; 2.0000000000000E+00; 1.2574780000000E+01; 1.9959617000000E+02; 1.8702139000000E+02; 3.0000000000000E+01; 2.0000000000000E+01; 1.0000000000000E+01; 4.2430000000000E-06; 1.0000000000000E+01; 1.2000000000000E-05; 1.1000000000000E+01; 0.0000000000000E+00;-3.4229126572609E-01; 3.7000000000000E+01; 1.0000000000000E+00;-4.5659438997756E+00;-9.1679151057021E+00;                 NAN;                 NAN; 1.0000000000000E+00; 1.0000000000000E+00; 0.0000000000000E+00; 0.0000000000000E+00
 1.7878418950000E+09;                 NAN; 2.0000000000000E+00; 1.2576535000000E+01; 1.9959648000000E+02; 1.8701994500000E+02; 3.0000000000000E+01; 1.0000000000000E+01; 2.0000000000000E+01; 4.2230000000000E-06; 1.0000000000000E+01; 1.2000000000000E-05; 1.1000000000000E+01; 0.0000000000000E+00;-4.1581147909164E-01; 3.7000000000000E+01; 1.0000000000000E+00;                 NAN;                 NAN; 2.9188700000000E+02; 2.9420800000000E+02; 0.0000000000000E+00; 0.0000000000000E+00; 1.0000000000000E+00; 1.0000000000000E+00
 1.7878418960000E+09; 1.0000000000000E+00; 2.0000000000000E+00; 1.2576480000000E+01; 1.9959612000000E+02; 1.8701964000000E+02; 3.0000000000000E+01; 2.0000000000000E+01; 1.0000000000000E+01; 4.1490909090909E-06; 1.1000000000000E+01; 1.2000000000000E-05; 1.1000000000000E+01; 0.0000000000000E+00;-4.0361303091049E-01; 3.6000000000000E+01; 1.0000000000000E+00;-5.0357275683122E+00;-5.9929402770153E+00;                 NAN;                 NAN; 1.0000000000000E+00; 1.0000000000000E+00; 0.0000000000000E+00; 0.0000000000000E+00
 1.7878418970000E+09;                 NAN; 2.0000000000000E+00; 1.2576020000000E+01; 1.9959586000000E+02; 1.8701984000000E+02; 3.0000000000000E+01; 1.0000000000000E+01; 2.0000000000000E+01; 4.4470000000000E-06; 1.0000000000000E+01; 1.2000000000000E-05; 1.1000000000000E+01; 0.0000000000000E+00;-4.5778316259384E-01; 3.7000000000000E+01; 1.0000000000000E+00;                 NAN;                 NAN; 2.9188500000000E+02; 2.9420700000000E+02; 0.0000000000000E+00; 0.0000000000000E+00; 1.0000000000000E+00; 1.0000000000000E+00
 1.7878418980000E+09; 1.0000000000000E+00; 2.0000000000000E+00; 1.2575750000000E+01; 1.9959570000000E+02; 1.8701995000000E+02; 3.0000000000000E+01; 2.0000000000000E+01; 1.0000000000000E+01; 4.4890000000000E-06; 1.0000000000000E+01; 1.2000000000000E-05; 1.1000000000000E+01; 0.0000000000000E+00;-3.6846333742142E-01; 3.6000000000000E+01; 1.0000000000000E+00;-2.5551461944126E+00;-9.1525472101626E+00;                 NAN;                 NAN; 1.0000000000000E+00; 1.0000000000000E+00; 0.0000000000000E+00; 0.0000000000000E+00
 1.7878418990000E+09;                 NAN; 2.0000000000000E+00; 1.2576580000000E+01; 1.9959524000000E+02; 1.8701866000000E+02; 3.0000000000000E+01; 1.0000000000000E+01; 2.0000000000000E+01; 4.2430000000000E-06; 1.0000000000000E+01; 1.2000000000000E-05; 1.0000000000000E+01; 0.0000000000000E+00;-4.8773396015167E-01; 3.6000000000000E+01; 1.0000000000000E+00;                 NAN;                 NAN; 2.9188500000000E+02; 2.9420800000000E+02; 0.0000000000000E+00; 0.0000000000000E+00; 1.0000000000000E+00; 1.0000000000000E+00
 1.7878419000000E+09; 1.0000000000000E+00; 2.0000000000000E+00; 1.2576730000000E+01; 1.9959513000000E+02; 1.8701840000000E+02; 3.0000000000000E+01; 2.0000000000000E+01; 1.0000000000000E+01; 4.2440000000000E-06; 1.0000000000000E+01; 1.2000000000000E-05; 1.1000000000000E+01; 0.0000000000000E+00;-4.9044755101204E-01; 3.6000000000000E+01; 1.0000000000000E+00;-5.0513713847352E+00;-8.6217631350250E+00;                 NAN;                 NAN; 1.0000000000000E+00; 1.0000000000000E+00; 0.0000000000000E+00; 0.0000000000000E+00
 1.7878419010000E+09;                 NAN; 2.0000000000000E+00; 1.2576520000000E+01; 1.9959451000000E+02; 1.8701799000000E+02; 2.0000000000000E+01; 1.0000000000000E+01; 1.0000000000000E+01; 4.2410000000000E-06; 1.0000000000000E+01; 1.2000000000000E-05; 1.1000000000000E+01; 0.0000000000000E+00;-4.1923514008522E-01; 3.6000000000000E+01; 1.0000000000000E+00;                 NAN;                 NAN; 2.9188700000000E+02; 2.9420600000000E+02; 0.0000000000000E+00; 0.0000000000000E+00; 1.0000000000000E+00; 1.0000000000000E+00
 1.7878419020000E+09; 1.0000000000000E+00; 2.0000000000000E+00; 1.2575955000000E+01; 1.9959420000000E+02; 1.8701824500000E+02; 3.0000000000000E+01; 1.0000000000000E+01; 2.0000000000000E+01; 4.2140000000000E-06; 1.0000000000000E+01; 1.2000000000000E-05; 1.2000000000000E+01; 0.0000000000000E+00;-4.6455442905426E-01; 3.6000000000000E+01; 1.0000000000000E+00;-5.2723165088652E+00;-9.0438353375714E+00;                 NAN;                 NAN; 1.0000000000000E+00; 1.0000000000000E+00; 0.0000000000000E+00; 0.0000000000000E+00
 1.7878419030000E+09;                 NAN; 2.0000000000000E+00; 1.2576420000000E+01; 1.9959482000000E+02; 1.8701840000000E+02; 3.0000000000000E+01; 2.0000000000000E+01; 1.0000000000000E+01; 4.2018181818182E-06; 1.1000000000000E+01; 1.2000000000000E-05; 1.1000000000000E+01; 0.0000000000000E+00;-3.8423758745193E-01; 3.7000000000000E+01; 1.0000000000000E+00;                 NAN;                 NAN; 2.9188500000000E+02; 2.9420600000000E+02; 0.0000000000000E+00; 0.0000000000000E+00; 1.0000000000000E+00; 1.0000000000000E+00
 1.7878419040000E+09; 1.0000000000000E+00; 2.0000000000000E+00; 1.2576320000000E+01; 1.9959472000000E+02; 1.8701840000000E+02; 3.0000000000000E+01; 1.0000000000000E+01; 2.0000000000000E+01; 4.2340000000000E-06; 1.0000000000000E+01; 1.2000000000000E-05; 1.1000000000000E+01; 0.0000000000000E+00;-3.9121174812317E-01; 3.7000000000000E+01; 1.0000000000000E+00;-3.3627870105781E+00;-6.7945548618922E+00;                 NAN;                 NAN; 1.0000000000000E+00; 1.0000000000000E+00; 0.0000000000000E+00; 0.0000000000000E+00
 1.7878419050000E+09;                 NAN; 2.0000000000000E+00; 1.2575955000000E+01; 1.9959476500000E+02; 1.8701881000000E+02; 3.0000000000000E+01; 2.0000000000000E+01; 1.0000000000000E+01; 4.2410000000000E-06; 1.0000000000000E+01; 1.2000000000000E-05; 1.1000000000000E+01; 0.0000000000000E+00;-3.8162544369698E-01; 3.7000000000000E+01; 1.0000000000000E+00;                 NAN;                 NAN; 2.9188400000000E+02; 2.9420600000000E+02; 0.0000000000000E+00; 0.0000000000000E+00; 1.0000000000000E+00; 1.0000000000000E+00
 1.7878419060000E+09; 1.0000000000000E+00; 2.0000000000000E+00; 1.2574920000000E+01; 1.9959399000000E+02; 1.8701907000000E+02; 3.0000000000000E+01; 1.0000000000000E+01; 2.0000000000000E+01; 4.2410000000000E-06; 1.0000000000000E+01; 1.2000000000000E-05; 1.1000000000000E+01; 0.0000000000000E+00;-4.0685918927193E-01; 3.6000000000000E+01; 1.0000000000000E+00;-4.7902983048711E+00;-8.5715291696731E+00;                 NAN;                 NAN; 1.0000000000000E+00; 1.0000000000000E+00; 0.0000000000000E+00; 0.0000000000000E+00
 1.7878419070000E+09;                 NAN; 2.0000000000000E+00; 1.2575905000000E+01; 1.9959430500000E+02; 1.8701840000000E+02; 3.0000000000000E+01; 2.0000000000000E+01; 1.0000000000000E+01; 4.2620000000000E-06; 1.0000000000000E+01; 1.2000000000000E-05; 1.0000000000000E+01; 0.0000000000000E+00;-4.6709048748016E-01; 3.7000000000000E+01; 1.0000000000000E+00;                 NAN;                 NAN; 2.9188100000000E+02; 2.9420500000000E+02; 0.0000000000000E+00; 0.0000000000000E+00; 1.0000000000000E+00; 1.0000000000000E+00
 1.7878419080000E+09; 1.0000000000000E+00; 2.0000000000000E+00; 1.2575445000000E+01; 1.9959410000000E+02; 1.8701865500000E+02; 3.0000000000000E+01; 1.0000000000000E+01; 2.0000000000000E+01; 4.2210000000000E-06; 1.0000000000000E+01; 1.2000000000000E-05; 1.2000000000000E+01; 0.0000000000000E+00;-3.7546283006668E-01; 3.6000000000000E+01; 1.0000000000000E+00;-4.5025782978774E+00;-6.5152943526392E+00;                 NAN;                 NAN; 1.0000000000000E+00; 1.0000000000000E+00; 0.0000000000000E+00; 0.0000000000000E+00
 1.7878419090000E+09;                 NAN; 2.0000000000000E+00; 1.2576055000000E+01; 1.9959414500000E+02; 1.8701809000000E+02; 3.0000000000000E+01; 2.0000000000000E+01; 1.0000000000000E+01; 4.1980000000000E-06; 1.0000000000000E+01; 1.2000000000000E-05; 1.0000000000000E+01; 0.0000000000000E+00;-4.1104367375374E-01; 3.7000000000000E+01; 1.0000000000000E+00;                 NAN;                 NAN; 2.9188500000000E+02; 2.9421000000000E+02; 0.0000000000000E+00; 0.0000000000000E+00; 1.0000000000000E+00; 1.0000000000000E+00
 1.7878419100000E+09; 1.0000000000000E+00; 2.0000000000000E+00; 1.2575535000000E+01; 1.9959378000000E+02; 1.8701824500000E+02; 3.0000000000000E+01; 1.0000000000000E+01; 2.0000000000000E+01; 4.1800000000000E-06; 1.1000000000000E+01; 1.2000000000000E-05; 1.2000000000000E+01; 0.0000000000000E+00;-4.5395371317863E-01; 3.6000000000000E+01; 1.0000000000000E+00;-5.2639064015496E+00;-9.1789545033769E+00;                 NAN;                 NAN; 1.0000000000000E+00; 1.0000000000000E+00; 0.0000000000000E+00; 0.0000000000000E+00
 1.7878419110000E+09;                 NAN; 2.0000000000000E+00; 1.2576520000000E+01; 1.9959399000000E+02; 1.8701747000000E+02; 3.0000000000000E+01; 2.0000000000000E+01; 1.0000000000000E+01; 4.1990000000000E-06; 1.0000000000000E+01; 1.2000000000000E-05; 1.0000000000000E+01; 0.0000000000000E+00;-3.7706056237221E-01; 3.6000000000000E+01; 1.0000000000000E+00;                 NAN;                 NAN; 2.9188100000000E+02; 2.9420600000000E+02; 0.0000000000000E+00; 0.0000000000000E+00; 1.0000000000000E+00; 1.0000000000000E+00
 1.7878419120000E+09; 1.0000000000000E+00; 2.0000000000000E+00; 1.2576110000000E+01; 1.9959327000000E+02; 1.8701716000000E+02; 2.0000000000000E+01; 1.0000000000000E+01; 1.0000000000000E+01; 4.2030000000000E-06; 1.0000000000000E+01; 1.2000000000000E-05; 1.2000000000000E+01; 0.0000000000000E+00;-4.1971698403358E-01; 3.7000000000000E+01; 1.0000000000000E+00;-5.1125349696901E+00;-9.0957906866865E+00;                 NAN;                 NAN; 1.0000000000000E+00; 1.0000000000000E+00; 0.0000000000000E+00; 0.0000000000000E+00
 1.7878419130000E+09;                 NAN; 2.0000000000000E+00; 1.2576780000000E+01; 1.9959358000000E+02; 1.8701680000000E+02; 4.0000000000000E+01; 2.0000000000000E+01; 2.0000000000000E+01; 4.1810000000000E-06; 1.0000000000000E+01; 1.2000000000000E-05; 1.0000000000000E+01; 0.0000000000000E+00;-4.0341016650200E-01; 3.6000000000000E+01; 1.0000000000000E+00;                 NAN;                 NAN; 2.9188400000000E+02; 2.9420800000000E+02; 0.0000000000000E+00; 0.0000000000000E+00; 1.0000000000000E+00; 1.0000000000000E+00
 1.7878419140000E+09; 1.0000000000000E+00; 2.0000000000000E+00; 1.2576880000000E+01; 1.9959363000000E+02; 1.8701675000000E+02; 3.0000000000000E+01; 2.0000000000000E+01; 1.0000000000000E+01; 4.1990000000000E-06; 1.0000000000000E+01; 1.2000000000000E-05; 1.2000000000000E+01; 0.0000000000000E+00;-4.3759617209435E-01; 3.7000000000000E+01; 1.0000000000000E+00;-5.2205300074438E+00;-7.1911970900450E+00;                 NAN;                 NAN; 1.0000000000000E+00; 1.0000000000000E+00; 0.0000000000000E+00; 0.0000000000000E+00
 1.7878419150000E+09;                 NAN; 2.0000000000000E+00; 1.2577235000000E+01; 1.9959347000000E+02; 1.8701623500000E+02; 3.0000000000000E+01; 1.0000000000000E+01; 2.0000000000000E+01; 4.2640000000000E-06; 1.0000000000000E+01; 1.2000000000000E-05; 1.1000000000000E+01; 0.0000000000000E+00;-3.9958071708679E-01; 3.7000000000000E+01; 1.0000000000000E+00;                 NAN;                 NAN; 2.9188100000000E+02; 2.9421000000000E+02; 0.0000000000000E+00; 0.0000000000000E+00; 1.0000000000000E+00; 1.0000000000000E+00
 1.7878419160000E+09; 1.0000000000000E+00; 2.0000000000000E+00; 1.2577080000000E+01; 1.9959233000000E+02; 1.8701525000000E+02; 3.0000000000000E+01; 1.0000000000000E+01; 2.0000000000000E+01; 4.3220000000000E-06; 1.0000000000000E+01; 1.2000000000000E-05; 1.2000000000000E+01; 0.0000000000000E+00;-3.9691784977913E-01; 3.7000000000000E+01; 1.0000000000000E+00;-5.2093285427446E+00;-9.1781853883608E+00;                 NAN;                 NAN; 1.0000000000000E+00; 1.0000000000000E+00; 0.0000000000000E+00; 0.0000000000000E+00
 1.7878419170000E+09;                 NAN; 2.0000000000000E+00; 1.2577290000000E+01; 1.9959306000000E+02; 1.8701577000000E+02; 3.0000000000000E+01; 1.0000000000000E+01; 2.0000000000000E+01; 4.3463636363636E-06; 1.1000000000000E+01; 1.2000000000000E-05; 1.1000000000000E+01; 8.6318536024802E+00;-3.6610481142998E-01; 3.7000000000000E+01; 1.0000000000000E+00;                 NAN;                 NAN; 2.9188200000000E+02; 2.9420800000000E+02; 0.0000000000000E+00; 0.0000000000000E+00; 1.0000000000000E+00; 1.0000000000000E+00
 1.7878419180000E+09; 1.0000000000000E+00; 2.0000000000000E+00; 1.2577965000000E+01; 1.9959306000000E+02; 1.8701509500000E+02; 3.0000000000000E+01; 1.0000000000000E+01; 2.0000000000000E+01; 4.3060000000000E-06; 1.0000000000000E+01; 1.2000000000000E-05; 1.2000000000000E+01; 4.2316802536797E+00;-7.2601146697998E+00; 3.7000000000000E+01; 1.0000000000000E+00;-5.0524111023881E+00;-8.9647200286918E+00;                 NAN;                 NAN; 1.0000000000000E+00; 1.0000000000000E+00; 0.0000000000000E+00; 0.0000000000000E+00
 1.7878419190000E+09;                 NAN; 2.0000000000000E+00; 1.2577750000000E+01; 1.9959285000000E+02; 1.8701510000000E+02; 2.0000000000000E+01; 1.0000000000000E+01; 1.0000000000000E+01; 4.2050000000000E-06; 1.0000000000000E+01; 1.2000000000000E-05; 1.0000000000000E+01; 7.2591594489845E-02;-1.2462804794312E+01; 3.7000000000000E+01; 1.0000000000000E+00;                 NAN;                 NAN; 2.9188100000000E+02; 2.9421100000000E+02; 0.0000000000000E+00; 0.0000000000000E+00; 1.0000000000000E+00; 1.0000000000000E+00
 1.7878419200000E+09; 1.0000000000000E+00; 2.0000000000000E+00; 1.2577750000000E+01; 1.9959202000000E+02; 1.8701427000000E+02; 3.0000000000000E+01; 1.0000000000000E+01; 2.0000000000000E+01; 4.1750000000000E-06; 1.0000000000000E+01; 1.2000000000000E-05; 1.1000000000000E+01; 0.0000000000000E+00;-9.2265968322754E+00; 3.6000000000000E+01; 1.0000000000000E+00;-3.9127469036919E+00;-9.2444399640312E+00;                 NAN;                 NAN; 1.0000000000000E+00; 1.0000000000000E+00; 0.0000000000000E+00; 0.0000000000000E+00
 1.7878419210000E+09;                 NAN; 2.0000000000000E+00; 1.2579245000000E+01; 1.9959217500000E+02; 1.8701293000000E+02; 3.0000000000000E+01; 2.0000000000000E+01; 1.0000000000000E+01; 4.1720000000000E-06; 1.0000000000000E+01; 1.2000000000000E-05; 1.2000000000000E+01; 0.0000000000000E+00;-6.6771521568298E+00; 3.7000000000000E+01; 1.0000000000000E+00;                 NAN;                 NAN; 2.9188100000000E+02; 2.9421000000000E+02; 0.0000000000000E+00; 0.0000000000000E+00; 1.0000000000000E+00; 1.0000000000000E+00
 1.7878419220000E+09; 1.0000000000000E+00; 2.0000000000000E+00; 1.2577595000000E+01; 1.9959192000000E+02; 1.8701432500000E+02; 3.0000000000000E+01; 1.0000000000000E+01; 2.0000000000000E+01; 4.1690000000000E-06; 1.0000000000000E+01; 1.2000000000000E-05; 1.1000000000000E+01; 0.0000000000000E+00;-4.8211407661438E+00; 3.6000000000000E+01; 1.0000000000000E+00;-4.9520326090791E+00;-8.8508842192229E+00;                 NAN;                 NAN; 1.0000000000000E+00; 1.0000000000000E+00; 0.0000000000000E+00; 0.0000000000000E+00
 1.7878419230000E+09;                 NAN; 2.0000000000000E+00; 1.2577850000000E+01; 1.9959161000000E+02; 1.8701376000000E+02; 3.0000000000000E+01; 2.0000000000000E+01; 1.0000000000000E+01; 4.0930000000000E-06; 1.0000000000000E+01; 1.2000000000000E-05; 1.2000000000000E+01; 0.0000000000000E+00;-3.5250902175903E+00; 3.6000000000000E+01; 1.0000000000000E+00;                 NAN;                 NAN; 2.9188000000000E+02; 2.9421100000000E+02; 0.0000000000000E+00; 0.0000000000000E+00; 1.0000000000000E+00; 1.0000000000000E+00
 1.7878419240000E+09; 1.0000000000000E+00; 2.0000000000000E+00; 1.2577440000000E+01; 1.9959130000000E+02; 1.8701386000000E+02; 3.0000000000000E+01; 1.0000000000000E+01; 2.0000000000000E+01; 4.0072727272727E-06; 1.1000000000000E+01; 1.2000000000000E-05; 1.0000000000000E+01; 0.0000000000000E+00;-2.7323703765869E+00; 3.7000000000000E+01; 1.0000000000000E+00;-5.2046953273480E+00;-9.2402511456490E+00;                 NAN;                 NAN; 1.0000000000000E+00; 1.0000000000000E+00; 0.0000000000000E+00; 0.0000000000000E+00
 1.7878419250000E+09;                 NAN; 2.0000000000000E+00; 1.2577285000000E+01; 1.9959114500000E+02; 1.8701386000000E+02; 3.0000000000000E+01; 2.0000000000000E+01; 1.0000000000000E+01; 4.0940000000000E-06; 1.0000000000000E+01; 1.2000000000000E-05; 1.2000000000000E+01; 0.0000000000000E+00;-1.9880890846252E+00; 3.6000000000000E+01; 1.0000000000000E+00;                 NAN;                 NAN; 2.9188000000000E+02; 2.9421000000000E+02; 0.0000000000000E+00; 0.0000000000000E+00; 1.0000000000000E+00; 1.0000000000000E+00
 1.7878419260000E+09; 1.0000000000000E+00; 2.0000000000000E+00; 1.2577955000000E+01; 1.9959099000000E+02; 1.8701303500000E+02; 3.0000000000000E+01; 1.0000000000000E+01; 2.0000000000000E+01; 4.1060000000000E-06; 1.0000000000000E+01; 1.2000000000000E-05; 1.1000000000000E+01; 0.0000000000000E+00;-1.6199047565460E+00; 3.7000000000000E+01; 1.0000000000000E+00;-2.8103622740247E+00;-8.6062312331859E+00;                 NAN;                 NAN; 1.0000000000000E+00; 1.0000000000000E+00; 0.0000000000000E+00; 0.0000000000000E+00
 1.7878419270000E+09;                 NAN; 2.0000000000000E+00; 1.2578060000000E+01; 1.9959130000000E+02; 1.8701324000000E+02; 2.0000000000000E+01; 1.0000000000000E+01; 1.0000000000000E+01; 4.1430000000000E-06; 1.0000000000000E+01; 1.2000000000000E-05; 1.1000000000000E+01; 0.0000000000000E+00;-1.2150236368179E+00; 3.7000000000000E+01; 1.0000000000000E+00;                 NAN;                 NAN; 2.9188000000000E+02; 2.9421300000000E+02; 0.0000000000000E+00; 0.0000000000000E+00; 1.0000000000000E+00; 1.0000000000000E+00
 1.7878419280000E+09; 1.0000000000000E+00; 2.0000000000000E+00; 1.2577750000000E+01; 1.9959062500000E+02; 1.8701287500000E+02; 4.0000000000000E+01; 2.0000000000000E+01; 2.0000000000000E+01; 4.2350000000000E-06; 1.0000000000000E+01; 1.2000000000000E-05; 1.1000000000000E+01; 0.0000000000000E+00;-8.8782191276550E-01; 3.7000000000000E+01; 1.0000000000000E+00;-4.4392580133828E+00;-8.3905961313312E+00;                 NAN;                 NAN; 1.0000000000000E+00; 1.0000000000000E+00; 0.0000000000000E+00; 0.0000000000000E+00
 1.7878419290000E+09;                 NAN; 2.0000000000000E+00; 1.2578470000000E+01; 1.9959078000000E+02; 1.8701231000000E+02; 3.0000000000000E+01; 2.0000000000000E+01; 1.0000000000000E+01; 4.2020000000000E-06; 1.0000000000000E+01; 1.2000000000000E-05; 1.0000000000000E+01; 0.0000000000000E+00;-7.7689486742020E-01; 3.5000000000000E+01; 1.0000000000000E+00;                 NAN;                 NAN; 2.9187800000000E+02; 2.9420900000000E+02; 0.0000000000000E+00; 0.0000000000000E+00; 1.0000000000000E+00; 1.0000000000000E+00
 1.7878419300000E+09; 1.0000000000000E+00; 2.0000000000000E+00; 1.2578570000000E+01; 1.9959057000000E+02; 1.8701200000000E+02; 3.0000000000000E+01; 2.0000000000000E+01; 1.0000000000000E+01; 4.0660000000000E-06; 1.0000000000000E+01; 1.2000000000000E-05; 1.1000000000000E+01; 0.0000000000000E+00;-7.4945479631424E-01; 3.6000000000000E+01; 1.0000000000000E+00;-5.0122306569687E+00;-9.0302546451569E+00;                 NAN;                 NAN; 1.0000000000000E+00; 1.0000000000000E+00; 0.0000000000000E+00; 0.0000000000000E+00
 1.7878419310000E+09;                 NAN; 2.0000000000000E+00; 1.2578260000000E+01; 1.9959047000000E+02; 1.8701221000000E+02; 2.0000000000000E+01; 1.0000000000000E+01; 1.0000000000000E+01; 4.0336363636364E-06; 1.1000000000000E+01; 1.2000000000000E-05; 1.1000000000000E+01; 0.0000000000000E+00;-6.4200216531754E-01; 3.6000000000000E+01; 1.0000000000000E+00;                 NAN;                 NAN; 2.9188000000000E+02; 2.9420900000000E+02; 0.0000000000000E+00; 0.0000000000000E+00; 1.0000000000000E+00; 1.0000000000000E+00
 1.7878419320000E+09; 1.0000000000000E+00; 2.0000000000000E+00; 1.2577895000000E+01; 1.9958989500000E+02; 1.8701200000000E+02; 3.0000000000000E+01; 2.0000000000000E+01; 1.0000000000000E+01; 4.0520000000000E-06; 1.0000000000000E+01; 1.2000000000000E-05; 1.1000000000000E+01; 0.0000000000000E+00;-4.6011632680893E-01; 3.5000000000000E+01; 1.0000000000000E+00;-4.1126974119506E+00;-8.6988039808873E+00;                 NAN;                 NAN; 1.0000000000000E+00; 1.0000000000000E+00; 0.0000000000000E+00; 0.0000000000000E+00
 1.7878419330000E+09;                 NAN; 2.0000000000000E+00; 1.2578105000000E+01; 1.9958995000000E+02; 1.8701184500000E+02; 3.0000000000000E+01; 1.0000000000000E+01; 2.0000000000000E+01; 4.0410000000000E-06; 1.0000000000000E+01; 1.2000000000000E-05; 1.2000000000000E+01; 0.0000000000000E+00;-4.5466381311417E-01; 3.7000000000000E+01; 1.0000000000000E+00;                 NAN;                 NAN; 2.9188000000000E+02; 2.9421200000000E+02; 0.0000000000000E+00; 0.0000000000000E+00; 1.0000000000000E+00; 1.0000000000000E+00
 1.7878419340000E+09; 1.0000000000000E+00; 2.0000000000000E+00; 1.2578665000000E+01; 1.9958984500000E+02; 1.8701118000000E+02; 3.0000000000000E+01; 2.0000000000000E+01; 1.0000000000000E+01; 4.1310000000000E-06; 1.0000000000000E+01; 1.2000000000000E-05; 1.0000000000000E+01; 0.0000000000000E+00;-4.6255093812943E-01; 3.6000000000000E+01; 1.0000000000000E+00;-1.2461534998978E-01;-9.0276922785278E+00;                 NAN;                 NAN; 1.0000000000000E+00; 1.0000000000000E+00; 0.0000000000000E+00; 0.0000000000000E+00
 1.7878419350000E+09;                 NAN; 2.0000000000000E+00; 1.2578765000000E+01; 1.9958984000000E+02; 1.8701107500000E+02; 3.0000000000000E+01; 1.0000000000000E+01; 2.0000000000000E+01; 4.1030000000000E-06; 1.0000000000000E+01; 1.2000000000000E-05; 1.2000000000000E+01; 0.0000000000000E+00;-5.0863105058670E-01; 3.6000000000000E+01; 1.0000000000000E+00;                 NAN;                 NAN; 2.9188200000000E+02; 2.9421300000000E+02; 0.0000000000000E+00; 0.0000000000000E+00; 1.0000000000000E+00; 1.0000000000000E+00
 1.7878419360000E+09; 1.0000000000000E+00; 2.0000000000000E+00; 1.2578460000000E+01; 1.9958964000000E+02; 1.8701118000000E+02; 2.0000000000000E+01; 1.0000000000000E+01; 1.0000000000000E+01; 4.0800000000000E-06; 1.0000000000000E+01; 1.2000000000000E-05; 1.0000000000000E+01; 0.0000000000000E+00;-4.7140178084373E-01; 3.6000000000000E+01; 1.0000000000000E+00;-5.2850491977065E+00;-9.2620869295710E+00;                 NAN;                 NAN; 1.0000000000000E+00; 1.0000000000000E+00; 0.0000000000000E+00; 0.0000000000000E+00
 1.7878419370000E+09;                 NAN; 2.0000000000000E+00; 1.2579550000000E+01; 1.9958964000000E+02; 1.8701009000000E+02; 3.0000000000000E+01; 1.0000000000000E+01; 2.0000000000000E+01; 4.1130000000000E-06; 1.0000000000000E+01; 1.2000000000000E-05; 1.2000000000000E+01; 0.0000000000000E+00;-4.1761207580566E-01; 3.7000000000000E+01; 1.0000000000000E+00;                 NAN;                 NAN; 2.9188500000000E+02; 2.9420900000000E+02; 0.0000000000000E+00; 0.0000000000000E+00; 1.0000000000000E+00; 1.0000000000000E+00
 1.7878419380000E+09; 1.0000000000000E+00; 2.0000000000000E+00; 1.2578510000000E+01; 1.9958938000000E+02; 1.8701087000000E+02; 3.0000000000000E+01; 2.0000000000000E+01; 1.0000000000000E+01; 4.1036363636364E-06; 1.1000000000000E+01; 1.2000000000000E-05; 1.1000000000000E+01; 0.0000000000000E+00;-4.4325157999992E-01; 3.6000000000000E+01; 1.0000000000000E+00;-5.3057713401809E+00;-9.2195957427432E+00;                 NAN;                 NAN; 1.0000000000000E+00; 1.0000000000000E+00; 0.0000000000000E+00; 0.0000000000000E+00
 1.7878419390000E+09;                 NAN; 2.0000000000000E+00; 1.2579125000000E+01; 1.9958891000000E+02; 1.8700978500000E+02; 3.0000000000000E+01; 1.0000000000000E+01; 2.0000000000000E+01; 4.1410000000000E-06; 1.0000000000000E+01; 1.2000000000000E-05; 1.2000000000000E+01; 0.0000000000000E+00;-4.0967422723770E-01; 3.7000000000000E+01; 1.0000000000000E+00;                 NAN;                 NAN; 2.9188600000000E+02; 2.9421200000000E+02; 0.0000000000000E+00; 0.0000000000000E+00; 1.0000000000000E+00; 1.0000000000000E+00
 1.7878419400000E+09; 1.0000000000000E+00; 2.0000000000000E+00; 1.2579585000000E+01; 1.9958880500000E+02; 1.8700922000000E+02; 3.0000000000000E+01; 2.0000000000000E+01; 1.0000000000000E+01; 4.0940000000000E-06; 1.0000000000000E+01; 1.2000000000000E-05; 1.0000000000000E+01; 0.0000000000000E+00;-3.7178555130959E-01; 3.6000000000000E+01; 1.0000000000000E+00;-5.1121507308404E+00;-9.2270842508957E+00;                 NAN;                 NAN; 1.0000000000000E+00; 1.0000000000000E+00; 0.0000000000000E+00; 0.0000000000000E+00
 1.7878419410000E+09;                 NAN; 2.0000000000000E+00; 1.2579790000000E+01; 1.9958870000000E+02; 1.8700891000000E+02; 3.0000000000000E+01; 1.0000000000000E+01; 2.0000000000000E+01; 4.0170000000000E-06; 1.0000000000000E+01; 1.2000000000000E-05; 1.2000000000000E+01; 0.0000000000000E+00;-4.4429135322571E-01; 3.7000000000000E+01; 1.0000000000000E+00;                 NAN;                 NAN; 2.9188400000000E+02; 2.9421500000000E+02; 0.0000000000000E+00; 0.0000000000000E+00; 1.0000000000000E+00; 1.0000000000000E+00
 1.7878419420000E+09; 1.0000000000000E+00; 2.0000000000000E+00; 1.2579070000000E+01; 1.9958839000000E+02; 1.8700932000000E+02; 2.0000000000000E+01; 1.0000000000000E+01; 1.0000000000000E+01; 4.1720000000000E-06; 1.0000000000000E+01; 1.2000000000000E-05; 1.0000000000000E+01; 0.0000000000000E+00;-4.0077266097069E-01; 3.6000000000000E+01; 1.0000000000000E+00;-5.1401650374257E+00;-7.0802998354161E+00;                 NAN;                 NAN; 1.0000000000000E+00; 1.0000000000000E+00; 0.0000000000000E+00; 0.0000000000000E+00
 1.7878419430000E+09;                 NAN; 2.0000000000000E+00; 1.2580210000000E+01; 1.9958829000000E+02; 1.8700808000000E+02; 3.0000000000000E+01; 2.0000000000000E+01; 1.0000000000000E+01; 4.1080000000000E-06; 1.0000000000000E+01; 1.2000000000000E-05; 1.2000000000000E+01; 0.0000000000000E+00;-4.3861058354378E-01; 3.7000000000000E+01; 1.0000000000000E+00;                 NAN;                 NAN; 2.9188200000000E+02; 2.9421600000000E+02; 0.0000000000000E+00; 0.0000000000000E+00; 1.0000000000000E+00; 1.0000000000000E+00
 1.7878419440000E+09; 1.0000000000000E+00; 2.0000000000000E+00; 1.2579850000000E+01; 1.9958850000000E+02; 1.8700865000000E+02; 3.0000000000000E+01; 1.0000000000000E+01; 2.0000000000000E+01; 4.0940000000000E-06; 1.0000000000000E+01; 1.2000000000000E-05; 1.1000000000000E+01; 0.0000000000000E+00;-4.4180601835251E-01; 3.7000000000000E+01; 1.0000000000000E+00;-5.0245766786967E+00;-9.2017670045555E+00;                 NAN;                 NAN; 1.0000000000000E+00; 1.0000000000000E+00; 0.0000000000000E+00; 0.0000000000000E+00
 1.7878419450000E+09;                 NAN; 2.0000000000000E+00; 1.2579440000000E+01; 1.9958793000000E+02; 1.8700849000000E+02; 3.0000000000000E+01; 2.0000000000000E+01; 1.0000000000000E+01; 4.0627272727273E-06; 1.1000000000000E+01; 1.2000000000000E-05; 1.2000000000000E+01; 0.0000000000000E+00;-4.2702081799507E-01; 3.7000000000000E+01; 1.0000000000000E+00;                 NAN;                 NAN; 2.9188000000000E+02; 2.9421600000000E+02; 0.0000000000000E+00; 0.0000000000000E+00; 1.0000000000000E+00; 1.0000000000000E+00
 1.7878419460000E+09; 1.0000000000000E+00; 2.0000000000000E+00; 1.2578655000000E+01; 1.9958756000000E+02; 1.8700890500000E+02; 3.0000000000000E+01; 1.0000000000000E+01; 2.0000000000000E+01; 4.0720000000000E-06; 1.0000000000000E+01; 1.2000000000000E-05; 1.1000000000000E+01; 0.0000000000000E+00;-5.2014476060867E-01; 3.7000000000000E+01; 1.0000000000000E+00;-5.2633532315736E+00;-6.7326000189418E+00;                 NAN;                 NAN; 1.0000000000000E+00; 1.0000000000000E+00; 0.0000000000000E+00; 0.0000000000000E+00
 1.7878419470000E+09;                 NAN; 2.0000000000000E+00; 1.2578140000000E+01; 1.9958777000000E+02; 1.8700963000000E+02; 3.0000000000000E+01; 2.0000000000000E+01; 1.0000000000000E+01; 4.1610000000000E-06; 1.0000000000000E+01; 1.2000000000000E-05; 1.2000000000000E+01; 0.0000000000000E+00;-4.0346089005470E-01; 3.6000000000000E+01; 1.0000000000000E+00;                 NAN;                 NAN; 2.9188100000000E+02; 2.9422200000000E+02; 0.0000000000000E+00; 0.0000000000000E+00; 1.0000000000000E+00; 1.0000000000000E+00
 1.7878419480000E+09; 1.0000000000000E+00; 2.0000000000000E+00; 1.2578450000000E+01; 1.9958767000000E+02; 1.8700922000000E+02; 3.0000000000000E+01; 1.0000000000000E+01; 2.0000000000000E+01; 4.1960000000000E-06; 1.0000000000000E+01; 1.2000000000000E-05; 1.0000000000000E+01; 0.0000000000000E+00;-4.5364940166473E-01; 3.7000000000000E+01; 1.0000000000000E+00;-4.7956985658029E+00;-8.7624842677985E+00;                 NAN;                 NAN; 1.0000000000000E+00; 1.0000000000000E+00; 0.0000000000000E+00; 0.0000000000000E+00
 1.7878419490000E+09;                 NAN; 2.0000000000000E+00; 1.2578760000000E+01; 1.9958767000000E+02; 1.8700891000000E+02; 3.0000000000000E+01; 2.0000000000000E+01; 1.0000000000000E+01; 4.1890000000000E-06; 1.0000000000000E+01; 1.2000000000000E-05; 1.1000000000000E+01; 8.3126984006829E-02;-4.4796863198280E-01; 3.6000000000000E+01; 1.0000000000000E+00;                 NAN;                 NAN; 2.9188000000000E+02; 2.9422300000000E+02; 0.0000000000000E+00; 0.0000000000000E+00; 1.0000000000000E+00; 1.0000000000000E+00
 1.7878419500000E+09; 1.0000000000000E+00; 2.0000000000000E+00; 1.2577415000000E+01; 1.9958694000000E+02; 1.8700952500000E+02; 3.0000000000000E+01; 1.0000000000000E+01; 2.0000000000000E+01; 4.1420000000000E-06; 1.0000000000000E+01; 1.2000000000000E-05; 1.2000000000000E+01; 5.0223668919255E-02;-4.6668472886086E-01; 3.6000000000000E+01; 1.0000000000000E+00;-5.1236811785749E+00;-9.1336831561220E+00;                 NAN;                 NAN; 1.0000000000000E+00; 1.0000000000000E+00; 0.0000000000000E+00; 0.0000000000000E+00
 1.7878419510000E+09;                 NAN; 2.0000000000000E+00; 1.2577670000000E+01; 1.9958699000000E+02; 1.8700932000000E+02; 3.0000000000000E+01; 2.0000000000000E+01; 1.0000000000000E+01; 4.1250000000000E-06; 1.0000000000000E+01; 1.2000000000000E-05; 1.1000000000000E+01; 8.1224723171845E-02;-5.2402490377426E-01; 3.7000000000000E+01; 1.0000000000000E+00;                 NAN;                 NAN; 2.9188200000000E+02; 2.9422500000000E+02; 0.0000000000000E+00; 0.0000000000000E+00; 1.0000000000000E+00; 1.0000000000000E+00
 1.7878419520000E+09; 1.0000000000000E+00; 2.0000000000000E+00; 1.2577110000000E+01; 1.9958684000000E+02; 1.8700973000000E+02; 2.0000000000000E+01; 1.0000000000000E+01; 1.0000000000000E+01; 4.1400000000000E-06; 1.0000000000000E+01; 1.2000000000000E-05; 1.1000000000000E+01; 0.0000000000000E+00;-4.0056976675987E-01; 3.6000000000000E+01; 1.0000000000000E+00;-3.8889588819268E+00;-8.4993373048612E+00;                 NAN;                 NAN; 1.0000000000000E+00; 1.0000000000000E+00; 0.0000000000000E+00; 0.0000000000000E+00
 1.7878419530000E+09;                 NAN; 2.0000000000000E+00; 1.2578185000000E+01; 1.9958673000000E+02; 1.8700854500000E+02; 3.0000000000000E+01; 1.0000000000000E+01; 2.0000000000000E+01; 4.2018181818182E-06; 1.1000000000000E+01; 1.2000000000000E-05; 1.1000000000000E+01; 0.0000000000000E+00;-4.8968672752380E-01; 3.7000000000000E+01; 1.0000000000000E+00;                 NAN;                 NAN; 2.9188200000000E+02; 2.9422500000000E+02; 0.0000000000000E+00; 0.0000000000000E+00; 1.0000000000000E+00; 1.0000000000000E+00
 1.7878419540000E+09; 1.0000000000000E+00; 2.0000000000000E+00; 1.2578855000000E+01; 1.9958652500000E+02; 1.8700767000000E+02; 3.0000000000000E+01; 2.0000000000000E+01; 1.0000000000000E+01; 4.2050000000000E-06; 1.0000000000000E+01; 1.2000000000000E-05; 1.1000000000000E+01; 5.9499344307515E-01;-4.1155090928078E-01; 3.6000000000000E+01; 1.0000000000000E+00;-5.1362076452422E+00;-9.2075980766053E+00;                 NAN;                 NAN; 1.0000000000000E+00; 1.0000000000000E+00; 0.0000000000000E+00; 0.0000000000000E+00
 1.7878419550000E+09;                 NAN; 2.0000000000000E+00; 1.2578755000000E+01; 1.9958632000000E+02; 1.8700756500000E+02; 3.0000000000000E+01; 1.0000000000000E+01; 2.0000000000000E+01; 4.2480000000000E-06; 1.0000000000000E+01; 1.2000000000000E-05; 1.0000000000000E+01; 1.0721993195564E+01;-4.4416454434395E-01; 3.6000000000000E+01; 1.0000000000000E+00;                 NAN;                 NAN; 2.9187800000000E+02; 2.9422800000000E+02; 0.0000000000000E+00; 0.0000000000000E+00; 1.0000000000000E+00; 1.0000000000000E+00
 1.7878419560000E+09; 1.0000000000000E+00; 2.0000000000000E+00; 1.2578340000000E+01; 1.9958580000000E+02; 1.8700746000000E+02; 3.0000000000000E+01; 2.0000000000000E+01; 1.0000000000000E+01; 4.2300000000000E-06; 1.0000000000000E+01; 1.2000000000000E-05; 1.2000000000000E+01; 3.2200710631706E-01;-7.2275266647339E+00; 3.7000000000000E+01; 1.0000000000000E+00;-5.2915294378282E+00;-9.1687936356958E+00;                 NAN;                 NAN; 1.0000000000000E+00; 1.0000000000000E+00; 0.0000000000000E+00; 0.0000000000000E+00
 1.7878419570000E+09;                 NAN; 2.0000000000000E+00; 1.2578860000000E+01; 1.9958570000000E+02; 1.8700684000000E+02; 2.0000000000000E+01; 1.0000000000000E+01; 1.0000000000000E+01; 4.2330000000000E-06; 1.0000000000000E+01; 1.2000000000000E-05; 1.0000000000000E+01; 8.9152050990528E+00;-1.3370484352112E+01; 3.6000000000000E+01; 1.0000000000000E+00;                 NAN;                 NAN; 2.9188200000000E+02; 2.9423100000000E+02; 0.0000000000000E+00; 0.0000000000000E+00; 1.0000000000000E+00; 1.0000000000000E+00
 1.7878419580000E+09; 1.0000000000000E+00; 2.0000000000000E+00; 1.2579115000000E+01; 1.9958539000000E+02; 1.8700627500000E+02; 3.0000000000000E+01; 1.0000000000000E+01; 2.0000000000000E+01; 4.2090000000000E-06; 1.0000000000000E+01; 1.2000000000000E-05; 1.2000000000000E+01; 1.4107628258897E+00;-1.0494648933411E+01; 3.6000000000000E+01; 1.0000000000000E+00;-4.7133447796192E+00;-8.5131915312975E+00;                 NAN;                 NAN; 1.0000000000000E+00; 1.0000000000000E+00; 0.0000000000000E+00; 0.0000000000000E+00
 1.7878419590000E+09;                 NAN; 2.0000000000000E+00; 1.2578955000000E+01; 1.9958538500000E+02; 1.8700643000000E+02; 3.0000000000000E+01; 2.0000000000000E+01; 1.0000000000000E+01; 4.1360000000000E-06; 1.0000000000000E+01; 1.2000000000000E-05; 1.0000000000000E+01; 2.4024216126374E+00;-7.7152857780457E+00; 3.5000000000000E+01; 1.0000000000000E+00;                 NAN;                 NAN; 2.9187600000000E+02; 2.9422900000000E+02; 0.0000000000000E+00; 0.0000000000000E+00; 1.0000000000000E+00; 1.0000000000000E+00
 1.7878419600000E+09; 1.0000000000000E+00; 2.0000000000000E+00; 1.2579270000000E+01; 1.9958549000000E+02; 1.8700622000000E+02; 3.0000000000000E+01; 2.0000000000000E+01; 1.0000000000000E+01; 4.0809090909091E-06; 1.1000000000000E+01; 1.2000000000000E-05; 1.1000000000000E+01; 1.4060351368454E+00;-6.5227065086365E+00; 3.6000000000000E+01; 1.0000000000000E+00;-3.6222953412038E+00;-9.1845040143941E+00;                 NAN;                 NAN; 1.0000000000000E+00; 1.0000000000000E+00; 0.0000000000000E+00; 0.0000000000000E+00
 1.7878419610000E+09;                 NAN; 2.0000000000000E+00; 1.2579370000000E+01; 1.9958549000000E+02; 1.8700612000000E+02; 2.0000000000000E+01; 1.0000000000000E+01; 1.0000000000000E+01; 4.0920000000000E-06; 1.0000000000000E+01; 1.2000000000000E-05; 1.1000000000000E+01; 4.2430006505383E+00;-4.8301944732666E+00; 3.6000000000000E+01; 1.0000000000000E+00;                 NAN;                 NAN; 2.9187900000000E+02; 2.9423300000000E+02; 0.0000000000000E+00; 0.0000000000000E+00; 1.0000000000000E+00; 1.0000000000000E+00
 1.7878419620000E+09; 1.0000000000000E+00; 2.0000000000000E+00; 1.2578490000000E+01; 1.9958482000000E+02; 1.8700633000000E+02; 3.0000000000000E+01; 2.0000000000000E+01; 1.0000000000000E+01; 4.0940000000000E-06; 1.0000000000000E+01; 1.2000000000000E-05; 1.1000000000000E+01; 6.2579861470064E+00;-3.1825451850891E+00; 3.6000000000000E+01; 1.0000000000000E+00;-4.3144929384285E+00;-9.1451419980669E+00;                 NAN;                 NAN; 1.0000000000000E+00; 1.0000000000000E+00; 0.0000000000000E+00; 0.0000000000000E+00
 1.7878419630000E+09;                 NAN; 2.0000000000000E+00; 1.2578025000000E+01; 1.9958497000000E+02; 1.8700694500000E+02; 3.0000000000000E+01; 1.0000000000000E+01; 2.0000000000000E+01; 4.0910000000000E-06; 1.0000000000000E+01; 1.2000000000000E-05; 1.1000000000000E+01; 6.7081160458156E+00;-2.3467125892639E+00; 3.5000000000000E+01; 1.0000000000000E+00;                 NAN;                 NAN; 2.9187600000000E+02; 2.9423100000000E+02; 0.0000000000000E+00; 0.0000000000000E+00; 1.0000000000000E+00; 1.0000000000000E+00
 1.7878419640000E+09; 1.0000000000000E+00; 2.0000000000000E+00; 1.2577300000000E+01; 1.9958435000000E+02; 1.8700705000000E+02; 2.0000000000000E+01; 1.0000000000000E+01; 1.0000000000000E+01; 4.2400000000000E-06; 1.0000000000000E+01; 1.2000000000000E-05; 1.1000000000000E+01; 6.0039110561212E+00;-2.0384805202484E+00; 3.6000000000000E+01; 1.0000000000000E+00;-3.2785916099480E-01;-9.0794407462256E+00;                 NAN;                 NAN; 1.0000000000000E+00; 1.0000000000000E+00; 0.0000000000000E+00; 0.0000000000000E+00
 1.7878419650000E+09;                 NAN; 2.0000000000000E+00; 1.2578590000000E+01; 1.9958528000000E+02; 1.8700669000000E+02; 3.0000000000000E+01; 1.0000000000000E+01; 2.0000000000000E+01; 4.3130000000000E-06; 1.0000000000000E+01; 1.2000000000000E-05; 1.1000000000000E+01; 4.1524098954882E+00;-1.6880484819412E+00; 3.5000000000000E+01; 1.0000000000000E+00;                 NAN;                 NAN; 2.9188100000000E+02; 2.9422900000000E+02; 0.0000000000000E+00; 0.0000000000000E+00; 1.0000000000000E+00; 1.0000000000000E+00
 1.7878419660000E+09; 1.0000000000000E+00; 2.0000000000000E+00; 1.2579170000000E+01; 1.9958477000000E+02; 1.8700560000000E+02; 2.0000000000000E+01; 1.0000000000000E+01; 1.0000000000000E+01; 4.3120000000000E-06; 1.0000000000000E+01; 1.2000000000000E-05; 1.1000000000000E+01; 2.3760324865580E+00;-1.3404568433762E+00; 3.6000000000000E+01; 1.0000000000000E+00;-5.2171633766731E+00;-9.1636328365377E+00;                 NAN;                 NAN; 1.0000000000000E+00; 1.0000000000000E+00; 0.0000000000000E+00; 0.0000000000000E+00
 1.7878419670000E+09;                 NAN; 2.0000000000000E+00; 1.2578440000000E+01; 1.9958435000000E+02; 1.8700591000000E+02; 3.0000000000000E+01; 1.0000000000000E+01; 2.0000000000000E+01; 4.3072727272727E-06; 1.1000000000000E+01; 1.2000000000000E-05; 1.1000000000000E+01; 1.6203266371348E+00;-1.0006002187729E+00; 3.4000000000000E+01; 1.0000000000000E+00;                 NAN;                 NAN; 2.9187900000000E+02; 2.9423100000000E+02; 0.0000000000000E+00; 0.0000000000000E+00; 1.0000000000000E+00; 1.0000000000000E+00
 1.7878419680000E+09; 1.0000000000000E+00; 2.0000000000000E+00; 1.2577975000000E+01; 1.9958419500000E+02; 1.8700622000000E+02; 3.0000000000000E+01; 2.0000000000000E+01; 1.0000000000000E+01; 4.3030000000000E-06; 1.0000000000000E+01; 1.2000000000000E-05; 1.1000000000000E+01; 1.3078245184819E+00;-8.7620675563812E-01; 3.6000000000000E+01; 1.0000000000000E+00;-5.0773809118644E+00;-9.2204215406309E+00;                 NAN;                 NAN; 1.0000000000000E+00; 1.0000000000000E+00; 0.0000000000000E+00; 0.0000000000000E+00
 1.7878419690000E+09;                 NAN; 2.0000000000000E+00; 1.2577410000000E+01; 1.9958394000000E+02; 1.8700653000000E+02; 2.0000000000000E+01; 1.0000000000000E+01; 1.0000000000000E+01; 4.2410000000000E-06; 1.0000000000000E+01; 1.2000000000000E-05; 1.1000000000000E+01; 1.1795741923416E+00;-7.0431298017502E-01; 3.4000000000000E+01; 1.0000000000000E+00;                 NAN;                 NAN; 2.9187800000000E+02; 2.9423500000000E+02; 0.0000000000000E+00; 0.0000000000000E+00; 1.0000000000000E+00; 1.0000000000000E+00
 1.7878419700000E+09; 1.0000000000000E+00; 2.0000000000000E+00; 1.2578540000000E+01; 1.9958394000000E+02; 1.8700540000000E+02; 3.0000000000000E+01; 1.0000000000000E+01; 2.0000000000000E+01; 4.1730000000000E-06; 1.0000000000000E+01; 1.2000000000000E-05; 1.2000000000000E+01; 1.0538527607273E+00;-6.8039798736572E-01; 3.7000000000000E+01; 1.0000000000000E+00;-5.2382005083723E+00;-9.2100740569568E+00;                 NAN;                 NAN; 1.0000000000000E+00; 1.0000000000000E+00; 0.0000000000000E+00; 0.0000000000000E+00
 1.7878419710000E+09;                 NAN; 2.0000000000000E+00; 1.2578120000000E+01; 1.9958352000000E+02; 1.8700540000000E+02; 3.0000000000000E+01; 2.0000000000000E+01; 1.0000000000000E+01; 4.1680000000000E-06; 1.0000000000000E+01; 1.2000000000000E-05; 1.0000000000000E+01; 9.2263337705817E-01;-5.2795577049255E-01; 3.5000000000000E+01; 1.0000000000000E+00;                 NAN;                 NAN; 2.9188000000000E+02; 2.9423200000000E+02; 0.0000000000000E+00; 0.0000000000000E+00; 1.0000000000000E+00; 1.0000000000000E+00
 1.7878419720000E+09; 1.0000000000000E+00; 2.0000000000000E+00; 1.2578795000000E+01; 1.9958342000000E+02; 1.8700462500000E+02; 3.0000000000000E+01; 1.0000000000000E+01; 2.0000000000000E+01; 4.1490000000000E-06; 1.0000000000000E+01; 1.2000000000000E-05; 1.2000000000000E+01; 8.0194329859437E-01;-4.7728541493416E-01; 3.7000000000000E+01; 1.0000000000000E+00;-5.2285901959879E+00;-8.1154976421178E+00;                 NAN;                 NAN; 1.0000000000000E+00; 1.0000000000000E+00; 0.0000000000000E+00; 0.0000000000000E+00
 1.7878419730000E+09;                 NAN; 2.0000000000000E+00; 1.2578430000000E+01; 1.9958342000000E+02; 1.8700499000000E+02; 2.0000000000000E+01; 1.0000000000000E+01; 1.0000000000000E+01; 4.1910000000000E-06; 1.0000000000000E+01; 1.2000000000000E-05; 1.0000000000000E+01; 6.9200297064441E-01;-5.0723624229431E-01; 3.5000000000000E+01; 1.0000000000000E+00;                 NAN;                 NAN; 2.9188300000000E+02; 2.9423400000000E+02; 0.0000000000000E+00; 0.0000000000000E+00; 1.0000000000000E+00; 1.0000000000000E+00
 1.7878419740000E+09; 1.0000000000000E+00; 2.0000000000000E+00; 1.2578430000000E+01; 1.9958321000000E+02; 1.8700478000000E+02; 3.0000000000000E+01; 1.0000000000000E+01; 2.0000000000000E+01; 4.1981818181818E-06; 1.1000000000000E+01; 1.2000000000000E-05; 1.1000000000000E+01; 5.6645855958263E-01;-4.3150964379311E-01; 3.6000000000000E+01; 1.0000000000000E+00;-5.1755973339015E+00;-9.2556329134227E+00;                 NAN;                 NAN; 1.0000000000000E+00; 1.0000000000000E+00; 0.0000000000000E+00; 0.0000000000000E+00
 1.7878419750000E+09;                 NAN; 2.0000000000000E+00; 1.2579305000000E+01; 1.9958305500000E+02; 1.8700375000000E+02; 3.0000000000000E+01; 2.0000000000000E+01; 1.0000000000000E+01; 4.2020000000000E-06; 1.0000000000000E+01; 1.2000000000000E-05; 1.1000000000000E+01; 4.9784862728538E-01;-4.7578915953636E-01; 3.7000000000000E+01; 1.0000000000000E+00;                 NAN;                 NAN; 2.9188100000000E+02; 2.9423400000000E+02; 0.0000000000000E+00; 0.0000000000000E+00; 1.0000000000000E+00; 1.0000000000000E+00
 1.7878419760000E+09; 1.0000000000000E+00; 2.0000000000000E+00; 1.2579255000000E+01; 1.9958259000000E+02; 1.8700333500000E+02; 3.0000000000000E+01; 1.0000000000000E+01; 2.0000000000000E+01; 4.1910000000000E-06; 1.0000000000000E+01; 1.2000000000000E-05; 1.2000000000000E+01; 4.3062175475262E-01;-4.7155395150185E-01; 3.7000000000000E+01; 1.0000000000000E+00;-5.1831983184623E+00;-6.8243346074570E+00;                 NAN;                 NAN; 1.0000000000000E+00; 1.0000000000000E+00; 0.0000000000000E+00; 0.0000000000000E+00
 1.7878419770000E+09;                 NAN; 2.0000000000000E+00; 1.2579560000000E+01; 1.9958269000000E+02; 1.8700313000000E+02; 2.0000000000000E+01; 1.0000000000000E+01; 1.0000000000000E+01; 4.2040000000000E-06; 1.0000000000000E+01; 1.2000000000000E-05; 1.1000000000000E+01; 3.6705123980840E-01;-4.5628690719604E-01; 3.6000000000000E+01; 1.0000000000000E+00;                 NAN;                 NAN; 2.9187600000000E+02; 2.9423500000000E+02; 0.0000000000000E+00; 0.0000000000000E+00; 1.0000000000000E+00; 1.0000000000000E+00
 1.7878419780000E+09; 1.0000000000000E+00; 2.0000000000000E+00; 1.2578835000000E+01; 1.9958227500000E+02; 1.8700344000000E+02; 3.0000000000000E+01; 2.0000000000000E+01; 1.0000000000000E+01; 4.1720000000000E-06; 1.0000000000000E+01; 1.2000000000000E-05; 1.1000000000000E+01; 3.0865224354976E-01;-4.0802577137947E-01; 3.7000000000000E+01; 1.0000000000000E+00;-5.0290034772131E+00;-9.2203664863548E+00;                 NAN;                 NAN; 1.0000000000000E+00; 1.0000000000000E+00; 0.0000000000000E+00; 0.0000000000000E+00
 1.7878419790000E+09;                 NAN; 2.0000000000000E+00; 1.2579050000000E+01; 1.9958238000000E+02; 1.8700333000000E+02; 3.0000000000000E+01; 1.0000000000000E+01; 2.0000000000000E+01; 4.1570000000000E-06; 1.0000000000000E+01; 1.2000000000000E-05; 1.1000000000000E+01; 2.5758947805812E-01;-4.6876427531242E-01; 3.6000000000000E+01; 1.0000000000000E+00;                 NAN;                 NAN; 2.9188000000000E+02; 2.9423600000000E+02; 0.0000000000000E+00; 0.0000000000000E+00; 1.0000000000000E+00; 1.0000000000000E+00
 1.7878419800000E+09; 1.0000000000000E+00; 2.0000000000000E+00; 1.2577800000000E+01; 1.9958186000000E+02; 1.8700406000000E+02; 3.0000000000000E+01; 2.0000000000000E+01; 1.0000000000000E+01; 4.1462500000000E-06; 8.0000000000000E+00; 1.2000000000000E-05; 1.0000000000000E+01; 2.4445900872350E-01;                 NAN; 1.0000000000000E+00; 0.0000000000000E+00;-2.2976117605120E+00;                 NAN;                 NAN;                 NAN; 1.0000000000000E+00; 0.0000000000000E+00; 0.0000000000000E+00; 0.0000000000000E+00
 1.7878419810000E+09;                 NAN; 2.0000000000000E+00;                 NAN;                 NAN;                 NAN; 0.0000000000000E+00; 0.0000000000000E+00; 0.0000000000000E+00;                 NAN; 0.0000000000000E+00; 1.2000000000000E-05; 1.2000000000000E+01;                 NAN;                 NAN; 0.0000000000000E+00; 0.0000000000000E+00;                 NAN;                 NAN;                 NAN;                 NAN; 0.0000000000000E+00; 0.0000000000000E+00; 0.0000000000000E+00; 0.0000000000000E+00
 1.7878419820000E+09;                 NAN; 2.0000000000000E+00;                 NAN;                 NAN;                 NAN; 0.0000000000000E+00; 0.0000000000000E+00; 0.0000000000000E+00;                 NAN; 0.0000000000000E+00; 1.2000000000000E-05; 1.0000000000000E+01;                 NAN;                 NAN; 0.0000000000000E+00; 0.0000000000000E+00;                 NAN;                 NAN;                 NAN;                 NAN; 0.0000000000000E+00; 0.0000000000000E+00; 0.0000000000000E+00; 0.0000000000000E+00
 1.7878419830000E+09;                 NAN; 2.0000000000000E+00; 1.2577590000000E+01; 1.9958134000000E+02; 1.8700375000000E+02; 2.0000000000000E+01; 1.0000000000000E+01; 1.0000000000000E+01;                 NAN; 0.0000000000000E+00; 1.2000000000000E-05; 1.2000000000000E+01;                 NAN;                 NAN; 0.0000000000000E+00; 0.0000000000000E+00;                 NAN;                 NAN;                 NAN;                 NAN; 0.0000000000000E+00; 0.0000000000000E+00; 0.0000000000000E+00; 0.0000000000000E+00
 1.7878419840000E+09;                 NAN; 2.0000000000000E+00;                 NAN;                 NAN;                 NAN; 0.0000000000000E+00; 0.0000000000000E+00; 0.0000000000000E+00;                 NAN; 0.0000000000000E+00; 1.2000000000000E-05; 1.1000000000000E+01;                 NAN;                 NAN; 0.0000000000000E+00; 0.0000000000000E+00;                 NAN;                 NAN;                 NAN;                 NAN; 0.0000000000000E+00; 0.0000000000000E+00; 0.0000000000000E+00; 0.0000000000000E+00
 1.7878419850000E+09;                 NAN; 2.0000000000000E+00; 1.2593250000000E+01; 1.9959679000000E+02; 1.8700354000000E+02; 3.0000000000000E+01; 2.0000000000000E+01; 1.0000000000000E+01;                 NAN; 0.0000000000000E+00; 1.2000000000000E-05; 1.1000000000000E+01;                 NAN;                 NAN; 0.0000000000000E+00; 0.0000000000000E+00;                 NAN;                 NAN;                 NAN;                 NAN; 0.0000000000000E+00; 0.0000000000000E+00; 0.0000000000000E+00; 0.0000000000000E+00
 1.7878419860000E+09;                 NAN; 2.0000000000000E+00; 1.2595545000000E+01; 1.9960249000000E+02; 1.8700694500000E+02; 3.0000000000000E+01; 1.0000000000000E+01; 2.0000000000000E+01;                 NAN; 0.0000000000000E+00; 1.2000000000000E-05; 1.2000000000000E+01;                 NAN;                 NAN; 0.0000000000000E+00; 0.0000000000000E+00;                 NAN;                 NAN; 2.2486100000000E+02; 2.8108200000000E+02; 0.0000000000000E+00; 0.0000000000000E+00; 1.0000000000000E+00; 1.0000000000000E+00
 1.7878419870000E+09; 1.0000000000000E+00; 2.0000000000000E+00; 1.2588700000000E+01; 1.9959384000000E+02; 1.8700514000000E+02; 4.0000000000000E+01; 2.0000000000000E+01; 2.0000000000000E+01;                 NAN; 0.0000000000000E+00; 1.2000000000000E-05; 1.1000000000000E+01;                 NAN;                 NAN; 0.0000000000000E+00; 0.0000000000000E+00;-4.4598996012953E+00;-9.2110095088077E+00;                 NAN;                 NAN; 1.0000000000000E+00; 1.0000000000000E+00; 0.0000000000000E+00; 0.0000000000000E+00
 1.7878419880000E+09;                 NAN; 2.0000000000000E+00; 1.2584755000000E+01; 1.9958902000000E+02; 1.8700426500000E+02; 3.0000000000000E+01; 1.0000000000000E+01; 2.0000000000000E+01; 4.3200866666667E-03; 6.0000000000000E+00; 1.2000000000000E-05; 1.2000000000000E+01;                 NAN;                 NAN; 0.0000000000000E+00; 0.0000000000000E+00;                 NAN;                 NAN; 2.8582500000000E+02; 2.9409400000000E+02; 0.0000000000000E+00; 0.0000000000000E+00; 1.0000000000000E+00; 1.0000000000000E+00
 1.7878419890000E+09; 1.0000000000000E+00; 2.0000000000000E+00; 1.2581485000000E+01; 1.9958616500000E+02; 1.8700468000000E+02; 3.0000000000000E+01; 2.0000000000000E+01; 1.0000000000000E+01; 4.1100000000000E-06; 1.0000000000000E+00; 1.2000000000000E-05; 1.1000000000000E+01;                 NAN;                 NAN; 0.0000000000000E+00; 0.0000000000000E+00;-5.1173660444781E+00;-9.2338594131069E+00;                 NAN;                 NAN; 1.0000000000000E+00; 1.0000000000000E+00; 0.0000000000000E+00; 0.0000000000000E+00
 1.7878419900000E+09;                 NAN; 2.0000000000000E+00; 1.2580970000000E+01; 1.9958539000000E+02; 1.8700442000000E+02; 3.0000000000000E+01; 1.0000000000000E+01; 2.0000000000000E+01; 4.1000000000000E-06; 1.0000000000000E+00; 1.2000000000000E-05; 1.1000000000000E+01;                 NAN;                 NAN; 0.0000000000000E+00; 0.0000000000000E+00;                 NAN;                 NAN; 2.9184300000000E+02; 2.9411600000000E+02; 0.0000000000000E+00; 0.0000000000000E+00; 1.0000000000000E+00; 1.0000000000000E+00
 1.7878419910000E+09; 1.0000000000000E+00; 2.0000000000000E+00; 1.2580760000000E+01; 1.9958482000000E+02; 1.8700406000000E+02; 3.0000000000000E+01; 2.0000000000000E+01; 1.0000000000000E+01; 4.0400000000000E-06; 1.0000000000000E+00; 1.2000000000000E-05; 1.1000000000000E+01;                 NAN;                 NAN; 0.0000000000000E+00; 0.0000000000000E+00;-5.0240848740082E+00;-7.7814760496056E+00;                 NAN;                 NAN; 1.0000000000000E+00; 1.0000000000000E+00; 0.0000000000000E+00; 0.0000000000000E+00
 1.7878419920000E+09;                 NAN; 2.0000000000000E+00; 1.2580865000000E+01; 1.9958497000000E+02; 1.8700410500000E+02; 3.0000000000000E+01; 1.0000000000000E+01; 2.0000000000000E+01; 4.0200000000000E-06; 1.0000000000000E+00; 1.2000000000000E-05; 1.1000000000000E+01;                 NAN;                 NAN; 0.0000000000000E+00; 0.0000000000000E+00;                 NAN;                 NAN; 2.9187500000000E+02; 2.9412500000000E+02; 0.0000000000000E+00; 0.0000000000000E+00; 1.0000000000000E+00; 1.0000000000000E+00
 1.7878419930000E+09; 1.0000000000000E+00; 2.0000000000000E+00; 1.2580550000000E+01; 1.9958471000000E+02; 1.8700416000000E+02; 3.0000000000000E+01; 2.0000000000000E+01; 1.0000000000000E+01; 4.0500000000000E-06; 1.0000000000000E+00; 1.2000000000000E-05; 1.1000000000000E+01;                 NAN;                 NAN; 0.0000000000000E+00; 0.0000000000000E+00;-5.1574330223814E+00;-8.2591158222334E+00;                 NAN;                 NAN; 1.0000000000000E+00; 1.0000000000000E+00; 0.0000000000000E+00; 0.0000000000000E+00
 1.7878419940000E+09;                 NAN; 2.0000000000000E+00; 1.2579980000000E+01; 1.9958466000000E+02; 1.8700468000000E+02; 3.0000000000000E+01; 1.0000000000000E+01; 2.0000000000000E+01; 4.0100000000000E-06; 1.0000000000000E+00; 1.2000000000000E-05; 1.2000000000000E+01;                 NAN;                 NAN; 0.0000000000000E+00; 0.0000000000000E+00;                 NAN;                 NAN; 2.9188000000000E+02; 2.9413800000000E+02; 0.0000000000000E+00; 0.0000000000000E+00; 1.0000000000000E+00; 1.0000000000000E+00
 1.7878419950000E+09; 1.0000000000000E+00; 2.0000000000000E+00; 1.2579930000000E+01; 1.9958461000000E+02; 1.8700468000000E+02; 3.0000000000000E+01; 2.0000000000000E+01; 1.0000000000000E+01; 4.1500000000000E-06; 1.0000000000000E+00; 1.2000000000000E-05; 1.2000000000000E+01;                 NAN;                 NAN; 0.0000000000000E+00; 0.0000000000000E+00;-5.1708069248983E+00;-8.9839113458908E+00;                 NAN;                 NAN; 1.0000000000000E+00; 1.0000000000000E+00; 0.0000000000000E+00; 0.0000000000000E+00
 1.7878419960000E+09;                 NAN; 2.0000000000000E+00; 1.2579780000000E+01; 1.9958487000000E+02; 1.8700509000000E+02; 3.0000000000000E+01; 1.0000000000000E+01; 2.0000000000000E+01; 4.1700000000000E-06; 1.0000000000000E+00; 1.2000000000000E-05; 1.1000000000000E+01;                 NAN;                 NAN; 0.0000000000000E+00; 0.0000000000000E+00;                 NAN;                 NAN; 2.9188100000000E+02; 2.9414900000000E+02; 0.0000000000000E+00; 0.0000000000000E+00; 1.0000000000000E+00; 1.0000000000000E+00
 1.7878419970000E+09; 1.0000000000000E+00; 2.0000000000000E+00; 1.2579465000000E+01; 1.9958476500000E+02; 1.8700530000000E+02; 3.0000000000000E+01; 2.0000000000000E+01; 1.0000000000000E+01; 4.1700000000000E-06; 1.0000000000000E+00; 1.2000000000000E-05; 1.2000000000000E+01;                 NAN;                 NAN; 0.0000000000000E+00; 0.0000000000000E+00;-4.7341161069182E+00;-9.1481037467118E+00;                 NAN;                 NAN; 1.0000000000000E+00; 1.0000000000000E+00; 0.0000000000000E+00; 0.0000000000000E+00
 1.7878419980000E+09;                 NAN; 2.0000000000000E+00; 1.2580145000000E+01; 1.9958508000000E+02; 1.8700493500000E+02; 3.0000000000000E+01; 1.0000000000000E+01; 2.0000000000000E+01; 4.1600000000000E-06; 1.0000000000000E+00; 1.2000000000000E-05; 1.0000000000000E+01;                 NAN;                 NAN; 0.0000000000000E+00; 0.0000000000000E+00;                 NAN;                 NAN; 2.9187700000000E+02; 2.9415900000000E+02; 0.0000000000000E+00; 0.0000000000000E+00; 1.0000000000000E+00; 1.0000000000000E+00
 1.7878419990000E+09; 1.0000000000000E+00; 2.0000000000000E+00; 1.2578805000000E+01; 1.9958502500000E+02; 1.8700622000000E+02; 3.0000000000000E+01; 2.0000000000000E+01; 1.0000000000000E+01; 4.1600000000000E-06; 1.0000000000000E+00; 1.2000000000000E-05; 1.2000000000000E+01;                 NAN;                 NAN; 0.0000000000000E+00; 0.0000000000000E+00;-2.2465790084557E+00;-7.1785361249989E+00;                 NAN;                 NAN; 1.0000000000000E+00; 1.0000000000000E+00; 0.0000000000000E+00; 0.0000000000000E+00
 1.7878420000000E+09;                 NAN; 2.0000000000000E+00; 1.2578135000000E+01; 1.9958477000000E+02; 1.8700663500000E+02; 3.0000000000000E+01; 1.0000000000000E+01; 2.0000000000000E+01; 4.1700000000000E-06; 1.0000000000000E+00; 1.2000000000000E-05; 1.0000000000000E+01;                 NAN;                 NAN; 0.0000000000000E+00; 0.0000000000000E+00;                 NAN;                 NAN; 2.9186100000000E+02; 2.9416900000000E+02; 0.0000000000000E+00; 0.0000000000000E+00; 1.0000000000000E+00; 1.0000000000000E+00
 1.7878420010000E+09; 1.0000000000000E+00; 2.0000000000000E+00; 1.2577920000000E+01; 1.9958435000000E+02; 1.8700643000000E+02; 2.0000000000000E+01; 1.0000000000000E+01; 1.0000000000000E+01; 4.1700000000000E-06; 1.0000000000000E+00; 1.2000000000000E-05; 1.2000000000000E+01;                 NAN;                 NAN; 0.0000000000000E+00; 0.0000000000000E+00;-4.4047624567733E+00;-6.9597437692320E+00;                 NAN;                 NAN; 1.0000000000000E+00; 1.0000000000000E+00; 0.0000000000000E+00; 0.0000000000000E+00
 1.7878420020000E+09;                 NAN; 2.0000000000000E+00; 1.2577920000000E+01; 1.9958476500000E+02; 1.8700684500000E+02; 4.0000000000000E+01; 2.0000000000000E+01; 2.0000000000000E+01; 4.1400000000000E-06; 1.0000000000000E+00; 1.2000000000000E-05; 1.2000000000000E+01;                 NAN;                 NAN; 0.0000000000000E+00; 0.0000000000000E+00;                 NAN;                 NAN; 2.9184200000000E+02; 2.9417200000000E+02; 0.0000000000000E+00; 0.0000000000000E+00; 1.0000000000000E+00; 1.0000000000000E+00
 1.7878420030000E+09; 1.0000000000000E+00; 2.0000000000000E+00; 1.2576940000000E+01; 1.9958435000000E+02; 1.8700741000000E+02; 3.0000000000000E+01; 1.0000000000000E+01; 2.0000000000000E+01; 4.1400000000000E-06; 1.0000000000000E+00; 1.2000000000000E-05; 1.2000000000000E+01;                 NAN;                 NAN; 0.0000000000000E+00; 0.0000000000000E+00;-5.2899784160364E+00;-9.1240935898736E+00;                 NAN;                 NAN; 1.0000000000000E+00; 1.0000000000000E+00; 0.0000000000000E+00; 0.0000000000000E+00
 1.7878420040000E+09;                 NAN; 2.0000000000000E+00; 1.2576425000000E+01; 1.9958471500000E+02; 1.8700829000000E+02; 3.0000000000000E+01; 2.0000000000000E+01; 1.0000000000000E+01; 4.1400000000000E-06; 1.0000000000000E+00; 1.2000000000000E-05; 1.1000000000000E+01;                 NAN;                 NAN; 0.0000000000000E+00; 0.0000000000000E+00;                 NAN;                 NAN; 2.9181600000000E+02; 2.9418100000000E+02; 0.0000000000000E+00; 0.0000000000000E+00; 1.0000000000000E+00; 1.0000000000000E+00
 1.7878420050000E+09; 1.0000000000000E+00; 2.0000000000000E+00; 1.2576685000000E+01; 1.9958425000000E+02; 1.8700756500000E+02; 3.0000000000000E+01; 1.0000000000000E+01; 2.0000000000000E+01; 4.1500000000000E-06; 1.0000000000000E+00; 1.2000000000000E-05; 1.2000000000000E+01;                 NAN;                 NAN; 0.0000000000000E+00; 0.0000000000000E+00;-5.2146801674877E+00;-9.1316004509041E+00;                 NAN;                 NAN; 1.0000000000000E+00; 1.0000000000000E+00; 0.0000000000000E+00; 0.0000000000000E+00
 1.7878420060000E+09;                 NAN; 2.0000000000000E+00; 1.2576940000000E+01; 1.9958430000000E+02; 1.8700736000000E+02; 3.0000000000000E+01; 2.0000000000000E+01; 1.0000000000000E+01; 4.1400000000000E-06; 1.0000000000000E+00; 1.2000000000000E-05; 1.2000000000000E+01;                 NAN;                 NAN; 0.0000000000000E+00; 0.0000000000000E+00;                 NAN;                 NAN; 2.9178800000000E+02; 2.9418400000000E+02; 0.0000000000000E+00; 0.0000000000000E+00; 1.0000000000000E+00; 1.0000000000000E+00
 1.7878420070000E+09; 1.0000000000000E+00; 2.0000000000000E+00; 1.2576430000000E+01; 1.9958440500000E+02; 1.8700797500000E+02; 4.0000000000000E+01; 2.0000000000000E+01; 2.0000000000000E+01; 4.1000000000000E-06; 1.0000000000000E+00; 1.2000000000000E-05; 1.2000000000000E+01;                 NAN;                 NAN; 0.0000000000000E+00; 0.0000000000000E+00;-5.2753605295633E+00;-9.1404808940747E+00;                 NAN;                 NAN; 1.0000000000000E+00; 1.0000000000000E+00; 0.0000000000000E+00; 0.0000000000000E+00
 1.7878420080000E+09;                 NAN; 2.0000000000000E+00; 1.2575440000000E+01; 1.9958383000000E+02; 1.8700839000000E+02; 3.0000000000000E+01; 1.0000000000000E+01; 2.0000000000000E+01; 4.0900000000000E-06; 1.0000000000000E+00; 1.2000000000000E-05; 1.2000000000000E+01;                 NAN;                 NAN; 0.0000000000000E+00; 0.0000000000000E+00;                 NAN;                 NAN; 2.9175700000000E+02; 2.9419100000000E+02; 0.0000000000000E+00; 0.0000000000000E+00; 1.0000000000000E+00; 1.0000000000000E+00
 1.7878420090000E+09; 1.0000000000000E+00; 2.0000000000000E+00; 1.2575950000000E+01; 1.9958352000000E+02; 1.8700757000000E+02; 2.0000000000000E+01; 1.0000000000000E+01; 1.0000000000000E+01; 4.1000000000000E-06; 1.0000000000000E+00; 1.2000000000000E-05; 1.1000000000000E+01;                 NAN;                 NAN; 0.0000000000000E+00; 0.0000000000000E+00;-1.9438777636607E+00;-9.0902115796837E+00;                 NAN;                 NAN; 1.0000000000000E+00; 1.0000000000000E+00; 0.0000000000000E+00; 0.0000000000000E+00
 1.7878420100000E+09;                 NAN; 2.0000000000000E+00; 1.2576990000000E+01; 1.9958497000000E+02; 1.8700798000000E+02; 2.0000000000000E+01; 1.0000000000000E+01; 1.0000000000000E+01; 4.1000000000000E-06; 1.0000000000000E+00; 1.2000000000000E-05; 1.0000000000000E+01;                 NAN;                 NAN; 0.0000000000000E+00; 0.0000000000000E+00;                 NAN;                 NAN; 2.9172900000000E+02; 2.9419500000000E+02; 0.0000000000000E+00; 0.0000000000000E+00; 1.0000000000000E+00; 1.0000000000000E+00
 1.7878420110000E+09; 1.0000000000000E+00; 2.0000000000000E+00; 1.2576320000000E+01; 1.9958399000000E+02; 1.8700767000000E+02; 3.0000000000000E+01; 2.0000000000000E+01; 1.0000000000000E+01; 4.1000000000000E-06; 1.0000000000000E+00; 1.2000000000000E-05; 1.0000000000000E+01;                 NAN;                 NAN; 0.0000000000000E+00; 0.0000000000000E+00;-4.8183418827316E+00;-9.0932197240908E+00;                 NAN;                 NAN; 1.0000000000000E+00; 1.0000000000000E+00; 0.0000000000000E+00; 0.0000000000000E+00
 1.7878420120000E+09;                 NAN; 2.0000000000000E+00; 1.2575330000000E+01; 1.9958362000000E+02; 1.8700829000000E+02; 2.0000000000000E+01; 1.0000000000000E+01; 1.0000000000000E+01; 4.1000000000000E-06; 1.0000000000000E+00; 1.2000000000000E-05; 1.2000000000000E+01;                 NAN;                 NAN; 0.0000000000000E+00; 0.0000000000000E+00;                 NAN;                 NAN; 2.9169300000000E+02; 2.9419800000000E+02; 0.0000000000000E+00; 0.0000000000000E+00; 1.0000000000000E+00; 1.0000000000000E+00
 1.7878420130000E+09; 1.0000000000000E+00; 2.0000000000000E+00; 1.2575950000000E+01; 1.9958352000000E+02; 1.8700757000000E+02; 4.0000000000000E+01; 2.0000000000000E+01; 2.0000000000000E+01; 4.0200000000000E-06; 1.0000000000000E+00; 1.2000000000000E-05; 1.1000000000000E+01;                 NAN;                 NAN; 0.0000000000000E+00; 0.0000000000000E+00;-4.2170847110575E+00;-8.8309593724624E+00;                 NAN;                 NAN; 1.0000000000000E+00; 1.0000000000000E+00; 0.0000000000000E+00; 0.0000000000000E+00
 1.7878420140000E+09;                 NAN; 2.0000000000000E+00; 1.2574720000000E+01; 1.9958342000000E+02; 1.8700870000000E+02; 2.0000000000000E+01; 1.0000000000000E+01; 1.0000000000000E+01; 4.0100000000000E-06; 1.0000000000000E+00; 1.2000000000000E-05; 1.2000000000000E+01;                 NAN;                 NAN; 0.0000000000000E+00; 0.0000000000000E+00;                 NAN;                 NAN; 2.9165800000000E+02; 2.9420200000000E+02; 0.0000000000000E+00; 0.0000000000000E+00; 1.0000000000000E+00; 1.0000000000000E+00
 1.7878420150000E+09; 1.0000000000000E+00; 2.0000000000000E+00; 1.2575230000000E+01; 1.9958259000000E+02; 1.8700736000000E+02; 3.0000000000000E+01; 1.0000000000000E+01; 2.0000000000000E+01; 4.0200000000000E-06; 1.0000000000000E+00; 1.2000000000000E-05; 1.0000000000000E+01;                 NAN;                 NAN; 0.0000000000000E+00; 0.0000000000000E+00;-5.0244673876977E+00;-6.9902581241002E+00;                 NAN;                 NAN; 1.0000000000000E+00; 1.0000000000000E+00; 0.0000000000000E+00; 0.0000000000000E+00
 1.7878420160000E+09;                 NAN; 2.0000000000000E+00; 1.2576730000000E+01; 1.9958347000000E+02; 1.8700674000000E+02; 3.0000000000000E+01; 2.0000000000000E+01; 1.0000000000000E+01; 4.0100000000000E-06; 1.0000000000000E+00; 1.2000000000000E-05; 1.2000000000000E+01;                 NAN;                 NAN; 0.0000000000000E+00; 0.0000000000000E+00;                 NAN;                 NAN; 2.9162600000000E+02; 2.9420800000000E+02; 0.0000000000000E+00; 0.0000000000000E+00; 1.0000000000000E+00; 1.0000000000000E+00
 1.7878420170000E+09; 1.0000000000000E+00; 2.0000000000000E+00; 1.2575535000000E+01; 1.9958248000000E+02; 1.8700694500000E+02; 3.0000000000000E+01; 1.0000000000000E+01; 2.0000000000000E+01; 4.0500000000000E-06; 1.0000000000000E+00; 1.2000000000000E-05; 1.1000000000000E+01;                 NAN;                 NAN; 0.0000000000000E+00; 0.0000000000000E+00;-5.0490185434752E+00;-9.0699869822302E+00;                 NAN;                 NAN; 1.0000000000000E+00; 1.0000000000000E+00; 0.0000000000000E+00; 0.0000000000000E+00
 1.7878420180000E+09;                 NAN; 2.0000000000000E+00; 1.2576155000000E+01; 1.9958248500000E+02; 1.8700633000000E+02; 3.0000000000000E+01; 2.0000000000000E+01; 1.0000000000000E+01; 4.0700000000000E-06; 1.0000000000000E+00; 1.2000000000000E-05; 1.1000000000000E+01;                 NAN;                 NAN; 0.0000000000000E+00; 0.0000000000000E+00;                 NAN;                 NAN; 2.9159200000000E+02; 2.9420500000000E+02; 0.0000000000000E+00; 0.0000000000000E+00; 1.0000000000000E+00; 1.0000000000000E+00
 1.7878420190000E+09; 1.0000000000000E+00; 2.0000000000000E+00; 1.2576050000000E+01; 1.9958269000000E+02; 1.8700664000000E+02; 3.0000000000000E+01; 2.0000000000000E+01; 1.0000000000000E+01; 4.0700000000000E-06; 1.0000000000000E+00; 1.2000000000000E-05; 1.2000000000000E+01;                 NAN;                 NAN; 0.0000000000000E+00; 0.0000000000000E+00;-4.3980929082152E+00;-8.9767871585558E+00;                 NAN;                 NAN; 1.0000000000000E+00; 1.0000000000000E+00; 0.0000000000000E+00; 0.0000000000000E+00
 1.7878420200000E+09;                 NAN; 2.0000000000000E+00; 1.2575490000000E+01; 1.9958228000000E+02; 1.8700679000000E+02; 3.0000000000000E+01; 1.0000000000000E+01; 2.0000000000000E+01; 3.9900000000000E-06; 1.0000000000000E+00; 1.2000000000000E-05; 1.1000000000000E+01;                 NAN;                 NAN; 0.0000000000000E+00; 0.0000000000000E+00;                 NAN;                 NAN; 2.9156300000000E+02; 2.9421100000000E+02; 0.0000000000000E+00; 0.0000000000000E+00; 1.0000000000000E+00; 1.0000000000000E+00
 1.7878420210000E+09; 1.0000000000000E+00; 2.0000000000000E+00; 1.2575855000000E+01; 1.9958238500000E+02; 1.8700653000000E+02; 3.0000000000000E+01; 2.0000000000000E+01; 1.0000000000000E+01; 3.9900000000000E-06; 1.0000000000000E+00; 1.2000000000000E-05; 1.2000000000000E+01;                 NAN;                 NAN; 0.0000000000000E+00; 0.0000000000000E+00;-3.9250908345220E+00;-8.7111372571678E+00;                 NAN;                 NAN; 1.0000000000000E+00; 1.0000000000000E+00; 0.0000000000000E+00; 0.0000000000000E+00
 1.7878420220000E+09;                 NAN; 2.0000000000000E+00; 1.2576205000000E+01; 1.9958248000000E+02; 1.8700627500000E+02; 3.0000000000000E+01; 1.0000000000000E+01; 2.0000000000000E+01; 3.9800000000000E-06; 1.0000000000000E+00; 1.2000000000000E-05; 1.1000000000000E+01;                 NAN;                 NAN; 0.0000000000000E+00; 0.0000000000000E+00;                 NAN;                 NAN; 2.9153100000000E+02; 2.9421400000000E+02; 0.0000000000000E+00; 0.0000000000000E+00; 1.0000000000000E+00; 1.0000000000000E+00
 1.7878420230000E+09; 1.0000000000000E+00; 2.0000000000000E+00; 1.2575330000000E+01; 1.9958207000000E+02; 1.8700674000000E+02; 3.0000000000000E+01; 2.0000000000000E+01; 1.0000000000000E+01; 3.9800000000000E-06; 1.0000000000000E+00; 1.2000000000000E-05; 1.2000000000000E+01;                 NAN;                 NAN; 0.0000000000000E+00; 0.0000000000000E+00;-4.6121717584962E+00;-4.8198679707005E+00;                 NAN;                 NAN; 1.0000000000000E+00; 1.0000000000000E+00; 0.0000000000000E+00; 0.0000000000000E+00
 1.7878420240000E+09;                 NAN; 2.0000000000000E+00; 1.2576730000000E+01; 1.9958254000000E+02; 1.8700581000000E+02; 4.0000000000000E+01; 2.0000000000000E+01; 2.0000000000000E+01; 4.0200000000000E-06; 1.0000000000000E+00; 1.2000000000000E-05; 1.1000000000000E+01;                 NAN;                 NAN; 0.0000000000000E+00; 0.0000000000000E+00;                 NAN;                 NAN; 2.9150100000000E+02; 2.9421500000000E+02; 0.0000000000000E+00; 0.0000000000000E+00; 1.0000000000000E+00; 1.0000000000000E+00
 1.7878420250000E+09; 1.0000000000000E+00; 2.0000000000000E+00; 1.2579575000000E+01; 1.9958621500000E+02; 1.8700664000000E+02; 3.0000000000000E+01; 2.0000000000000E+01; 1.0000000000000E+01; 3.9700000000000E-06; 1.0000000000000E+00; 1.2000000000000E-05; 1.2000000000000E+01;                 NAN;                 NAN; 0.0000000000000E+00; 0.0000000000000E+00;-3.0716848908739E+00;-7.6933703014888E+00;                 NAN;                 NAN; 1.0000000000000E+00; 1.0000000000000E+00; 0.0000000000000E+00; 0.0000000000000E+00
 1.7878420260000E+09;                 NAN; 2.0000000000000E+00; 1.2580155000000E+01; 1.9958694500000E+02; 1.8700679000000E+02; 4.0000000000000E+01; 2.0000000000000E+01; 2.0000000000000E+01; 3.9600000000000E-06; 1.0000000000000E+00; 1.2000000000000E-05; 1.2000000000000E+01;                 NAN;                 NAN; 0.0000000000000E+00; 0.0000000000000E+00;                 NAN;                 NAN; 2.9146900000000E+02; 2.9421500000000E+02; 0.0000000000000E+00; 0.0000000000000E+00; 1.0000000000000E+00; 1.0000000000000E+00
 1.7878420270000E+09; 1.0000000000000E+00; 2.0000000000000E+00; 1.2578130000000E+01; 1.9958466000000E+02; 1.8700653000000E+02; 3.0000000000000E+01; 2.0000000000000E+01; 1.0000000000000E+01; 3.9800000000000E-06; 1.0000000000000E+00; 1.2000000000000E-05; 1.2000000000000E+01;                 NAN;                 NAN; 0.0000000000000E+00; 0.0000000000000E+00;-5.0675206019354E+00;-8.9566794087004E+00;                 NAN;                 NAN; 1.0000000000000E+00; 1.0000000000000E+00; 0.0000000000000E+00; 0.0000000000000E+00
 1.7878420280000E+09;                 NAN; 2.0000000000000E+00; 1.2576165000000E+01; 1.9958342000000E+02; 1.8700725500000E+02; 3.0000000000000E+01; 1.0000000000000E+01; 2.0000000000000E+01; 4.0100000000000E-06; 1.0000000000000E+00; 1.2000000000000E-05; 1.1000000000000E+01;                 NAN;                 NAN; 0.0000000000000E+00; 0.0000000000000E+00;                 NAN;                 NAN; 2.9143900000000E+02; 2.9420900000000E+02; 0.0000000000000E+00; 0.0000000000000E+00; 1.0000000000000E+00; 1.0000000000000E+00
 1.7878420290000E+09; 1.0000000000000E+00; 2.0000000000000E+00; 1.2571880000000E+01; 1.9958295000000E+02; 1.8701107000000E+02; 3.0000000000000E+01; 2.0000000000000E+01; 1.0000000000000E+01; 4.0100000000000E-06; 1.0000000000000E+00; 1.2000000000000E-05; 1.2000000000000E+01;                 NAN;                 NAN; 0.0000000000000E+00; 0.0000000000000E+00;-4.6856660352260E+00;-6.9366796423539E+00;                 NAN;                 NAN; 1.0000000000000E+00; 1.0000000000000E+00; 0.0000000000000E+00; 0.0000000000000E+00
 1.7878420300000E+09;                 NAN; 2.0000000000000E+00; 1.2571670000000E+01; 1.9958280000000E+02; 1.8701113000000E+02; 3.0000000000000E+01; 1.0000000000000E+01; 2.0000000000000E+01; 4.0500000000000E-06; 1.0000000000000E+00; 1.2000000000000E-05; 1.1000000000000E+01;                 NAN;                 NAN; 0.0000000000000E+00; 0.0000000000000E+00;                 NAN;                 NAN; 2.9140900000000E+02; 2.9420100000000E+02; 0.0000000000000E+00; 0.0000000000000E+00; 1.0000000000000E+00; 1.0000000000000E+00
 1.7878420310000E+09; 1.0000000000000E+00; 2.0000000000000E+00; 1.2573270000000E+01; 1.9958207000000E+02; 1.8700880000000E+02; 3.0000000000000E+01; 2.0000000000000E+01; 1.0000000000000E+01; 4.0200000000000E-06; 1.0000000000000E+00; 1.2000000000000E-05; 1.2000000000000E+01;                 NAN;                 NAN; 0.0000000000000E+00; 0.0000000000000E+00;-1.0985543567339E-01;-9.1383974654037E+00;                 NAN;                 NAN; 1.0000000000000E+00; 1.0000000000000E+00; 0.0000000000000E+00; 0.0000000000000E+00
 1.7878420320000E+09;                 NAN; 2.0000000000000E+00; 1.2574030000000E+01; 1.9958134000000E+02; 1.8700731000000E+02; 3.0000000000000E+01; 1.0000000000000E+01; 2.0000000000000E+01; 4.1000000000000E-06; 1.0000000000000E+00; 1.2000000000000E-05; 1.2000000000000E+01;                 NAN;                 NAN; 0.0000000000000E+00; 0.0000000000000E+00;                 NAN;                 NAN; 2.9137500000000E+02; 2.9420800000000E+02; 0.0000000000000E+00; 0.0000000000000E+00; 1.0000000000000E+00; 1.0000000000000E+00
 1.7878420330000E+09; 1.0000000000000E+00; 2.0000000000000E+00; 1.2574240000000E+01; 1.9958098000000E+02; 1.8700674000000E+02; 4.0000000000000E+01; 2.0000000000000E+01; 2.0000000000000E+01; 4.0100000000000E-06; 1.0000000000000E+00; 1.2000000000000E-05; 1.1000000000000E+01;                 NAN;                 NAN; 0.0000000000000E+00; 0.0000000000000E+00;-4.7042037763140E+00;-8.7596878657532E+00;                 NAN;                 NAN; 1.0000000000000E+00; 1.0000000000000E+00; 0.0000000000000E+00; 0.0000000000000E+00
 1.7878420340000E+09;                 NAN; 2.0000000000000E+00; 1.2573310000000E+01; 1.9958062000000E+02; 1.8700731000000E+02; 3.0000000000000E+01; 1.0000000000000E+01; 2.0000000000000E+01; 4.1800000000000E-06; 1.0000000000000E+00; 1.2000000000000E-05; 1.2000000000000E+01;                 NAN;                 NAN; 0.0000000000000E+00; 0.0000000000000E+00;                 NAN;                 NAN; 2.9134200000000E+02; 2.9421000000000E+02; 0.0000000000000E+00; 0.0000000000000E+00; 1.0000000000000E+00; 1.0000000000000E+00
 1.7878420350000E+09; 1.0000000000000E+00; 2.0000000000000E+00; 1.2573925000000E+01; 1.9958035500000E+02; 1.8700643000000E+02; 3.0000000000000E+01; 2.0000000000000E+01; 1.0000000000000E+01; 4.1900000000000E-06; 1.0000000000000E+00; 1.2000000000000E-05; 1.2000000000000E+01;                 NAN;                 NAN; 0.0000000000000E+00; 0.0000000000000E+00;-3.1504868674773E+00;-9.1687936356958E+00;                 NAN;                 NAN; 1.0000000000000E+00; 1.0000000000000E+00; 0.0000000000000E+00; 0.0000000000000E+00
 1.7878420360000E+09;                 NAN; 2.0000000000000E+00; 1.2574445000000E+01; 1.9958051000000E+02; 1.8700606500000E+02; 3.0000000000000E+01; 1.0000000000000E+01; 2.0000000000000E+01; 4.1700000000000E-06; 1.0000000000000E+00; 1.2000000000000E-05; 1.2000000000000E+01;                 NAN;                 NAN; 0.0000000000000E+00; 0.0000000000000E+00;                 NAN;                 NAN; 2.9132100000000E+02; 2.9421200000000E+02; 0.0000000000000E+00; 0.0000000000000E+00; 1.0000000000000E+00; 1.0000000000000E+00
 1.7878420370000E+09; 1.0000000000000E+00; 2.0000000000000E+00; 1.2573515000000E+01; 1.9957999500000E+02; 1.8700648000000E+02; 4.0000000000000E+01; 2.0000000000000E+01; 2.0000000000000E+01; 4.1600000000000E-06; 1.0000000000000E+00; 1.2000000000000E-05; 1.1000000000000E+01;                 NAN;                 NAN; 0.0000000000000E+00; 0.0000000000000E+00;-4.5001309274842E+00;-9.0479277554933E+00;                 NAN;                 NAN; 1.0000000000000E+00; 1.0000000000000E+00; 0.0000000000000E+00; 0.0000000000000E+00
 1.7878420380000E+09;                 NAN; 2.0000000000000E+00; 1.2574085000000E+01; 1.9958041000000E+02; 1.8700632500000E+02; 3.0000000000000E+01; 1.0000000000000E+01; 2.0000000000000E+01; 4.1700000000000E-06; 1.0000000000000E+00; 1.2000000000000E-05; 1.2000000000000E+01;                 NAN;                 NAN; 0.0000000000000E+00; 0.0000000000000E+00;                 NAN;                 NAN; 2.9129000000000E+02; 2.9421600000000E+02; 0.0000000000000E+00; 0.0000000000000E+00; 1.0000000000000E+00; 1.0000000000000E+00
 1.7878420390000E+09; 1.0000000000000E+00; 2.0000000000000E+00; 1.2574340000000E+01; 1.9958015000000E+02; 1.8700581000000E+02; 3.0000000000000E+01; 2.0000000000000E+01; 1.0000000000000E+01; 4.1700000000000E-06; 1.0000000000000E+00; 1.2000000000000E-05; 1.2000000000000E+01;                 NAN;                 NAN; 0.0000000000000E+00; 0.0000000000000E+00;-2.6169592714018E+00;-8.4301070352279E+00;                 NAN;                 NAN; 1.0000000000000E+00; 1.0000000000000E+00; 0.0000000000000E+00; 0.0000000000000E+00
 1.7878420400000E+09;                 NAN; 2.0000000000000E+00; 1.2575635000000E+01; 1.9957969000000E+02; 1.8700405500000E+02; 3.0000000000000E+01; 1.0000000000000E+01; 2.0000000000000E+01; 4.1300000000000E-06; 1.0000000000000E+00; 1.2000000000000E-05; 1.2000000000000E+01;                 NAN;                 NAN; 0.0000000000000E+00; 0.0000000000000E+00;                 NAN;                 NAN; 2.9126800000000E+02; 2.9421100000000E+02; 0.0000000000000E+00; 0.0000000000000E+00; 1.0000000000000E+00; 1.0000000000000E+00
 1.7878420410000E+09; 1.0000000000000E+00; 2.0000000000000E+00; 1.2575005000000E+01; 1.9957937500000E+02; 1.8700437000000E+02; 3.0000000000000E+01; 2.0000000000000E+01; 1.0000000000000E+01; 4.0700000000000E-06; 1.0000000000000E+00; 1.2000000000000E-05; 1.1000000000000E+01;                 NAN;                 NAN; 0.0000000000000E+00; 0.0000000000000E+00;-5.2028202898559E+00;-9.0956812771418E+00;                 NAN;                 NAN; 1.0000000000000E+00; 1.0000000000000E+00; 0.0000000000000E+00; 0.0000000000000E+00
 1.7878420420000E+09;                 NAN; 2.0000000000000E+00; 1.2575835000000E+01; 1.9957948000000E+02; 1.8700364500000E+02; 3.0000000000000E+01; 1.0000000000000E+01; 2.0000000000000E+01; 4.0800000000000E-06; 1.0000000000000E+00; 1.2000000000000E-05; 1.2000000000000E+01;                 NAN;                 NAN; 0.0000000000000E+00; 0.0000000000000E+00;                 NAN;                 NAN; 2.9124200000000E+02; 2.9421600000000E+02; 0.0000000000000E+00; 0.0000000000000E+00; 1.0000000000000E+00; 1.0000000000000E+00
 1.7878420430000E+09; 1.0000000000000E+00; 2.0000000000000E+00; 1.2576190000000E+01; 1.9957901000000E+02; 1.8700282000000E+02; 4.0000000000000E+01; 2.0000000000000E+01; 2.0000000000000E+01; 4.0800000000000E-06; 1.0000000000000E+00; 1.2000000000000E-05; 1.2000000000000E+01;                 NAN;                 NAN; 0.0000000000000E+00; 0.0000000000000E+00;-2.1778899802977E+00;-9.0881881790463E+00;                 NAN;                 NAN; 1.0000000000000E+00; 1.0000000000000E+00; 0.0000000000000E+00; 0.0000000000000E+00
 1.7878420440000E+09;                 NAN; 2.0000000000000E+00; 1.2576195000000E+01; 1.9957917000000E+02; 1.8700297500000E+02; 3.0000000000000E+01; 1.0000000000000E+01; 2.0000000000000E+01; 4.1150000000000E-06; 2.0000000000000E+00; 1.2000000000000E-05; 1.2000000000000E+01;                 NAN;                 NAN; 0.0000000000000E+00; 0.0000000000000E+00;                 NAN;                 NAN; 2.9121800000000E+02; 2.9421300000000E+02; 0.0000000000000E+00; 0.0000000000000E+00; 1.0000000000000E+00; 1.0000000000000E+00
 1.7878420450000E+09; 1.0000000000000E+00; 2.0000000000000E+00; 1.2577070000000E+01; 1.9957917000000E+02; 1.8700210000000E+02; 4.0000000000000E+01; 2.0000000000000E+01; 2.0000000000000E+01; 4.0800000000000E-06; 1.0000000000000E+00; 1.2000000000000E-05; 1.2000000000000E+01;                 NAN;                 NAN; 0.0000000000000E+00; 0.0000000000000E+00;-4.7611626287994E+00;-9.1393843250236E+00;                 NAN;                 NAN; 1.0000000000000E+00; 1.0000000000000E+00; 0.0000000000000E+00; 0.0000000000000E+00
 1.7878420460000E+09;                 NAN; 2.0000000000000E+00; 1.2576970000000E+01; 1.9957886000000E+02; 1.8700189000000E+02; 3.0000000000000E+01; 1.0000000000000E+01; 2.0000000000000E+01; 4.0900000000000E-06; 1.0000000000000E+00; 1.2000000000000E-05; 1.2000000000000E+01;                 NAN;                 NAN; 0.0000000000000E+00; 0.0000000000000E+00;                 NAN;                 NAN; 2.9119200000000E+02; 2.9420900000000E+02; 0.0000000000000E+00; 0.0000000000000E+00; 1.0000000000000E+00; 1.0000000000000E+00
 1.7878420470000E+09; 1.0000000000000E+00; 2.0000000000000E+00; 1.2576140000000E+01; 1.9957803000000E+02; 1.8700189000000E+02; 3.0000000000000E+01; 2.0000000000000E+01; 1.0000000000000E+01; 4.1100000000000E-06; 1.0000000000000E+00; 1.2000000000000E-05; 1.2000000000000E+01;                 NAN;                 NAN; 0.0000000000000E+00; 0.0000000000000E+00;-2.1886508817234E+00;-8.5895921524571E+00;                 NAN;                 NAN; 1.0000000000000E+00; 1.0000000000000E+00; 0.0000000000000E+00; 0.0000000000000E+00
 1.7878420480000E+09;                 NAN; 2.0000000000000E+00; 1.2576965000000E+01; 1.9957823500000E+02; 1.8700127000000E+02; 4.0000000000000E+01; 2.0000000000000E+01; 2.0000000000000E+01; 4.2900000000000E-06; 1.0000000000000E+00; 1.2000000000000E-05; 1.2000000000000E+01;                 NAN;                 NAN; 0.0000000000000E+00; 0.0000000000000E+00;                 NAN;                 NAN; 2.9116700000000E+02; 2.9421000000000E+02; 0.0000000000000E+00; 0.0000000000000E+00; 1.0000000000000E+00; 1.0000000000000E+00
 1.7878420490000E+09; 1.0000000000000E+00; 2.0000000000000E+00; 1.2577380000000E+01; 1.9957813000000E+02; 1.8700075000000E+02; 3.0000000000000E+01; 2.0000000000000E+01; 1.0000000000000E+01; 4.0400000000000E-06; 1.0000000000000E+00; 1.2000000000000E-05; 1.2000000000000E+01;                 NAN;                 NAN; 0.0000000000000E+00; 0.0000000000000E+00;-4.4918334268664E+00;-8.9768415318400E+00;                 NAN;                 NAN; 1.0000000000000E+00; 1.0000000000000E+00; 0.0000000000000E+00; 0.0000000000000E+00
 1.7878420500000E+09;                 NAN; 2.0000000000000E+00; 1.2577580000000E+01; 1.9957813000000E+02; 1.8700055000000E+02; 3.0000000000000E+01; 1.0000000000000E+01; 2.0000000000000E+01; 4.0400000000000E-06; 1.0000000000000E+00; 1.2000000000000E-05; 1.2000000000000E+01;                 NAN;                 NAN; 0.0000000000000E+00; 0.0000000000000E+00;                 NAN;                 NAN; 2.9114400000000E+02; 2.9421100000000E+02; 0.0000000000000E+00; 0.0000000000000E+00; 1.0000000000000E+00; 1.0000000000000E+00
 1.7878420510000E+09; 1.0000000000000E+00; 2.0000000000000E+00; 1.2577070000000E+01; 1.9957803000000E+02; 1.8700096000000E+02; 3.0000000000000E+01; 2.0000000000000E+01; 1.0000000000000E+01; 4.0800000000000E-06; 1.0000000000000E+00; 1.2000000000000E-05; 1.1000000000000E+01;                 NAN;                 NAN; 0.0000000000000E+00; 0.0000000000000E+00;-2.2299914978371E+00;-9.0626129389937E+00;                 NAN;                 NAN; 1.0000000000000E+00; 1.0000000000000E+00; 0.0000000000000E+00; 0.0000000000000E+00
 1.7878420520000E+09;                 NAN; 2.0000000000000E+00; 1.2577940000000E+01; 1.9957792000000E+02; 1.8699998000000E+02; 3.0000000000000E+01; 1.0000000000000E+01; 2.0000000000000E+01; 4.0800000000000E-06; 1.0000000000000E+00; 1.2000000000000E-05; 1.1000000000000E+01;                 NAN;                 NAN; 0.0000000000000E+00; 0.0000000000000E+00;                 NAN;                 NAN; 2.9112400000000E+02; 2.9420900000000E+02; 0.0000000000000E+00; 0.0000000000000E+00; 1.0000000000000E+00; 1.0000000000000E+00
 1.7878420530000E+09; 1.0000000000000E+00; 2.0000000000000E+00; 1.2577995000000E+01; 1.9957771500000E+02; 1.8699972000000E+02; 3.0000000000000E+01; 2.0000000000000E+01; 1.0000000000000E+01; 4.0500000000000E-06; 1.0000000000000E+00; 1.2000000000000E-05; 1.1000000000000E+01;                 NAN;                 NAN; 0.0000000000000E+00; 0.0000000000000E+00;-4.4938542889762E+00;-9.0813539130520E+00;                 NAN;                 NAN; 1.0000000000000E+00; 1.0000000000000E+00; 0.0000000000000E+00; 0.0000000000000E+00
 1.7878420540000E+09;                 NAN; 2.0000000000000E+00; 1.2577890000000E+01; 1.9957813000000E+02; 1.8700024000000E+02; 2.0000000000000E+01; 1.0000000000000E+01; 1.0000000000000E+01; 4.0100000000000E-06; 1.0000000000000E+00; 1.2000000000000E-05; 9.0000000000000E+00;                 NAN;                 NAN; 0.0000000000000E+00; 0.0000000000000E+00;                 NAN;                 NAN; 2.9109900000000E+02; 2.9420900000000E+02; 0.0000000000000E+00; 0.0000000000000E+00; 1.0000000000000E+00; 1.0000000000000E+00
 1.7878420550000E+09; 1.0000000000000E+00; 2.0000000000000E+00; 1.2577220000000E+01; 1.9957715000000E+02; 1.8699993000000E+02; 3.0000000000000E+01; 2.0000000000000E+01; 1.0000000000000E+01; 4.0700000000000E-06; 1.0000000000000E+00; 1.2000000000000E-05; 1.1000000000000E+01;                 NAN;                 NAN; 0.0000000000000E+00; 0.0000000000000E+00;-4.6223404987380E+00;-6.9826866738877E+00;                 NAN;                 NAN; 1.0000000000000E+00; 1.0000000000000E+00; 0.0000000000000E+00; 0.0000000000000E+00
 1.7878420560000E+09;                 NAN; 2.0000000000000E+00; 1.2577270000000E+01; 1.9957699000000E+02; 1.8699972000000E+02; 2.0000000000000E+01; 1.0000000000000E+01; 1.0000000000000E+01; 4.1100000000000E-06; 1.0000000000000E+00; 1.2000000000000E-05; 1.0000000000000E+01;                 NAN;                 NAN; 0.0000000000000E+00; 0.0000000000000E+00;                 NAN;                 NAN; 2.9107600000000E+02; 2.9421000000000E+02; 0.0000000000000E+00; 0.0000000000000E+00; 1.0000000000000E+00; 1.0000000000000E+00
 1.7878420570000E+09; 1.0000000000000E+00; 2.0000000000000E+00; 1.2577880000000E+01; 1.9957626000000E+02; 1.8699838000000E+02; 3.0000000000000E+01; 1.0000000000000E+01; 2.0000000000000E+01; 4.1200000000000E-06; 1.0000000000000E+00; 1.2000000000000E-05; 1.2000000000000E+01;                 NAN;                 NAN; 0.0000000000000E+00; 0.0000000000000E+00;-4.4632446314777E+00;-7.6818628348825E+00;                 NAN;                 NAN; 1.0000000000000E+00; 1.0000000000000E+00; 0.0000000000000E+00; 0.0000000000000E+00
 1.7878420580000E+09;                 NAN; 2.0000000000000E+00; 1.2578505000000E+01; 1.9957688500000E+02; 1.8699838000000E+02; 3.0000000000000E+01; 2.0000000000000E+01; 1.0000000000000E+01; 4.1500000000000E-06; 1.0000000000000E+00; 1.2000000000000E-05; 1.1000000000000E+01;                 NAN;                 NAN; 0.0000000000000E+00; 0.0000000000000E+00;                 NAN;                 NAN; 2.9105700000000E+02; 2.9421300000000E+02; 0.0000000000000E+00; 0.0000000000000E+00; 1.0000000000000E+00; 1.0000000000000E+00
 1.7878420590000E+09; 1.0000000000000E+00; 2.0000000000000E+00; 1.2577315000000E+01; 1.9957647000000E+02; 1.8699915500000E+02; 3.0000000000000E+01; 1.0000000000000E+01; 2.0000000000000E+01; 4.1400000000000E-06; 1.0000000000000E+00; 1.2000000000000E-05; 1.1000000000000E+01;                 NAN;                 NAN; 0.0000000000000E+00; 0.0000000000000E+00;-4.4291839063738E+00;-9.0893365699493E+00;                 NAN;                 NAN; 1.0000000000000E+00; 1.0000000000000E+00; 0.0000000000000E+00; 0.0000000000000E+00
 1.7878420600000E+09;                 NAN; 2.0000000000000E+00; 1.2577270000000E+01; 1.9957689000000E+02; 1.8699962000000E+02; 2.0000000000000E+01; 1.0000000000000E+01; 1.0000000000000E+01; 4.1400000000000E-06; 1.0000000000000E+00; 1.2000000000000E-05; 9.0000000000000E+00;                 NAN;                 NAN; 0.0000000000000E+00; 0.0000000000000E+00;                 NAN;                 NAN; 2.9103900000000E+02; 2.9420800000000E+02; 0.0000000000000E+00; 0.0000000000000E+00; 1.0000000000000E+00; 1.0000000000000E+00
 1.7878420610000E+09; 1.0000000000000E+00; 2.0000000000000E+00; 1.2576750000000E+01; 1.9957616000000E+02; 1.8699941000000E+02; 2.0000000000000E+01; 1.0000000000000E+01; 1.0000000000000E+01; 4.1200000000000E-06; 1.0000000000000E+00; 1.2000000000000E-05; 1.1000000000000E+01;                 NAN;                 NAN; 0.0000000000000E+00; 0.0000000000000E+00;-4.6583481840625E+00;-8.5416738940041E+00;                 NAN;                 NAN; 1.0000000000000E+00; 1.0000000000000E+00; 0.0000000000000E+00; 0.0000000000000E+00
 1.7878420620000E+09;                 NAN; 2.0000000000000E+00; 1.2577835000000E+01; 1.9957652500000E+02; 1.8699869000000E+02; 3.0000000000000E+01; 2.0000000000000E+01; 1.0000000000000E+01; 4.0600000000000E-06; 1.0000000000000E+00; 1.2000000000000E-05; 1.1000000000000E+01;                 NAN;                 NAN; 0.0000000000000E+00; 0.0000000000000E+00;                 NAN;                 NAN; 2.9101500000000E+02; 2.9420800000000E+02; 0.0000000000000E+00; 0.0000000000000E+00; 1.0000000000000E+00; 1.0000000000000E+00
 1.7878420630000E+09; 1.0000000000000E+00; 2.0000000000000E+00; 1.2577215000000E+01; 1.9957683500000E+02; 1.8699962000000E+02; 5.0000000000000E+01; 2.0000000000000E+01; 3.0000000000000E+01; 4.2100000000000E-06; 1.0000000000000E+00; 1.2000000000000E-05; 2.1000000000000E+01;                 NAN;                 NAN; 0.0000000000000E+00; 0.0000000000000E+00;-4.7273334042644E+00;-8.1211181576249E+00; 2.9100100000000E+02; 2.9420800000000E+02; 1.0000000000000E+00; 1.0000000000000E+00; 1.0000000000000E+00; 1.0000000000000E+00
 1.7878420640000E+09; 1.0000000000000E+00; 2.0000000000000E+00; 1.2577625000000E+01; 1.9957600500000E+02; 1.8699838000000E+02; 4.0000000000000E+01; 2.0000000000000E+01; 2.0000000000000E+01; 4.0000000000000E-06; 1.0000000000000E+00; 1.2000000000000E-05; 2.0000000000000E+01;                 NAN;                 NAN; 0.0000000000000E+00; 0.0000000000000E+00;-4.2012549583236E+00;-9.1686289083185E+00; 2.9099300000000E+02; 2.9420900000000E+02; 1.0000000000000E+00; 1.0000000000000E+00; 1.0000000000000E+00; 1.0000000000000E+00
